"GSE","Platform","Organism","nSamples","hasTreatmentField","nControl","nAgents","Agents","hasCellLine","hasGenotype","usable","Title"
"GSE100446","GPL18573","Homo sapiens",44,FALSE,0,0,"",TRUE,FALSE,FALSE,"TAF1 is critical for AE driven leukemogenesis"
"GSE100572","GPL18573","Homo sapiens",18,FALSE,0,0,"",TRUE,FALSE,FALSE,"Functional TRIM24 degraders via conjugation of ineffectual bromodomain and VHL ligands [RN"
"GSE100573","GPL18573","Homo sapiens",69,TRUE,24,1,"DTRIM24",TRUE,FALSE,TRUE,"Functional TRIM24 degraders via conjugation of ineffectual bromodomain and VHL ligands"
"GSE100671","GPL10558","Homo sapiens",23,FALSE,0,0,"",FALSE,FALSE,FALSE,"Genome-wide transcriptional analysis of gene expression in leukemic cells exposed to hista"
"GSE100694","GPL18573","Homo sapiens",24,TRUE,16,2,"I-BET151; JQ1",TRUE,FALSE,TRUE,"Ezh2 and Runx1 Mutations Collaborate to Initiate Lympho-Myeloid Leukemia in Early Thymic P"
"GSE100708","GPL16791","Homo sapiens",73,TRUE,32,4,"100µM indole-3-acetic acid, 90 min; 1µM JQ1, 90 min; 5µM JQ1, 90 min; JQ1, 90 min",TRUE,FALSE,TRUE,"SLAM-seq defines direct gene-regulatory functions of the BRD4-MYC axis [SLAM-seq]"
"GSE101380","GPL10558","Homo sapiens",10,TRUE,5,1,"ARV825",TRUE,FALSE,TRUE,"Effect of PROTAC-mediated BRD4 degradation in acute myeloid leukemia [OCI-AML3]"
"GSE101449","GPL10558","Homo sapiens",12,TRUE,6,1,"ARV825",TRUE,FALSE,TRUE,"Effect of PROTAC-mediated BRD4 degradation on bone marrow-derived mesenchymal stromal cell"
"GSE101480","GPL15433","Homo sapiens",6,TRUE,3,1,"NSC-370284",TRUE,FALSE,TRUE,"Targeted inhibition of STAT/TET1 axis as a potent therapeutic strategy for acute myeloid l"
"GSE101757","GPL11154","Homo sapiens",30,TRUE,10,2,"atorvastatin; simvastatin",TRUE,FALSE,TRUE,"Responses of primary AML cells to atorvastatin and simvastatin"
"GSE101784","GPL570","Homo sapiens",4,TRUE,1,1,"albendazole",TRUE,FALSE,FALSE,"Albendazole induces monocytic differentiation in AML cells through modulating KLF4-DPYSL2A"
"GSE101788","GPL11154","Homo sapiens",6,FALSE,0,0,"",TRUE,FALSE,FALSE,"CBFb-SMMHC inhibition triggers apoptosis by disrupting MYC chromatin dynamics in acute mye"
"GSE101791","GPL11154","Homo sapiens",10,FALSE,0,0,"",TRUE,FALSE,FALSE,"CBFb-SMMHC inhibition triggers apoptosis by disrupting MYC chromatin dynamics in acute mye"
"GSE101821","GPL18460","Homo sapiens",87,TRUE,27,7,"BI00894999, ,; BI00894999, , and EX00101218, ,; BI00894999, 1mg/kg,; BI00894999, 1mg/kg, and Flavopiridol, 2.5mg/kg,; EX00101218, ,; Flavopiridol, 2.5mg/kg,",FALSE,FALSE,TRUE,"The novel BETi BI 894999 represses super-enhancer associated transcription and synergizes "
"GSE102243","GPL11154","Homo sapiens",24,TRUE,4,5,"Dina-; FVP-; Palbo-; PHA-; THZ1-",TRUE,FALSE,TRUE,"The CDK7 Inhibitor THZ1 Alters RNA Polymerase Dynamics at the 5’ and 3’ Ends of Genes"
"GSE102730","GPL16791","Homo sapiens",16,TRUE,8,1,"E2",TRUE,TRUE,TRUE,"C/EBPα overexpression overrides epigenetic reprogramming by RUNX1-ETO and RUNX1-EVI1 [RNA-"
"GSE103068","GPL18460","Homo sapiens",36,TRUE,6,3,"BI00894999, ,; BI00894999, , and Volasertib, ,; Volasertib, ,",FALSE,FALSE,TRUE,"Synergistic activity of BET inhibitor BI 894999 with PLK inhibitor volasertib in AML in vi"
"GSE103223","GPL16686","Homo sapiens",9,FALSE,0,0,"",FALSE,FALSE,FALSE,"CD34+ cells from mast cell leukemia and healthy bone marrow"
"GSE103495","GPL15433","Homo sapiens",9,TRUE,0,2,"Ctrl; FTO inhibition",TRUE,FALSE,FALSE,"RNA seq with AML (NB4) cells upon FTO inhibition"
"GSE103497","GPL15433","Homo sapiens",13,TRUE,0,2,"Ctrl; FTO inhibition",TRUE,FALSE,FALSE,"RNA-seq and m6A-seq of AML cells with FTO knockdown or inhibition"
"GSE103510","GPL11154","Homo sapiens",12,TRUE,6,1,"AC-4-130",TRUE,TRUE,TRUE,"Pharmacologic inhibition of STAT5 in AML"
"GSE105161","GPL20301","Homo sapiens",12,TRUE,6,2,"AC220; IMATINIB",TRUE,TRUE,TRUE,"Glutaminolysis is a metabolic dependency in FLT3 ITD Acute Myeloid Leukemia unmasked by FL"
"GSE106579","GPL18573","Homo sapiens",45,TRUE,24,1,"DTRIM24",TRUE,FALSE,TRUE,"Functional TRIM24 degraders via conjugation of ineffectual bromodomain and VHL ligands [RN"
"GSE107071","GPL16791","Homo sapiens",6,TRUE,3,1,"MARK MRT199665",TRUE,FALSE,TRUE,"MEF2C phosphorylation is required for chemotherapy resistance in acute myeloid leukemia [i"
"GSE107073","GPL16791","Homo sapiens",30,TRUE,15,2,"doxycycline; MARK MRT199665",TRUE,FALSE,TRUE,"MEF2C phosphorylation is required for chemotherapy resistance in acute myeloid leukemia"
"GSE109491","GPL18573","Homo sapiens",14,TRUE,2,1,"HG-9-91-01",TRUE,FALSE,TRUE,"LKB1, Salt-Inducible Kinases, and MEF2C are linked dependencies in acute myeloid leukemia "
"GSE109493","GPL18573","Homo sapiens",34,TRUE,6,4,"day 5 after sgLKB1e2 guideRNA infection; day 5 after sgNeg2 guideRNA infection; day 5 after sgSIK3e4 guideRNA infection; HG-9-91-01",TRUE,FALSE,TRUE,"LKB1, Salt-Inducible Kinases, and MEF2C are linked dependencies in acute myeloid leukemia"
"GSE109985","GPL11154","Homo sapiens",9,TRUE,3,2,"BRD0320; BRD0705",TRUE,FALSE,TRUE,"Genome-wide transcriptional profiles for the GSK3α selective inhibitor BRD0507 and for the"
"GSE109986","GPL18573","Homo sapiens",6,TRUE,3,1,"BRD3731",TRUE,FALSE,TRUE,"Genome-wide transcriptional profile for the GSK3β selective inhibitor BRD3731"
"GSE109987","GPL11154","Homo sapiens",9,TRUE,3,2,"BRD0320; BRD0705",TRUE,FALSE,TRUE,"Exploiting an Asp-Glu """"switch"""" in glycogen synthase kinase 3 to design paralog selective"
"GSE111178","GPL18573","Homo sapiens",33,TRUE,9,5,"dTAG-47; Selinexor; sgCD19; sgCD45; sgNPM1c",TRUE,FALSE,TRUE,"Cytoplasmic NPM1 maintains the leukemic state through HOX expression [RNA-seq]  "
"GSE111180","GPL18573","Homo sapiens",47,TRUE,12,5,"dTAG-47; Selinexor; sgCD19; sgCD45; sgNPM1c",TRUE,FALSE,TRUE,"Cytoplasmic NPM1 maintains the leukemic state through HOX expression"
"GSE111463","GPL16791","Homo sapiens",106,TRUE,39,5,"100µM indole-3-acetic acid, 60 min; 100µM indole-3-acetic acid, 90 min; 1µM JQ1, 90 min; 5µM JQ1, 90 min; JQ1, 90 min",TRUE,FALSE,TRUE,"SLAM-seq defines direct gene-regulatory functions of the BRD4-MYC axis"
"GSE111949","GPL11154","Homo sapiens",4,TRUE,2,1,"APTO-253",TRUE,FALSE,TRUE,"Differential expression analysis from MV4-11 cells treated with or without APTO-253 for 6 "
"GSE113041","GPL18573","Homo sapiens",32,TRUE,4,1,"dBRD9",TRUE,FALSE,TRUE,"A non-canonical SWI/SNF complex underlies synthetic lethality in cancers driven by BAF com"
"GSE113042","GPL18573","Homo sapiens",75,TRUE,8,1,"dBRD9",TRUE,FALSE,TRUE,"A non-canonical SWI/SNF complex underlies synthetic lethality in cancers driven by BAF com"
"GSE114320","GPL11154","Homo sapiens",16,TRUE,8,1,"Ro 08-2750",TRUE,FALSE,TRUE,"Effect of Ro 08-2750 treatment on gene expression of human leukemia cell lines MOLM13 and "
"GSE114558","GPL20301","Homo sapiens",39,TRUE,8,4,"CRISPER sgRBM39; CRISPER sgRosa; E7107; E7820",TRUE,TRUE,TRUE,"Targeting an RNA-binding Protein Splicing Network in Acute Myeloid Leukemia"
"GSE115121","GPL18573","Homo sapiens",19,FALSE,0,0,"",TRUE,FALSE,FALSE,"TAF1 is critical for AE driven leukemogenesis [RNA-seq]"
"GSE116187","GPL20301","Homo sapiens",12,FALSE,0,0,"",TRUE,FALSE,FALSE,"Homolog-selective degradation as a strategy to probe the function of CDK6 in AML"
"GSE116432","GPL16791","Homo sapiens",26,TRUE,5,6,"Dexamethasone -; Quizartinib; Quizartinib -; Quizartinib - 5d; Quizartinib + Dexmethasone -; Quizartinib + Dexmethasone - 5d",TRUE,FALSE,TRUE,"Glucocorticoids enhance the anti-leukemic activity of FLT3 inhibitors in FLT3 mutant acute"
"GSE117865","GPL16791","Homo sapiens",7,TRUE,0,1,"N/",TRUE,FALSE,FALSE,"DOT1L inhibition reveals a distinct class of enhancers dependent upon H3K79 methylation"
"GSE118565","GPL18573","Homo sapiens",18,TRUE,3,5,"1 μM doxorubicin; 1 μM doxorubicin, I-BET151; CX-5461; CX-5461, I-BET151; I-BET151",FALSE,FALSE,TRUE,"mRNA gene expression profiling in a human AML cell line treated with small molecule inhibi"
"GSE120221","GPL21290","Homo sapiens",25,FALSE,0,0,"",TRUE,FALSE,FALSE,"Human Bone Marrow Assessment by Single Cell RNA Sequencing, Mass Cytometry and Flow Cytome"
"GSE120715","GPL11154","Homo sapiens",88,FALSE,0,0,"",TRUE,FALSE,FALSE,"Quantitative analysis of bi-modal binding of BET proteins at promoters predicts I-BET sens"
"GSE121175","GPL570","Homo sapiens",6,TRUE,3,1,"HHT",TRUE,FALSE,TRUE,"Homoharringtonine deregulates MYC transcriptional expression by directly binding NF-κB rep"
"GSE121272","GPL16791","Homo sapiens",15,TRUE,3,2,"AC220; NCGC1481",FALSE,FALSE,TRUE,"Gene expression profile of a FLT3-ITD acute myeloid leukemia cell line treated with FLT3 i"
"GSE121291","GPL16043","Homo sapiens",30,TRUE,6,4,"FLAVO; JQ1; NVP2; SY-1365",TRUE,FALSE,TRUE,"SY-1365, a covalent, first in-class CDK7 inhibitor for cancer treatment (microarray mRNA)"
"GSE121425","GPL18573","Homo sapiens",12,TRUE,6,1,"GSK-LSD1",TRUE,FALSE,TRUE,"LSD1 pharmacological inhibition in SET-2 containing wild type and mutant LSD1 [RNA-Seq]"
"GSE121426","GPL18573","Homo sapiens",32,TRUE,16,1,"GSK-LSD1",TRUE,FALSE,TRUE,"LSD1 pharmacological inhibition in SET-2 containing wild type and mutant LSD1"
"GSE121431","GPL11154","Homo sapiens",2,FALSE,0,0,"",FALSE,FALSE,FALSE,"SY-1365, a covalent, first in-class CDK7 inhibitor for cancer treatment"
"GSE122428","GPL570","Homo sapiens",12,TRUE,3,3,"azacitidine; BAY1436032; BAY1436032 +azacitidine",FALSE,FALSE,TRUE,"Gene expression changes induced by hypomethylating agent, Azacitidine (AZA) ; IDH1 inhibit"
"GSE123207","GPL570","Homo sapiens",16,TRUE,8,1,"AZA",TRUE,FALSE,TRUE,"Azacitidine treated AML cells reveals highly variable cell surface proteome remodeling [Af"
"GSE123211","GPL570","Homo sapiens",16,TRUE,8,1,"AZA",TRUE,FALSE,TRUE,"Azacitidine treated AML cells reveals highly variable cell surface proteome remodeling"
"GSE123287","GPL11154","Homo sapiens",4,TRUE,2,1,"JSH-009",TRUE,TRUE,TRUE,"Targeting Transcriptional Addiction by a Novel Highly Selective CDK9 Kinase Inhibitor for "
"GSE124963","GPL18573","Homo sapiens",15,TRUE,5,3,"DHE; GFP IVT RNA; NR4A1 IVT RNA",TRUE,FALSE,TRUE,"Suppression of oncogenic super enhancers in MYC-dependent AMLs by NR4A Nuclear Receptors"
"GSE125112","GPL16791","Homo sapiens",96,TRUE,24,12,"552A_Day2_n1; 552A_Day2_n2; 552A_Day4_n1; 552A_Day4_n2; ATRA_Day2_n1; ATRA_Day2_n2",TRUE,FALSE,TRUE,"Lysine specific demethylase 1 inactivation enhances differentiation and promotes cytotoxic"
"GSE125403","GPL20301","Homo sapiens",26,TRUE,4,7,"Day 6 post sgCLPB#1 transduction; Day 6 post sgCLPB#2 transduction; Day 6 post sgRosa transduction; Day 8 post sgCLPB#1 transduction; Day 8 post sgCLPB#2 transduction; Day 8 post sgRosa transduction",TRUE,FALSE,TRUE,"Targeting mitochondrial structure sensitizes AML to Venetoclax"
"GSE125437","GPL16791","Homo sapiens",305,TRUE,101,5,"BAY-1251152; BAY-155; Brequinar; EPZ-5676; OTX015",TRUE,FALSE,TRUE,"Functional diversity of inhibitors tackling the differentiation arrest of MLL-rearranged l"
"GSE125719","GPL11154","Homo sapiens",8,TRUE,4,1,"LSD1",TRUE,FALSE,TRUE,"Transcriptomic analysis of LSD1i-sensitive and resistant AML cells"
"GSE126439","GPL16686","Homo sapiens",4,TRUE,0,1,"H4 molecule",TRUE,FALSE,FALSE,"Expression data of AML cells treated with out without H4"
"GSE126486","GPL16791","Homo sapiens",6,FALSE,0,0,"",TRUE,FALSE,FALSE,"Genome-wide CRISPR-Cas9 screen identifies druggable synthetic lethality between LSD1 and M"
"GSE126895","GPL11154","Homo sapiens",66,TRUE,33,1,"Etoposide",TRUE,FALSE,TRUE,"Drivers of topoisomerase II poisoning mimic and complement cytotoxicity in AML cells"
"GSE126933","GPL23227","Homo sapiens",16,TRUE,4,3,"GSI; TKI; TKI+GSI",TRUE,FALSE,TRUE,"Combinatorial inhibition of Notch and FLT3 exerts synergistic cytotoxic effects in FLT3/IT"
"GSE127298","GPL11154","Homo sapiens",224,TRUE,112,1,"VTP-50469",FALSE,FALSE,TRUE,"A novel Menin-MLL inhibitor induces specific chromatin changes and eradicates disease in m"
"GSE128103","GPL18641","Homo sapiens",15,FALSE,0,0,"",TRUE,FALSE,FALSE,"Differential gene expression in leukemic blasts and leukemic stem cells (LSC) sorted from "
"GSE128529","GPL9115","Homo sapiens",4,TRUE,0,1,"not",TRUE,TRUE,FALSE,"Targeting the scaffolding role of LSD1(KDM1A) poises acute myeloid leukemia cells for Reti"
"GSE128530","GPL9115","Homo sapiens",23,TRUE,4,5,"MC_2580; MC_2580 + RA; not; Not; RA",TRUE,TRUE,TRUE,"Targeting the scaffolding role of LSD1(KDM1A) poises acute myeloid leukemia cells for Reti"
"GSE128837","GPL9052","Homo sapiens",32,FALSE,0,0,"",TRUE,FALSE,FALSE,"The hematopoietic master transcription factor PU.1 requires its interaction with the SWI/S"
"GSE128950","GPL20301","Homo sapiens",12,TRUE,6,1,"ASLAN003",TRUE,FALSE,TRUE,"RNA-seq analysis of AML cells in response to ASLAN003"
"GSE129449","GPL16791","Homo sapiens",12,TRUE,3,3,"CDKI-73; JQ1; JQ1 + CDKI-73",TRUE,FALSE,TRUE,"Transcriptomic profiling of MLL-r AML PDX cells treated with CDKI-73 and/or JQ1"
"GSE129637","GPL18573","Homo sapiens",36,TRUE,0,1,"VTP50469",TRUE,FALSE,FALSE,"MLL-Menin inhibition reverses pre-leukemic progenitor self-renewal induced by NPM1c mutati"
"GSE129638","GPL18573","Homo sapiens",48,TRUE,6,2,"VTP-50469; VTP50469",TRUE,FALSE,TRUE,"MLL-Menin inhibition reverses pre-leukemic progenitor self-renewal induced by NPM1c mutati"
"GSE129698","GPL18573","Homo sapiens",24,TRUE,12,1,"Entospletinib",TRUE,FALSE,TRUE,"Resistance mechanisms to SYK inhibition in AML"
"GSE129862","GPL18573","Homo sapiens",4,TRUE,2,1,"YKL-05-099",TRUE,FALSE,TRUE,"Chemical Inhibition of Salt-Inducible Kinase as Therapeutic Strategy in Acute Myeloid Leuk"
"GSE129863","GPL18573","Homo sapiens",12,TRUE,6,1,"YKL-05-099",TRUE,FALSE,TRUE,"Chemical Inhibition of Salt-Inducible Kinase as Therapeutic Strategy in Acute Myeloid Leuk"
"GSE130140","GPL16791","Homo sapiens",5,FALSE,0,0,"",TRUE,FALSE,FALSE,"Cancer-specific CTCF binding facilitates oncogenic transcriptional dysregulation"
"GSE131147","GPL16791","Homo sapiens",12,TRUE,6,1,"tagraxofusp",TRUE,FALSE,TRUE,"Gene expression changes associated with resistance to tagraxofusp (SL-401)"
"GSE131358","GPL16791","Homo sapiens",12,TRUE,4,2,"SD36; SD36Me",TRUE,FALSE,TRUE,"A potent and selective small-molecule degrader of STAT3 achieves complete tumor regression"
"GSE131592","GPL18573","Homo sapiens",96,TRUE,48,1,"Daunorubicin",TRUE,FALSE,TRUE,"Transcriptional consequences of wild-type and missense mutant p53 in isogenic human acute "
"GSE132244","GPL10999","Homo sapiens",12,TRUE,3,3,"CPI-203; CPI-203 + Nutlin-3a; Nutlin-3a",FALSE,FALSE,TRUE,"Deep sequencing of an AML cell line treated with vehicle control, BETi, MDM2i, or a drug c"
"GSE132245","GPL18573","Homo sapiens",24,TRUE,6,3,"CPI-203; CPI-203 + Nutlin-3a; Nutlin-3a",FALSE,FALSE,TRUE,"Deep sequencing of an AML cell line, with and without p53, treated with vehicle control, B"
"GSE132396","GPL11154","Homo sapiens",2,FALSE,0,0,"",FALSE,FALSE,FALSE,"Epigenetic regulator genes direct the fate of multipotent precursor cell of origin in line"
"GSE132407","GPL18573","Homo sapiens",16,FALSE,0,0,"",TRUE,FALSE,FALSE,"PRMT5-mediated histone arginine methylation antagonizes transcriptional repression by poly"
"GSE132584","GPL18573","Homo sapiens",12,TRUE,6,1,"doxycycline",TRUE,FALSE,TRUE,"TFEB-induced gene expression changes in AML cells [RNA-seq]"
"GSE132587","GPL18573","Homo sapiens",36,TRUE,18,1,"doxycycline",TRUE,FALSE,TRUE,"TFEB-induced gene expression, 5hmC and 5mC changes in AML cells"
"GSE133112","GPL16791","Homo sapiens",9,TRUE,6,1,"FX1",TRUE,TRUE,TRUE,"BCL6 mediates Chemoresistance in Acute Myeloid Leukemia"
"GSE134506","GPL11154","Homo sapiens",12,TRUE,0,4,"Doxorubicin; Doxorubicin + Cytarabine; Doxorubicin + Cytarabine + Decitabine; No",TRUE,FALSE,FALSE,"Lineage tracing of acute myeloid leukemia reveals the impact of hypomethylating agents on "
"GSE134716","GPL570","Homo sapiens",28,FALSE,0,0,"",TRUE,FALSE,FALSE,"Expression array of DNMT1 inhibitor treated AML cell lines"
"GSE134742","GPL570","Homo sapiens",16,TRUE,6,3,"DAC; GSK3484862; GSK3510477",FALSE,FALSE,TRUE,"Expression array of DNMT1 inhibitor treated 3 AML cell lines"
"GSE135207","GPL21145","Homo sapiens",65,TRUE,19,3,"GSK032; GSK477; GSK862",TRUE,FALSE,TRUE,"Expression profiling and methylation analysis of DNMT1 inhibitor treated AML cell lines"
"GSE135378","GPL24676","Homo sapiens",156,TRUE,24,4,"DAC; GSK032; GSK477; GSK862",TRUE,FALSE,TRUE,"RNA-seq of DNMT1 inhibitor treated AML cell lines"
"GSE136032","GPL16791","Homo sapiens",8,TRUE,2,3,"tedizolid; venetoclax; venetoclax + tedizolid",TRUE,FALSE,TRUE,"Effect of venetoclax, tedizolid, and combination treatment on gene expression in a venetoc"
"GSE136204","GPL11154","Homo sapiens",16,FALSE,0,0,"",TRUE,FALSE,FALSE,"Effective FTO inhibitors with potent anti-tumor efficacy suppress cancer stem/initiating c"
"GSE136884","GPL20301","Homo sapiens",18,TRUE,9,1,"Stanniocalcin 1",FALSE,FALSE,TRUE,"The impact of stanniocalcin 1 on the transcriptome of human cord blood stem/progenitors"
"GSE137429","GPL18573","Homo sapiens",10,FALSE,0,0,"",FALSE,TRUE,FALSE,"Single Cell sequencing analysis of Bone Marrow samples"
"GSE137574","GPL17586","Homo sapiens",24,TRUE,12,1,"Kevetrin- cells after culture",FALSE,FALSE,TRUE,"Kevetrin induces apoptosis in TP53 wild-type and mutant acute myeloid leukemia cells"
"GSE137934","GPL16791","Homo sapiens",4,TRUE,2,1,"Licochalcone",TRUE,FALSE,TRUE,"Licochalcone A suppresses the proliferation of sarcoma HT-1080 cells, as a selective R132C"
"GSE138057","GPL20301","Homo sapiens",6,TRUE,3,1,"22d",TRUE,FALSE,TRUE,"FLT3 inhibition upregulates HDAC8 via FOXO to inactivate p53 and promote maintenance of FL"
"GSE138209","GPL18573","Homo sapiens",66,FALSE,0,0,"",TRUE,FALSE,FALSE,"Selective therapeutic targeting of the first and second bromodomains of the BET proteins i"
"GSE138210","GPL18573","Homo sapiens",161,FALSE,0,0,"",TRUE,FALSE,FALSE,"Selective therapeutic targeting of the first and second bromodomains of the BET proteins i"
"GSE138340","GPL16791","Homo sapiens",7,FALSE,0,0,"",FALSE,FALSE,FALSE,"Differential expression analysis of primary AML cells treated with AC220 vs DMSO in endoth"
"GSE139908","GPL16791","Homo sapiens",14,TRUE,0,2,"no drug , sample intact PDXK; no drug , sample PDXK knock-out",TRUE,FALSE,FALSE,"Vitamin B6 addiction in acute myeloid leukemia"
"GSE14","GPL4","Mus musculus",280,FALSE,0,0,"",TRUE,FALSE,FALSE,"Cancer Genome Anatomy Project (CGAP) SAGE Libraries"
"GSE142765","GPL18573","Homo sapiens",25,FALSE,0,0,"",TRUE,FALSE,FALSE,"PRMT5-mediated histone arginine methylation antagonizes transcriptional repression by poly"
"GSE144326","GPL21290","Homo sapiens",24,TRUE,8,2,"ABBV-075; ABBV-744",TRUE,FALSE,TRUE,"Selective inhibition of the second bromodomain of BET family proteins results in robust an"
"GSE144638","GPL23159","Homo sapiens",28,TRUE,14,1,"Pinometostat",FALSE,TRUE,TRUE,"Expression data from human AML cell lines"
"GSE144759","GPL20301","Homo sapiens",24,FALSE,0,0,"",TRUE,FALSE,FALSE,"Synergistic Targeting of FLT3 Mutations in AML via Combined Menin-MLL and FLT3 Inhibition"
"GSE144959","GPL16791","Homo sapiens",12,TRUE,0,1,"ActD",TRUE,FALSE,FALSE,"Sequencing of mRNA in AML cells upon ALKBH5 knockdown and actinomycin D treatment for diff"
"GSE144968","GPL16791","Homo sapiens",8,FALSE,0,0,"",TRUE,FALSE,FALSE,"Sequencing of mRNA in AML cells upon ALKBH5 knockdown"
"GSE144984","GPL16791","Homo sapiens",28,TRUE,0,1,"ActD",TRUE,FALSE,FALSE,"ALKBH5 regulates AML development and LSC as an m6A eraser"
"GSE145061","GPL16791","Homo sapiens",10,TRUE,5,1,"AraC",FALSE,FALSE,TRUE,"Acute myeloid leukemia cells resist chemotherapy through a transient senescence-like state"
"GSE145106","GPL21290","Homo sapiens",14,TRUE,4,2,"INCB059872; none",TRUE,FALSE,TRUE,"RNA-seq of MV-4-11 or THP-1 cells treated with LSD1 inhibitor INCB059872"
"GSE145285","GPL11154","Homo sapiens",8,TRUE,4,1,"CTX-034",FALSE,FALSE,TRUE,"Small-molecule inhibition of PRMT5 activates p53 in erythropoiesis through perturbation of"
"GSE145410","GPL24676","Homo sapiens",8,TRUE,2,3,"AZA; INCB059872; INCB059872+AZA",FALSE,FALSE,TRUE,"Single-cell RNA-seq of AML patient bone marrow treated with INCB059872, azacitidine, or co"
"GSE146362","GPL17586","Homo sapiens",36,TRUE,6,5,"ATO; ATO_ATRA; ATRA; JQ1; OTX015",TRUE,FALSE,TRUE,"Comprehensive comparison and biologic activity of novel therapeutic agents in NPM1 mutated"
"GSE146503","GPL24676","Homo sapiens",15,TRUE,3,4,"Azacitidine; BAY1436032; BAY1436032+Azacitidine sequential; BAY1436032+Azacitidine simultaneous",TRUE,FALSE,TRUE,"Gene expression changes induced by hypomethylating agent, Azacitidine (AZA); IDH1 inhibito"
"GSE146504","GPL21145","Homo sapiens",15,TRUE,3,4,"Azacitidine; BAY1436032; BAY1436032+Azacitidine sequential; BAY1436032+Azacitidine simultaneous",TRUE,FALSE,TRUE,"DNA methylation and gene expression changes induced by hypomethylating agent, Azacitidine "
"GSE146544","GPL16791","Homo sapiens",25,TRUE,11,3,"AraC; PDX models were AraC 5 consecutive days 60 mg/kg and harvested on day 29; PDX models were AraC 5 consecutive days 60 mg/kg and harvested on day 8",FALSE,FALSE,TRUE,"Acute myeloid leukemia cells resist chemotherapy through a transient senescence-like state"
"GSE146590","GPL20301","Homo sapiens",2,TRUE,1,0,"",FALSE,FALSE,FALSE,"Acute myeloid leukemia cells resist chemotherapy through a transient senescence-like state"
"GSE147510","GPL24676","Homo sapiens",2,TRUE,1,0,"",TRUE,FALSE,FALSE,"Opioid receptor signaling suppresses leukemia by inducing TET-dependent DNA demethylation "
"GSE147511","GPL24676","Homo sapiens",6,TRUE,3,1,"2 μM OPA1",TRUE,FALSE,TRUE,"Opioid agonists as potential AML therapy"
"GSE147534","GPL18573","Homo sapiens",4,TRUE,2,0,"",TRUE,FALSE,FALSE,"Selective inhibition of the second bromodomain of BET family proteins results in robust an"
"GSE148018","GPL16791","Homo sapiens",6,TRUE,3,1,"OSU-2S",TRUE,FALSE,TRUE,"PP2A dependent modulation of c-Myc and p21 leads to differentiation and cell cycle control"
"GSE148094","GPL26070","Homo sapiens",6,FALSE,0,0,"",TRUE,TRUE,FALSE,"AMPK activation enhances apoptotic priming and BCL2 dependence via PERK phosphorylation"
"GSE149049","GPL24676","Homo sapiens",12,TRUE,3,1,"Gilteritinib",FALSE,FALSE,TRUE,"Transcriptomic effects of combination Menin-MLL1 inhibition and FLT3 inhibition on human A"
"GSE149520","GPL11154","Homo sapiens",16,FALSE,0,0,"",TRUE,FALSE,FALSE,"RNA-seq analysis of human KMT2A rearranged Molm14 AML cell line treated with DOT1L and/or "
"GSE149548","GPL23159","Homo sapiens",18,TRUE,9,1,"Denatonium-",TRUE,FALSE,TRUE,"Denatonium as a bitter taste receptor agonist modifies transcriptomic profile and function"
"GSE150554","GPL18573","Homo sapiens",8,TRUE,2,3,"MS67; MS67N; OICR-9429",TRUE,FALSE,TRUE,"A selective WDR5 degrader inhibits acute myeloid leukemia in patient-derived mouse models["
"GSE150555","GPL18573","Homo sapiens",17,TRUE,6,3,"MS67; MS67N; OICR-9429",TRUE,FALSE,TRUE,"A selective WDR5 degrader inhibits acute myeloid leukemia in patient-derived mouse models"
"GSE150857","GPL20301","Homo sapiens",6,TRUE,0,3,"non-targeting control shRNA; shLIMK1_1; shLIMK1_2",TRUE,FALSE,FALSE,"Requirement for LIM kinases in acute myeloid leukemia"
"GSE151576","GPL16791","Homo sapiens",26,TRUE,0,7,"luc_WT; luc_Y2533A; sh988; sh993; shEV; W2554G",TRUE,FALSE,FALSE,"Histone H3 Lys27 trimethylation readout by a BAH domain of BAHCC1 directs gene silencing ["
"GSE151594","GPL24676","Homo sapiens",30,TRUE,4,4,"ATRA; ATRA+TCP; Baseline; TCP",TRUE,FALSE,TRUE,"Phase I Dose Escalation Study of ATRA Combined with the LSD1 inhibitor Tranylcypromine in "
"GSE152096","GPL20795","Homo sapiens",22,FALSE,0,0,"",TRUE,FALSE,FALSE,"Subtype-Specific and Structure Variation-Induced Chromatin Spatial Reorganization in Acute"
"GSE152136","GPL20301","Homo sapiens",16,FALSE,0,0,"",TRUE,FALSE,FALSE,"Subtype-Specific and Structure Variation-Induced Chromatin Spatial Reorganization in Acute"
"GSE152258","GPL24676","Homo sapiens",11,TRUE,5,1,"Decitabine",TRUE,FALSE,TRUE,"Non-canonical immune response to inhibition of DNA methylation via stabilization of dsRNAs"
"GSE152441","GPL24676","Homo sapiens",24,FALSE,0,0,"",TRUE,FALSE,FALSE,"Effect of folic acid deprivation on on transcriptome upon OTX treatment"
"GSE152442","GPL20301","Homo sapiens",24,TRUE,0,3,"ChIP using anti-H3K27me3 antibody; ChIP using anti-H3K9me2 antibody; sonicated Input chromatin",TRUE,FALSE,FALSE,"The Folate Cycle Enzyme MTHFR is a Critical Regulator of Cell Response to MYC-Targeting Th"
"GSE15309","GPL4","Homo sapiens",327,FALSE,0,0,"",TRUE,FALSE,FALSE,"Cancer Genome Anatomy Project (CGAP) Human SAGE"
"GSE153264","GPL18573","Homo sapiens",12,TRUE,4,1,"dTAG-47",TRUE,FALSE,TRUE,"Definition of a Small Core Transcriptional Circuit Regulated by AML1-ETO [RNA-seq]"
"GSE153853","GPL24676","Homo sapiens",4,FALSE,0,0,"",TRUE,FALSE,FALSE,"Effect of cabozantinib on transcriptome and signaling pathways in leukemic cell line Kasum"
"GSE153854","GPL24676","Homo sapiens",3,FALSE,0,0,"",TRUE,FALSE,FALSE,"Effect of pyrvinium pamoate on transcriptome and signaling pathways in FLT3-ITD acute leuk"
"GSE154570","GPL18573","Homo sapiens",40,TRUE,6,1,"PDS",TRUE,TRUE,TRUE,"Control of cellular translation by endogenous RNA G-quadruplex structures"
"GSE155559","GPL18573","Homo sapiens",8,TRUE,4,1,"Tamibarotene",TRUE,FALSE,TRUE,"Global RNA-sequencing of a pediatric AML primary sample treated with Tamibarotene or vehic"
"GSE155592","GPL18573","Homo sapiens",38,TRUE,4,1,"Tamibarotene",TRUE,FALSE,TRUE,"Defining the Transcriptional Control of Pediatric AML Highlights RARA as a Super-Enhancer "
"GSE155640","GPL23159","Homo sapiens",42,TRUE,18,2,"LSD1 OG86; NTR LSD1",TRUE,FALSE,TRUE,"Expression data from THP1-wt and THP1-NTR+ cells with LSD1 inhibitor (OG86), Nitroreductas"
"GSE156182","GPL23159","Homo sapiens",24,FALSE,0,0,"",TRUE,FALSE,FALSE,"Pharmacological inhibition of WIP1 sensitizes acute myeloid leukemia cells to MDM2 inhibit"
"GSE156947","GPL24247","Mus musculus",4,TRUE,2,1,"WM-1119",TRUE,FALSE,TRUE,"Transcriptional profiling of cells following WM-1119 treatment"
"GSE157298","GPL18573","Homo sapiens",49,TRUE,18,3,"SR1; UM171; UM171 and Dexamethasone",TRUE,FALSE,TRUE,"A novel CULLIN3-KBTBD4 ligase complex controls the epigenetic marks that mediate human hem"
"GSE157633","GPL18573","Homo sapiens",10,TRUE,5,1,"Four hour post dTAG-47",TRUE,FALSE,TRUE,"Gene expression change after targeted degradation of ZMYND8 or IRF8"
"GSE157634","GPL18573","Homo sapiens",5,FALSE,0,0,"",FALSE,FALSE,FALSE,"Gene expression in primary AML patients"
"GSE157636","GPL18573","Homo sapiens",105,TRUE,37,4,"/; Four hour dTAG-47; Four hour JQ1; Four hour post dTAG-47",TRUE,FALSE,TRUE,"ZMYND8 is potential selective therapeutic target for modulating the IRF8/MYC transcription"
"GSE158103","GPL23159","Homo sapiens",18,TRUE,6,2,"HDM201; RG7112",TRUE,TRUE,TRUE,"Targeting MDM2-induced p53 upregulation to enhance anti-leukemia immunity post allogeneic "
"GSE158296","GPL21697","Homo sapiens",12,TRUE,2,5,"BI_9321; MS9715; MS9715N; sgEV; sgNSD3",TRUE,FALSE,TRUE,"An NSD3-targeting PROTAC (Proteolysis Targeting Chimeric) suppresses the NSD3 and cMyc onc"
"GSE158738","GPL16791","Homo sapiens",6,TRUE,3,1,"C646",TRUE,FALSE,TRUE,"Inhibition of CBP synergizes with the RNA-dependent mechanisms of azacitidine by limiting "
"GSE160531","GPL18573","Homo sapiens",24,TRUE,3,6,"G9a shRNA #2; G9a shRNA #3; Scrambled shRNA; SUV39H1 shRNA #2; SUV39H1 shRNA #4; UNC0638",TRUE,FALSE,TRUE,"H3K9 dimethylation safeguards cancer cells against activation of the Interferon pathway [R"
"GSE161397","GPL20301","Homo sapiens",20,TRUE,5,3,"AR-42; Combination; KPT-9274",TRUE,FALSE,TRUE,"HDAC8i/NAMPTi combination on the transcriptomes of leukemia initiating cells of AML patien"
"GSE162592","GPL18573","Homo sapiens",9,TRUE,3,2,"1 microM SR-0813; 10 microM SR-0813",TRUE,FALSE,TRUE,"Chemical inhibition of ENL/AF9 YEATS domains in acute leukemia [RNA-Seq]"
"GSE162593","GPL18573","Homo sapiens",13,TRUE,5,2,"1 microM SR-0813; 10 microM SR-0813",TRUE,FALSE,TRUE,"Chemical inhibition of ENL/AF9 YEATS domains in acute leukemia"
"GSE163305","GPL18573","Homo sapiens",6,TRUE,3,1,"GSK591",TRUE,FALSE,TRUE,"Transcriptomic Profile of OCI-AML-20 Cell Line in response to PRMT5 inhibition"
"GSE163802","GPL18573","Homo sapiens",32,TRUE,7,4,"CDK9i; CDK9i + DBK-1154 10µM 15 minutes; DBK-1154 10µM 15 minutes; LPS 1µg/mL",TRUE,TRUE,TRUE,"A PP2A-Integrator complex fine-tunes transcription by opposing CDK9 [3UTR-seq]"
"GSE163803","GPL18573","Homo sapiens",12,TRUE,4,1,"CDK9i , 500µM 4-thiouridine final 30 minutes",TRUE,TRUE,TRUE,"A PP2A-Integrator complex fine-tunes transcription by opposing CDK9 [4sU-seq]"
"GSE163805","GPL18573","Homo sapiens",70,TRUE,22,5,"CDK9i; CDK9i , 500µM 4-thiouridine final 30 minutes; CDK9i + DBK-1154 10µM 15 minutes; DBK-1154 10µM 15 minutes; LPS 1µg/mL",TRUE,TRUE,TRUE,"A PP2A-Integrator complex fine-tunes transcription by opposing CDK9"
"GSE164437","GPL24676","Homo sapiens",15,TRUE,3,4,"3microM 3-7 compound; 5microM 3-7 compound; 5microM 3-7 compound + 5microM olaparib; 5microM olaparib",TRUE,FALSE,TRUE,"RNA Sequencing Analysis of control vs KDM4Ai treated cells as a monotherapy or in combinat"
"GSE164559","GPL9115","Homo sapiens",10,TRUE,2,2,"LSD1 MC2580; transduction",TRUE,FALSE,TRUE,"LSD1 inhibitors trigger myeloid differentiation by targeting the LSD1-GSE1 interaction on "
"GSE165736","GPL16791","Homo sapiens",6,FALSE,0,0,"",TRUE,FALSE,FALSE,"Valine tRNA biogenesis and bioavailability regulates mitochondrial complex I levels in acu"
"GSE166591","GPL24676","Homo sapiens",24,TRUE,12,1,"GEX1A,",TRUE,FALSE,TRUE,"Molecular mechanisms by which splice modulator GEX1A inhibits leukemia development and pro"
"GSE167005","GPL20301","Homo sapiens",16,TRUE,4,5,"EVI1 shRNA #2531; EVI1 shRNA #2532; non-targeting shRNA; olaparib; talazoparib",TRUE,FALSE,TRUE,"Identification of therapeutic targets of the hijacked super-enhancer complex in EVI1-rearr"
"GSE167163","GPL16791","Homo sapiens",38,FALSE,0,0,"",TRUE,TRUE,FALSE,"Acute resistance to BET inhibitors remodels compensatory transcriptional programmes via p3"
"GSE168462","GPL18573","Homo sapiens",61,TRUE,14,8,"50mpk lenalidomide; CC220; CC220 and VTP50469 combo; lenalidomide; lenalidomide and VTP50469 combo; VTP50469",TRUE,FALSE,TRUE,"IKAROS and MENIN are Functionally Cooperative Therapeutic Targets in Acute Myeloid Leukemi"
"GSE168463","GPL18573","Homo sapiens",87,TRUE,18,8,"50mpk lenalidomide; CC220; CC220 and VTP50469 combo; lenalidomide; lenalidomide and VTP50469 combo; VTP50469",TRUE,FALSE,TRUE,"IKAROS and MENIN are Functionally Cooperative Therapeutic Targets in Acute Myeloid Leukemi"
"GSE168648","GPL20301","Homo sapiens",2,TRUE,2,0,"",TRUE,FALSE,FALSE,"Unleashing cell-intrinsic inflammation as a strategy to kill AML blasts [RNA-seq]"
"GSE168649","GPL20301","Homo sapiens",2,TRUE,2,0,"",TRUE,FALSE,FALSE,"Unleashing cell-intrinsic inflammation as a strategy to kill AML blasts"
"GSE168780","GPL16686","Homo sapiens",15,FALSE,0,0,"",TRUE,FALSE,FALSE,"Gene expression data for BET inhibitors"
"GSE172189","GPL24676","Homo sapiens",16,TRUE,4,4,"AraC-; MK2206-; STL-; Venet-",TRUE,FALSE,TRUE,"FOXM1-AKT positive regulation loop provides venetoclax resistance in AML"
"GSE172333","GPL13112","Mus musculus",20,TRUE,0,2,"Brequinar; N/",FALSE,FALSE,FALSE,"A myeloid maturation program initiated by nucleotide depletion during S phase [RNA-Seq]"
"GSE172335","GPL13112","Mus musculus",20,TRUE,0,2,"Brequinar; N/",FALSE,FALSE,FALSE,"Nucleotide depletion promotes cell fate transitions by inducing DNA replication stress"
"GSE173531","GPL24676","Homo sapiens",10,TRUE,2,1,"TFMB-2HG",TRUE,FALSE,TRUE,"Lysine acetylation restricts mutant IDH2 activity to optimize transformation in AML cells"
"GSE173995","GPL18573","Homo sapiens",25,TRUE,7,1,"IOX1",TRUE,FALSE,TRUE,"Efficient Elimination of Acute Myeloid Leukaemia Cells through Inhibition of KDM4A"
"GSE175507","GPL20301","Homo sapiens",36,TRUE,9,3,"all-trans retinoic acid; all-trans retinoic acid + trichostatin; trichostatin",TRUE,FALSE,TRUE,"Acute myeloid leukemia cell line RNA-Seq"
"GSE175596","GPL18573","Homo sapiens",15,TRUE,6,1,"0.1percent VTP50469 chow",TRUE,FALSE,TRUE,"The MLL-Menin interaction is a molecular dependency in NUP98-rearranged AML [RNA-Seq]"
"GSE175597","GPL18573","Homo sapiens",15,TRUE,6,1,"0.1percent VTP50469 chow",TRUE,FALSE,TRUE,"The MLL-Menin interaction is a molecular dependency in NUP98-rearranged AML"
"GSE176523","GPL18573","Homo sapiens",32,TRUE,16,1,"imetelstat",TRUE,FALSE,TRUE,"Imetelstat is effective in Acute Myeloid Leukemia (AML) patient xenografts."
"GSE176524","GPL18573","Homo sapiens",62,TRUE,16,2,"imetelstat; no",TRUE,FALSE,TRUE,"Acute Myeloid Leukemia (AML) patient xenografts"
"GSE176559","GPL24676","Homo sapiens",9,TRUE,9,0,"",TRUE,FALSE,FALSE,"Global gene expression of pediatric acute myeloid leukemia"
"GSE178787","GPL21697","Homo sapiens",33,TRUE,0,5,"DMOS; OXS000275; OXS007417; OXS007464; PMA",TRUE,FALSE,FALSE,"A novel tubulin binding molecule drives differentiation of acute myeloid leukaemia cells"
"GSE178940","GPL18573","Homo sapiens",6,TRUE,3,1,"WFA",TRUE,FALSE,TRUE,"Gene expression changes in THP1 AML cells following Withaferin A exposure"
"GSE179826","GPL9185","Mus musculus",21,TRUE,3,7,"EV; JQEZ5; Kdm5b_H499A; Kdm5b_WT; shEV; shKdm5b",TRUE,FALSE,TRUE,"A PRC2-KDM5B-stemness regulatory axis sustains tumorigenicity of acute myeloid leukemia"
"GSE180180","GPL20301","Homo sapiens",23,FALSE,0,0,"",TRUE,FALSE,FALSE,"Gilteritinib-induced upregulation of S100A9 is mediated through BCL6 in Acute Myeloid Leuk"
"GSE180181","GPL20301","Homo sapiens",24,FALSE,0,0,"",TRUE,FALSE,FALSE,"Gilteritinib-induced upregulation of S100A9 is mediated through BCL6 in Acute Myeloid Leuk"
"GSE181003","GPL24676","Homo sapiens",12,TRUE,6,1,"Selinexor",FALSE,FALSE,TRUE,"Gene expression profiling of AML cell lines treated with nuclear export inhibitor, selinex"
"GSE181176","GPL18573","Homo sapiens",10,TRUE,4,3,"Selinexor; Selinexor continous; Selinexor short",TRUE,FALSE,TRUE,"Prolonged XPO1 inhibition is essential to achieve optimal antileukemic activity in NPM1-mu"
"GSE181519","GPL20795","Homo sapiens",16,TRUE,2,1,"UF146",TRUE,FALSE,TRUE,"Targeting UHRF1-SAP30-MXD4 axis for leukemia initiating cell eradication in myeloid leukem"
"GSE181586","GPL18573","Homo sapiens",12,TRUE,3,3,"AC220; crenolanib; gilteritinib",TRUE,TRUE,TRUE,"GATM-Mediated Creatine Biosynthesis Enables Maintenance of FLT3-ITD-Mutant Acute Myeloid L"
"GSE182018","GPL20301","Homo sapiens",14,TRUE,10,1,"HHT,",FALSE,FALSE,TRUE,"Effective therapy of AML with RUNX1 mutation by co-treatment with inhibitors of protein tr"
"GSE182020","GPL20301","Homo sapiens",2,TRUE,1,0,"",FALSE,FALSE,FALSE,"Effective therapy of AML with RUNX1 mutation by co-treatment with inhibitors of protein tr"
"GSE182023","GPL20301","Homo sapiens",36,TRUE,21,1,"HHT,",FALSE,FALSE,TRUE,"Effective therapy of AML with RUNX1 mutation by co-treatment with inhibitors of protein tr"
"GSE182150","GPL16791","Homo sapiens",4,TRUE,1,0,"",TRUE,FALSE,FALSE,"PU.1 and MYC transcriptional network defines a synergist drug response to combined KIT and"
"GSE182401","GPL24676","Homo sapiens",7,TRUE,2,1,"increasing dose AMG-176 8 weeks",TRUE,FALSE,TRUE,"Mitophagy promotes resistance to BH3 mimetics in acute myeloid leukemia"
"GSE183036","GPL16791","Homo sapiens",8,TRUE,4,1,"STAT3i",TRUE,FALSE,TRUE,"The STAT3-MYC Axis Promotes Survival of Leukemia Stem Cells by Regulating SLC1A5 and Oxida"
"GSE184850","GPL24676","Homo sapiens",8,TRUE,2,3,"0.5 microM ruxolitinib; 0.5 microM ruxolitinib + 1 microM pevonedistat; 1 microM pevonedistat",TRUE,FALSE,TRUE,"Pevonedistat targets malignant cells in myeloproliferative neoplasms in vitro and in vivo "
"GSE184889","GPL16791","Homo sapiens",6,TRUE,3,1,"UC64",FALSE,FALSE,TRUE,"RNA sequencing MOLM-13 cells treated with the UBE2N inhibitor UC-764864 or DMSO control"
"GSE185091","GPL18573","Homo sapiens",8,TRUE,4,1,"TDI-055",TRUE,FALSE,TRUE,"Small-molecule inhibition of the acyl-lysine reader ENL as a strategy against acute myeloi"
"GSE185094","GPL18573","Homo sapiens",31,TRUE,14,2,"input; TDI-055",TRUE,FALSE,TRUE,"Small-molecule inhibition of the acyl-lysine reader ENL as a strategy against acute myeloi"
"GSE185299","GPL16791","Homo sapiens",4,TRUE,2,1,"MV411 parental cells CUT129",TRUE,TRUE,TRUE,"Gene expression profile of  human leukemic cell line treated with TLR1/2 agonist."
"GSE185519","GPL20301","Homo sapiens",24,TRUE,12,1,"gilteritinib",TRUE,TRUE,TRUE,"shCDK9 or shDHODH sensitizes cells to gilteritinib treatment by altering transcriptomes of"
"GSE186132","GPL18573","Homo sapiens",44,TRUE,9,1,"dTAG",TRUE,FALSE,TRUE,"Dissection of the MEF2D-IRF8 transcriptional circuit dependency in acute myeloid leukemia"
"GSE186709","GPL20301","Homo sapiens",24,TRUE,12,2,"MI-503; VTP50469",TRUE,TRUE,TRUE,"A molecular switch between mammalian MLL complexes dictates response to Menin-MLL inhibiti"
"GSE186711","GPL19057","Mus musculus",30,FALSE,0,0,"",TRUE,TRUE,FALSE,"A molecular switch between mammalian MLL complexes dictates response to Menin-MLL inhibiti"
"GSE187285","GPL16686","Homo sapiens",21,FALSE,0,0,"",FALSE,FALSE,FALSE,"Gene expression profiling upon treatment with NTX-301 in MV4-11"
"GSE187293","GPL16686","Homo sapiens",21,FALSE,0,0,"",FALSE,FALSE,FALSE,"Gene expression profiling and DNA methylation profiling"
"GSE188392","GPL11154","Homo sapiens",18,FALSE,0,0,"",TRUE,FALSE,FALSE,"Gene expression profiling upon treatment with NTX-301"
"GSE189773","GPL18573","Homo sapiens",34,TRUE,2,1,"-366",TRUE,FALSE,TRUE,"Inhibition of the CtBP complex and FBXO11 enhances MHC class II expression and anti-cancer"
"GSE189893","GPL18573","Homo sapiens",23,FALSE,0,0,"",TRUE,FALSE,FALSE,"SETD1A regulates transcriptional pause release of heme biosynthesis genes in leukemia [RNA"
"GSE190341","GPL16791","Homo sapiens",8,TRUE,2,3,"ATRA; ATRA+VbP; VbP",TRUE,TRUE,TRUE,"Activation of CASP1 induces AML cell pyroptosis and sensitizes to ATRA treatment"
"GSE190517","GPL24676","Homo sapiens",20,TRUE,6,6,"1 µM BCI; 10 µM BI-D1870; 10 µM BI-D1870 + 1 µM BCI; Fedratinib-persistent; parental; Ruxolitinib-persistent",TRUE,FALSE,TRUE,"DUSP6 mediates resistance to JAK2 inhibition and drives leukemic progression (RNA-Seq)"
"GSE190722","GPL24676","Homo sapiens",22,TRUE,6,3,"BRM014; DB2313; PMA",TRUE,FALSE,TRUE,"Transcriptional effects of SWI/SNF inhibition in acute myeloid leukemia cells [RNA-seq]"
"GSE190723","GPL18573","Homo sapiens",46,TRUE,16,5,"BRM014; DB2313; double cross-linking; PMA; single cross-linking",TRUE,FALSE,TRUE,"SWI/SNF-dependent regulation of chromatin and transcription in AML"
"GSE190785","GPL18573","Homo sapiens",147,TRUE,37,3,"GSK2879552; quizartinib; quizartinib + GSK2879552",TRUE,FALSE,TRUE,"Dual Targeting of FLT3 and LSD1 Disrupts the MYC Super Enhancer Complex in Acute Myeloid L"
"GSE192562","GPL18573","Homo sapiens",29,TRUE,5,3,"Pol II guide 1; Pol II guide 2; RBBP5 KO -",TRUE,FALSE,TRUE,"CRISPR-ChIP to identify mechanisms of chromatin regulation"
"GSE192775","GPL18573","Homo sapiens",25,TRUE,12,1,"1ug/ml Doxycycline",TRUE,TRUE,TRUE,"The SWI/SNF subunit Dpf2 licenses Nrf2-dependent gene expression to enforce multilineage c"
"GSE192779","GPL18573","Homo sapiens",29,TRUE,12,1,"1ug/ml Doxycycline",TRUE,TRUE,TRUE,"The SWI/SNF subunit Dpf2 licenses Nrf2-dependent gene expression to enforce multilineage c"
"GSE192975","GPL18573","Homo sapiens",20,FALSE,0,0,"",TRUE,FALSE,FALSE,"HMG20B stabilizes interaction of LSD1 with GFI1 on chromatin to confer transcription repre"
"GSE193721","GPL16791","Homo sapiens",8,TRUE,0,2,"dG; PBS",FALSE,FALSE,FALSE,"Disruption of dNTPs Homeostasis by Ribonucleotide Reductase Hyperactivation Overcomes AML "
"GSE193832","GPL16791","Homo sapiens",16,TRUE,8,1,"NEL",FALSE,FALSE,TRUE,"Disruption of dNTPs Homeostasis by Ribonucleotide Reductase Hyperactivation Overcomes AML "
"GSE196477","GPL18573","Homo sapiens",24,TRUE,18,2,"dTAG13; selinexor",TRUE,FALSE,TRUE,"Mutant NPM1 binds chromatin and directly regulates oncogenic transcription in acute myeloi"
"GSE196480","GPL18573","Homo sapiens",178,TRUE,104,4,"dTAG13; selinexor; Selinexor; VTP50469",TRUE,FALSE,TRUE,"Mutant NPM1 binds chromatin and directly regulates oncogenic transcription in acute myeloi"
"GSE196693","GPL24676","Homo sapiens",4,TRUE,2,1,"dBET1",TRUE,FALSE,TRUE,"Exploring the cytotoxic effects of dBET1 on multiple molecular   subtypes of Acute myeloid"
"GSE197062","GPL16791","Homo sapiens",4,TRUE,2,1,"MYCMI-7",TRUE,FALSE,TRUE,"MYCMI-7 - a small MYC-binding compound that inhibits MYC:MAX interaction and tumor growth "
"GSE197164","GPL18573","Homo sapiens",20,TRUE,10,1,"ATRA",TRUE,TRUE,TRUE,"Hexokinase 3 enhances myeloid cell survival via non-glycolytic functions"
"GSE197365","GPL21290","Homo sapiens",6,TRUE,2,0,"",FALSE,FALSE,FALSE,"NPM1c hijacks the active trancription in leukemia development [BRU-Seq]"
"GSE197377","GPL19057","Mus musculus",5,TRUE,0,1,"NA",FALSE,FALSE,FALSE,"NPM1c hijacks the active trancription in leukemia development [RNA-Seq]"
"GSE197387","GPL19057","Mus musculus",5,TRUE,0,1,"NA",FALSE,FALSE,FALSE,"NPM1c hijacks the active trancription in leukemia development ["
"GSE197405","GPL13497","Homo sapiens",4,FALSE,0,0,"",TRUE,FALSE,FALSE,"Activating STING1-dependent immune signaling in TP53 mutant and wild-type acute myeloid le"
"GSE197417","GPL18573","Homo sapiens",32,FALSE,0,0,"",FALSE,FALSE,FALSE,"Integrated Multiomic Profiling Identifies the Epigenetic Regulator PRC2 as a Therapeutic T"
"GSE197419","GPL18573","Homo sapiens",72,FALSE,0,0,"",FALSE,FALSE,FALSE,"Integrated Multiomic Profiling Identifies the Epigenetic Regulator PRC2 as a Therapeutic T"
"GSE198517","GPL21626","Mus musculus",16,TRUE,8,1,"1µM BRM014,",TRUE,TRUE,TRUE,"Inhibition of SWI/SNF broadly disrupts enhancers and reveals remodeler redundancy at promo"
"GSE198518","GPL24676","Homo sapiens",46,TRUE,15,3,"E-7107; H3B-8800; Predose",TRUE,FALSE,TRUE,"Splicing modulators impair DNA damage response and induce killing of cohesin-mutant MDS/AM"
"GSE19853","GPL4133","Homo sapiens",40,FALSE,0,0,"",TRUE,FALSE,FALSE,"Gene expression profile of fresh human acute myeloid leukemia cells exposed ex vivo to AS6"
"GSE198982","GPL16791","Homo sapiens",12,TRUE,3,3,"DNR; ML-792; ML-792- DNR",TRUE,FALSE,TRUE,"SUMOylation controls Daunorubicin-regulated gene expression in the Acute Myeloid Leukemia "
"GSE198986","GPL11154","Homo sapiens",6,TRUE,2,2,"AraC; DNR",TRUE,FALSE,TRUE,"SUMO controls the rapid transcriptional reprogramming induced by chemotherapies in Acute M"
"GSE199159","GPL11154","Homo sapiens",24,TRUE,9,3,"SM09419; SM09419 + Venetoclax; Venetoclax",TRUE,FALSE,TRUE,"Modulation of RNA splicing enhances response to BCL2 inhibition in leukemia [RNA-seq]"
"GSE199204","GPL24676","Homo sapiens",24,TRUE,3,6,"CWI1-2; IGF2BP2-sh1; IGF2BP2-sh2; IGF2BP2-sh3; shNS; shYTHDF2",TRUE,FALSE,TRUE,"The m6A Reader IGF2BP2 Regulates Glutamine Metabolism and Represents a Therapeutic Target "
"GSE199336","GPL11154","Homo sapiens",180,TRUE,16,2,"Fedratinib; Selinexor",TRUE,FALSE,TRUE,"A cellular hierarchy framework for understanding heterogeneity and predicting drug respons"
"GSE199454","GPL11154","Homo sapiens",6,TRUE,3,1,"Selinexor",TRUE,FALSE,TRUE,"RNA sequencing of patient-derived AML xenografts treated with Selinexor (KPT-330)"
"GSE199455","GPL11154","Homo sapiens",15,FALSE,0,0,"",TRUE,FALSE,FALSE,"RNA sequencing of primary AML samples prior to in vivo treatment with Fedratinib"
"GSE199456","GPL11154","Homo sapiens",26,TRUE,13,1,"Fedratinib",TRUE,FALSE,TRUE,"RNA sequencing of patient-derived AML xenografts treated with Fedratinib"
"GSE200099","GPL20301","Homo sapiens",12,TRUE,6,1,"honokiol",TRUE,TRUE,TRUE,"Expression Data from DMSO or honokiol treated THP-1 and U-937 cells"
"GSE200510","GPL24676","Homo sapiens",4,FALSE,0,0,"",FALSE,TRUE,FALSE,"Decitabine induces the expression of genes in THP-1 cells"
"GSE202222","GPL24676","Homo sapiens",12,TRUE,6,1,"Quizartinib",TRUE,TRUE,TRUE,"RNA profiles of primary AML cells engrafted in xenograft mouse model"
"GSE202227","GPL24676","Homo sapiens",42,TRUE,12,3,"AC220; AC220+ Everolimus; Everolimus",TRUE,TRUE,TRUE,"RNA profiles of polysomes from MOLM-13 cells treated with FLT3 inhibitor and/or mTOR inhib"
"GSE202229","GPL24676","Homo sapiens",12,TRUE,6,1,"AC220",TRUE,TRUE,TRUE,"RNA profiles of MOLM-13 cells treated with FLT3 inhibitor in the presence of conditioned m"
"GSE202230","GPL24676","Homo sapiens",66,TRUE,24,4,"AC220; AC220+ Everolimus; Everolimus; Quizartinib",TRUE,TRUE,TRUE,"Investigation of bone marrow mediated therapeutic resistance to FLT3 inhibition in acute m"
"GSE205605","GPL16791","Homo sapiens",4,TRUE,2,0,"",TRUE,TRUE,FALSE,"BET bromodomain inhibition rescues PD-1-mediated T cell exhaustion in acute myeloid leukem"
"GSE205802","GPL21697","Homo sapiens",12,TRUE,6,1,"WM-1119",TRUE,TRUE,TRUE,"Targeting cell cycle and apoptosis to overcome chemoresistance in AML"
"GSE206742","GPL24676","Homo sapiens",16,TRUE,8,1,"PMA",TRUE,TRUE,TRUE,"Effect of depletion of UHRF1, DNMT1, DNMT3B during differentiation"
"GSE207353","GPL18573","Homo sapiens",16,TRUE,4,2,"CCS1477; CCS1477_100nM",TRUE,FALSE,TRUE,"Activity of EP300/CBP bromodomain inhibitor CCS1477 across diverse hematologic malignancie"
"GSE207357","GPL18573","Homo sapiens",83,TRUE,6,2,"CCS1477; CCS1477_100nM",TRUE,FALSE,TRUE,"Activity of EP300/CBP bromodomain inhibitor CCS1477 across diverse hematologic malignancie"
"GSE207798","GPL18573","Homo sapiens",12,TRUE,6,1,"Shikonin",TRUE,TRUE,TRUE,"Chemogenomic screening of acute myeloid leukemia samples"
"GSE207830","GPL21697","Homo sapiens",24,TRUE,0,1,"15 min 4sU",TRUE,FALSE,FALSE,"Perturbed epigenetic transcriptional regulation in AML with IDH mutations causes increased"
"GSE209772","GPL30173","Homo sapiens",60,TRUE,27,3,"Decitabine; Decitabine + SB939; SB939",TRUE,TRUE,TRUE,"DNMT and HDAC inhibition induces immunogenic neoantigens from human endogenous retroviral "
"GSE209777","GPL30173","Homo sapiens",64,TRUE,29,3,"Decitabine; Decitabine + SB939; SB939",TRUE,TRUE,TRUE,"DNMT and HDAC inhibition induces immunogenic neoantigens from human endogenous retroviral "
"GSE211052","GPL24676","Homo sapiens",21,TRUE,12,1,"-485",TRUE,FALSE,TRUE,"Metabolic adaptations underpin resistance to histone acetyltransferase inhibition [QUANTse"
"GSE211054","GPL18573","Homo sapiens",15,TRUE,7,1,"-485",TRUE,FALSE,TRUE,"Metabolic adaptations underpin resistance to histone acetyltransferase inhibition"
"GSE211619","GPL24676","Homo sapiens",36,TRUE,3,8,"CWI1-2; IGF2BP2-sh1; IGF2BP2-sh2; IGF2BP2-sh3; shBP2-1; shBP2-2",TRUE,FALSE,TRUE,"The m6A Reader IGF2BP2 Regulates Glutamine Metabolism and Represents a Therapeutic Target "
"GSE212231","GPL24676","Homo sapiens",18,TRUE,9,1,"SHP099",TRUE,TRUE,TRUE,"Genome-wide CRISPR/Cas9 Screens Reveal Shared and Bespoke Mechanisms of Resistance to SHP2"
"GSE212330","GPL24676","Homo sapiens",12,TRUE,3,3,"Azacitidine; Azacitidine + TAK-981; TAK-981",TRUE,FALSE,TRUE,"SUMOylation inhibitor TAK-981 (Subasumstat) synergizes with 5-azacitidine in preclinical m"
"GSE213976","GPL24676","Homo sapiens",12,TRUE,0,4,"BCL-2; combination; placebo; POLRMT",TRUE,TRUE,FALSE,"Reduced mitochondrial transcription sensitizes acute myeloid leukemia cells to BCL-2 inhib"
"GSE214158","GPL20301","Homo sapiens",12,TRUE,6,1,"DOT1L SGC0946",TRUE,TRUE,TRUE,"UTX Loss Alters Therapeutic Responses in KMT2A-rearranged Acute Myeloid Leukemia [RNA-seq]"
"GSE214275","GPL20301","Homo sapiens",12,TRUE,6,1,"DOT1L SGC0946",TRUE,TRUE,TRUE,"UTX Loss Alters Therapeutic Responses in KMT2A-rearranged Acute Myeloid Leukemia"
"GSE214361","GPL16686","Homo sapiens",25,FALSE,0,0,"",FALSE,FALSE,FALSE,"DUSP6 mediates resistance to JAK2 inhibition and drives leukemic progression"
"GSE217359","GPL28038","Homo sapiens",18,TRUE,9,1,"RMC-4550",TRUE,TRUE,TRUE,"Transcriptomic changes induced by allosteric inhibitor RMC-4550 in FLT3 and KIT mutant hum"
"GSE217537","GPL18573","Homo sapiens",120,TRUE,24,5,"abiraterone acetate; abiraterone acetate and onvansertib; enzalutamide; enzalutamide and onvansertib; onvansertib",TRUE,FALSE,TRUE,"PLK1 Inhibitors and Abiraterone Synergistically Disrupt Mitosis and Kill Cancer Cells of D"
"GSE217540","GPL24676","Homo sapiens",4,TRUE,2,1,"MZ1",TRUE,FALSE,TRUE,"Exploring the cytotoxic effects of MZ1 on multiple molecular   subtypes of B-cell acute ly"
"GSE217572","GPL18573","Homo sapiens",36,TRUE,18,3,"AZA; AZA+Spautin-1; Spautin-1",TRUE,FALSE,TRUE,"Study of the effects of AZA and its combination with autophagy inhibitor, spautin-1 on the"
"GSE217585","GPL24676","Homo sapiens",24,TRUE,6,3,"L-ascorbic acid; LAA + Olap; Olaparib",TRUE,FALSE,TRUE,"Oxidized 5-methylcytosine modulates synthetic lethality to poly-ADP-ribose polymerase inhi"
"GSE217587","GPL17021","Mus musculus",8,TRUE,0,3,"Tet2 knockdown, ASC; Tet2 knockdown, PBS; Tet2 restoration, PBS",TRUE,TRUE,FALSE,"Oxidized 5-methylcytosine modulates synthetic lethality to poly-ADP-ribose polymerase inhi"
"GSE218491","GPL18573","Homo sapiens",3,TRUE,1,0,"",TRUE,TRUE,FALSE,"Genome-wide CRISPR/Cas9 Screens Reveal Shared and Bespoke Mechanisms of Resistance to SHP2"
"GSE218708","GPL24676","Homo sapiens",6,TRUE,3,1,"FTY720",TRUE,TRUE,TRUE,"Effect of FTY720 on gene expression in KMT2A-R AML cell line THP1"
"GSE220170","GPL16791","Homo sapiens",36,TRUE,12,4,"AR42-05; AR42-08; ENTI-2; ENTI-4",TRUE,TRUE,TRUE,"Orthogonal proteogenomic approaches identify the druggable PA2G4-MYC axis in 3q26 AML"
"GSE220707","GPL16791","Homo sapiens",6,TRUE,3,1,"DEG-35",TRUE,TRUE,TRUE,"Genes regulated by DEG-35, a dual degrader of IKZF2 and CK1A in AML cells"
"GSE221459","GPL24676","Homo sapiens",6,TRUE,3,1,"HSN748",TRUE,TRUE,TRUE,"Alkynyl nicotinamides show antileukemic activity in drug-resistant acute myeloid leukemia"
"GSE221578","GPL24676","Homo sapiens",31,FALSE,0,0,"",FALSE,FALSE,FALSE,"CRISPR-based genetic screens to interrogate therapeutic targets on tumor maintenance and h"
"GSE222822","GPL20301","Homo sapiens",42,TRUE,21,1,"decitabine",TRUE,TRUE,TRUE,"RNA-seq of decitabine-treated AML cell line panel"
"GSE222886","GPL20301","Homo sapiens",75,TRUE,35,3,"decitabine; decitabine + RG3039; RG3039",TRUE,TRUE,TRUE,"A multiomics approach reveals RNA dynamics promote cellular sensitivity to DNA hypomethyla"
"GSE224155","GPL24676","Homo sapiens",2,TRUE,1,0,"",TRUE,TRUE,FALSE,"Effect of omipalisib on transcriptome and signaling pathways in leukemic cell line OCI-AML"
"GSE224607","GPL23934","Homo sapiens",18,TRUE,9,1,"IPI-549",TRUE,TRUE,TRUE,"PI3Kγ maintains the self-renewal of acute myeloid leukemia stem cell through regulation of"
"GSE225315","GPL24676","Homo sapiens",8,TRUE,4,1,"PR-957",TRUE,FALSE,TRUE,"Immunoproteasome function maintains oncogenic gene expression in KMT2a-rearranged leukemia"
"GSE225356","GPL24676","Homo sapiens",11,TRUE,4,2,"MI-503; MI-503 + PR-957",TRUE,FALSE,TRUE,"Immunoproteasome function maintains oncogenic gene expression in KMT2a-rearranged leukemia"
"GSE225384","GPL24676","Homo sapiens",9,TRUE,3,1,"decitabine",TRUE,TRUE,TRUE,"CD36 Triggers a non-classical lipid metabolic Program promoting Immune Escape and Resistan"
"GSE225391","GPL21697","Homo sapiens",18,TRUE,9,1,"PR-957",TRUE,FALSE,TRUE,"Immunoproteasome function maintains oncogenic gene expression in KMT2a-rearranged leukemia"
"GSE226414","GPL23159","Homo sapiens",12,FALSE,0,0,"",TRUE,FALSE,FALSE,"C/EBPα confers dependence to fatty acid anabolic pathways and vulnerability to lipid oxida"
"GSE226418","GPL23159","Homo sapiens",6,TRUE,3,1,"QUIZ",TRUE,FALSE,TRUE,"C/EBPα confers dependence to fatty acid anabolic pathways and vulnerability to lipid oxida"
"GSE226420","GPL23159","Homo sapiens",6,TRUE,3,1,"QUIZ",TRUE,FALSE,TRUE,"C/EBPα confers dependence to fatty acid anabolic pathways and vulnerability to lipid oxida"
"GSE226459","GPL23159","Homo sapiens",6,TRUE,3,1,"quizartinib",TRUE,FALSE,TRUE,"C/EBPα confers dependence to fatty acid anabolic pathways and vulnerability to lipid oxida"
"GSE226460","GPL23159","Homo sapiens",6,TRUE,3,1,"gilteritinib",TRUE,FALSE,TRUE,"C/EBPα confers dependence to fatty acid anabolic pathways and vulnerability to lipid oxida"
"GSE226461","GPL23159","Homo sapiens",66,TRUE,12,3,"gilteritinib; QUIZ; quizartinib",TRUE,FALSE,TRUE,"C/EBPα confers dependence to fatty acid anabolic pathways and vulnerability to lipid oxida"
"GSE226688","GPL18573","Homo sapiens",9,TRUE,0,1,"lentiviral transduction",TRUE,TRUE,FALSE,"The alternative Nucleosome Remodeling Factor complex sustains acute myeloid leukemia by re"
"GSE227269","GPL24676","Homo sapiens",36,TRUE,9,3,"Cytarabine; Cytarabine and Daunorubicin; Daunorubicin",TRUE,TRUE,TRUE,"Transcriptional response to standard AML drugs identifies synergistic combinations"
"GSE227343","GPL11154","Homo sapiens",29,TRUE,5,2,"E7820; Pre-",TRUE,TRUE,TRUE,"E7820, an Anti-Cancer Sulfonamide, Degrades RBM39 in Patients with Splicing Factor Mutant "
"GSE227874","GPL18573","Homo sapiens",6,TRUE,3,1,"GILT",TRUE,FALSE,TRUE,"C/EBPα confers dependence to fatty acid anabolic pathways and vulnerability to lipid oxida"
"GSE228307","GPL24676","Homo sapiens",24,TRUE,12,2,"KO-539; VTP-50469",TRUE,TRUE,TRUE,"Synergistic Targeting of Menin in AML"
"GSE228326","GPL18573","Homo sapiens",34,TRUE,13,5,"BET OTX015,; Menin SNDX-50469 + OTX015,; OTX015; VTP50469; VTP50469 + OTX015",TRUE,TRUE,TRUE,"Targeting of epigenetic co-dependencies enhances anti-AML efficacy of Menin inhibitor in A"
"GSE228760","GPL24676","Homo sapiens",191,TRUE,14,2,"PMD-026; Quizartinib",TRUE,FALSE,TRUE,"RSK1 is an exploitable dependency in myeloid malignancies."
"GSE229309","GPL18573","Homo sapiens",18,TRUE,9,1,"AZ-5576",TRUE,TRUE,TRUE,"RNA decay defines the therapeutic response to transcriptional perturbation in leukemia [3m"
"GSE229312","GPL18573","Homo sapiens",12,TRUE,0,1,"4-thiouridine in final 10 minutes",TRUE,FALSE,FALSE,"RNA decay defines the therapeutic response to transcriptional perturbation in leukemia [SL"
"GSE229314","GPL18573","Homo sapiens",89,TRUE,15,11,"1μg/mL Actinomycin D; 1μg/mL Actinomycin D , 100μM 4-thiouridine in final hour; 1μM -485 , 100μM 4-thiouridine in final hour; 1μM AZ-5576; 1μM AZ-5576 , 100μM 4-thiouridine in final hour; 1μM JQ1 , 100μM 4-thiouridine in final hour",TRUE,TRUE,TRUE,"RNA kinetics influence the response to transcriptional perturbation in leukaemia cell line"
"GSE229663","GPL24676","Homo sapiens",12,TRUE,3,3,"cbCD34+ cells dTAG-13; UBTF-TD PDX model SNDX; UBTF-TD PDX model Veh",TRUE,FALSE,TRUE,"UBTF tandem duplication acute myeloid leukemias are sensitive to menin inhibition [RNA-seq"
"GSE230646","GPL24676","Homo sapiens",14,TRUE,2,5,"endogenous m6A; exogenous RIP-seq; RB98#; RBPMS knockdown; scramble shRNA control",TRUE,TRUE,TRUE,"Targeting RBPMS selectively eliminates leukemia initiating cells via the USP1/m6A/FOXO1 ax"
"GSE232007","GPL18573","Homo sapiens",9,TRUE,3,2,"CC-220; CC-92840",TRUE,FALSE,TRUE,"Mezigdomide is effective alone and in combination with Menin inhibition in pre-clinical mo"
"GSE232091","GPL24676","Homo sapiens",12,TRUE,6,1,"SNDX-5613",TRUE,TRUE,TRUE,"The MLL – Menin interaction is a therapeutic vulnerability in NUP98-rearranged AML"
"GSE233730","GPL21697","Homo sapiens",11,TRUE,2,1,"GSK3685032",TRUE,TRUE,TRUE,"Understanding the regulation of DNMT1 activity using unbiased functional genomics"
"GSE233810","GPL24676","Homo sapiens",12,TRUE,6,1,"SNDX-5613",TRUE,TRUE,TRUE,"UBTF tandem duplication AMLs are sensitive to menin inhibition"
"GSE233849","GPL23159","Homo sapiens",10,TRUE,5,1,"MI-463",TRUE,TRUE,TRUE,"The effect of menin-inhibition on the human AML cell line MV4-11 [gene expression]"
"GSE235069","GPL23159","Homo sapiens",16,FALSE,0,0,"",FALSE,FALSE,FALSE,"Ferritinophagy is a Druggable Vulnerability of Quiescent Leukemic Stem Cells [9a]"
"GSE235070","GPL18573","Homo sapiens",2,FALSE,0,0,"",TRUE,FALSE,FALSE,"Ferritinophagy is a Druggable Vulnerability of Quiescent Leukemic Stem Cells"
"GSE235600","GPL24676","Homo sapiens",18,TRUE,9,1,"CHIR",TRUE,TRUE,TRUE,"Sensitivity of splicing factor mutant hematopoietic cells to GSK-3 inhibition"
"GSE235653","GPL24676","Homo sapiens",8,TRUE,0,2,"Ethanol; Ponasterone",TRUE,TRUE,FALSE,"Identification of epigenetic modifiers essential for growth and survival of AML1/ETO-posit"
"GSE236772","GPL30173","Homo sapiens",27,TRUE,10,5,"CBFBi; FLT3i; NTC; shNFIX; shRUNX1",TRUE,TRUE,TRUE,"Gene regulatory network analysis predicts cooperating transcription factor regulons requir"
"GSE236773","GPL24676","Homo sapiens",2,TRUE,1,0,"",TRUE,TRUE,FALSE,"Gene regulatory network analysis predicts cooperating transcription factor regulons requir"
"GSE236775","GPL24676","Homo sapiens",2,TRUE,1,0,"",TRUE,TRUE,FALSE,"Gene regulatory network analysis predicts cooperating transcription factor regulons requir"
"GSE237239","GPL18573","Homo sapiens",5,TRUE,2,1,"methanol fixation 18 months",TRUE,FALSE,TRUE,"Single-Cell Transcriptome Analysis of Acute Myeloid  Leukemia Cells Using Methanol Fixatio"
"GSE239350","GPL24247","Mus musculus",4,TRUE,2,1,"ATRA",TRUE,TRUE,TRUE,"Identifying STRN3-RARA as a new fusion gene for acute promyelocytic leukemia [RNA-seq 2]"
"GSE239721","GPL24676","Homo sapiens",20,TRUE,0,1,"Newly diagnosed",TRUE,FALSE,FALSE,"Single cell analysis of newly diagnosed AML patients"
"GSE240439","GPL24676","Homo sapiens",12,TRUE,3,3,"Decitabine; Decitabine+Simvastatin; Simvastatin",TRUE,FALSE,TRUE,"Mitotic perturbation is a key mechanism of action of decitabine in myeloid tumor treatment"
"GSE240496","GPL20301","Homo sapiens",24,TRUE,6,3,"COMBO; FICZ; JQ1",TRUE,TRUE,TRUE,"Activation of a nongenetic AHR-ELMSAN1 axis optimizes BET-targeting therapy and suppresses"
"GSE240497","GPL20301","Homo sapiens",60,TRUE,15,3,"COMBO; FICZ; JQ1",TRUE,TRUE,TRUE,"Activation of a nongenetic AHR-ELMSAN1 axis optimizes BET-targeting therapy and suppresses"
"GSE241427","GPL30173","Homo sapiens",20,TRUE,10,1,"I-BRD9",TRUE,FALSE,TRUE,"The ncBAF complex regulates transcription in AML through H3K27ac sensing by BRD9 (TT-Seq)"
"GSE241428","GPL30173","Homo sapiens",160,TRUE,80,1,"I-BRD9",TRUE,FALSE,TRUE,"The ncBAF complex regulates transcription in AML through H3K27ac sensing by BRD9"
"GSE241450","GPL11154","Homo sapiens",10,FALSE,0,0,"",TRUE,FALSE,FALSE,"Pharmacologic inhibition of BAF chromatin remodeling complexes as a therapeutic approach t"
"GSE241581","GPL24676","Homo sapiens",27,TRUE,3,2,"dTAGv1_24h; dTAGv1_72h",TRUE,TRUE,TRUE,"DCAF15 control of cohesin dynamics sustains acute myeloid leukemia"
"GSE241584","GPL24676","Homo sapiens",8,TRUE,2,3,"All-trans retinoic acid; L-ascorbic acid; LAA + ATRA",TRUE,FALSE,TRUE,"Retinoic acid and ascorbate synergize to suppress myeloid leukemia via TET2 activation [U-"
"GSE241922","GPL24676","Homo sapiens",6,TRUE,3,1,"S767",TRUE,FALSE,TRUE,"Effect of S767 treatment on gene expression of OCI-AML5 cells"
"GSE241936","GPL20301","Homo sapiens",36,TRUE,9,3,"COMBO; FICZ; JQ1",TRUE,FALSE,TRUE,"Activation of a nongenetic AHR-ELMSAN1 axis optimizes BET-targeting therapy and suppresses"
"GSE24224","GPL570","Homo sapiens",6,FALSE,0,0,"",TRUE,FALSE,FALSE,"Analysis of genome-wide methylation and gene expression induced by decitabine treatment in"
"GSE243586","GPL18573","Homo sapiens",12,TRUE,4,2,"darglitazone; pioglitazone",TRUE,FALSE,TRUE,"Effet of pioglitazone and darglitazone on AML cell lines"
"GSE243669","GPL24676","Homo sapiens",10,TRUE,5,1,"cytarabine",TRUE,TRUE,TRUE,"Targeting PI3Kgamma dependency in leukemia treatment [cytarabine persistence]"
"GSE243670","GPL18573","Homo sapiens",8,FALSE,0,0,"",TRUE,TRUE,FALSE,"Targeting PI3Kgamma dependency in leukemia treatment"
"GSE244855","GPL16791","Homo sapiens",12,TRUE,3,3,"Gilteritinib; Gilteritinib+Metformin; Metformin",TRUE,FALSE,TRUE,"Effect of Gilteritinib, Metformin and Combination treatments on gene expression in MOLM13-"
"GSE245810","GPL31904","Homo sapiens",19,FALSE,0,0,"",TRUE,FALSE,FALSE,"Parallel single-cell metabolic analysis and extracellular vesicle profiling reveal vulnera"
"GSE246341","GPL11154","Homo sapiens",8,TRUE,3,1,"MOLM13 cells",TRUE,FALSE,TRUE,"Acquired resistance in AML cell lines to the bifunctional electrophile busulfan is associa"
"GSE246783","GPL24676","Homo sapiens",30,TRUE,6,7,"Gilteritinib; MI3454; MI3454 + Gilteritinib; MI3454 + Palbociclib; MI3455; MI3456",TRUE,FALSE,TRUE,"Combination of menin and kinase inhibitors as a novel treatment for NUP98-rearranged leuke"
"GSE247095","GPL24676","Homo sapiens",28,TRUE,14,2,"BC2059; BC2059,",TRUE,FALSE,TRUE,"Preclinical efficacy of targeting epigenetic mechanisms in AML with 3q26 lesions and EVI1 "
"GSE247175","GPL24676","Homo sapiens",12,TRUE,3,3,"HA; VEN; VEN+HA",TRUE,TRUE,TRUE,"Hexamethylene Amiloride synergizes with Venetoclax to induce lysosome-dependent cell death"
"GSE247210","GPL20301","Homo sapiens",18,TRUE,6,2,"JQ1; OTX015",TRUE,FALSE,TRUE,"BET inhibition restores NPM1c+-mediated deregulation of chromatin in AML"
"GSE247499","GPL24676","Homo sapiens",6,TRUE,2,2,"UZH2; WD6305",TRUE,FALSE,TRUE,"Gene expression in Mon-Mac-6 cells treated with METTL3 PROTAC, WD6305 and inhibitor, UZH2"
"GSE248296","GPL24676","Homo sapiens",24,TRUE,12,1,"EZH2inhibitor EPZ6438",TRUE,TRUE,TRUE,"Epigenetic vulnerabilities of leukemia harboring inactivating EZH2 mutations"
"GSE248581","GPL18573","Homo sapiens",48,TRUE,21,4,"AZA; AZA+Spautin-1; Decitabine; Spautin-1",TRUE,FALSE,TRUE,"Study of the effects of AZA and its combination with autophagy inhibitor, spautin-1 on the"
"GSE249078","GPL20301","Homo sapiens",28,TRUE,14,1,"VTP50469",TRUE,TRUE,TRUE,"Epigenetic Regulation of Non-canonical Menin Targets Modulates Menin Inhibitor Response in"
"GSE249080","GPL20301","Homo sapiens",28,TRUE,14,1,"VTP50469",TRUE,TRUE,TRUE,"Epigenetic Regulation of Non-canonical Menin Targets Modulates Menin Inhibitor Response in"
"GSE249437","GPL24676","Homo sapiens",22,TRUE,2,5,"10uM_Darolutamide; R1881; siAR, cultured in Darolutamide; siGATA2, cultured in Darolutamide; siRNA control, cultured in Darolutamide",TRUE,TRUE,TRUE,"GATA2 up-regulation restores androgen receptor chromatin association and advances daroluta"
"GSE251859","GPL30173","Homo sapiens",12,TRUE,3,3,"Combination GSK-LSD1 and LY2090315; GSK-LSD1; LY2090314",TRUE,FALSE,TRUE,"Perturbing LSD1 and WNT rewires transcription to synergistically induce AML differentiatio"
"GSE251860","GPL30173","Homo sapiens",38,TRUE,5,3,"Combination GSK-LSD1 and LY2090315; GSK-LSD1; LY2090314",TRUE,FALSE,TRUE,"Perturbing LSD1 and WNT rewires transcription to synergistically induce AML differentiatio"
"GSE251919","GPL20301","Homo sapiens",12,TRUE,6,1,"dTAG-13,",TRUE,TRUE,TRUE,"Mutant NPM1 marginally impacts ribosome footprint in acute myeloid leukemia cells"
"GSE252057","GPL20301","Homo sapiens",4,TRUE,1,0,"",TRUE,FALSE,FALSE,"Combination of SD70 and MI-503 exerts a synergistic effect against MLL:: AF9-driven AML"
"GSE252193","GPL23159","Homo sapiens",8,TRUE,4,0,"",TRUE,FALSE,FALSE,"AML cell line HL60 treated with WIN55"
"GSE252745","GPL24676","Homo sapiens",2,TRUE,1,0,"",TRUE,TRUE,FALSE,"Efficacy of novel agents against cellular models of familial platelet disorder with myeloi"
"GSE252746","GPL24676","Homo sapiens",35,TRUE,19,2,"homoharringtonine; mebendazole",TRUE,TRUE,TRUE,"Efficacy of novel agents against cellular models of familial platelet disorder with myeloi"
"GSE252937","GPL24676","Homo sapiens",6,TRUE,3,1,"FHD-286",TRUE,FALSE,TRUE,"BRG1/BRM inhibitor targets AML stem cells and exerts superior preclinical efficacy combine"
"GSE252938","GPL24676","Homo sapiens",34,TRUE,17,2,"FHD-286; FHD-286,",TRUE,TRUE,TRUE,"BRG1/BRM inhibitor targets AML stem cells and exerts superior preclinical efficacy combine"
"GSE253457","GPL20844","Homo sapiens",12,FALSE,0,0,"",FALSE,FALSE,FALSE,"RUNX1 expression is regulated by a super-enhancer and is a therapeutic target in adult T-c"
"GSE253920","GPL16791","Homo sapiens",6,TRUE,3,1,"interferon gama, 10 ng/ml",FALSE,FALSE,TRUE,"CD38-directed, single-chain T cell-engager targets leukemia stem cells through IFNγ-induce"
"GSE253921","GPL24676","Homo sapiens",2,TRUE,1,0,"",FALSE,FALSE,FALSE,"CD38-directed, single-chain T cell-engager targets leukemia stem cells through IFNγ-induce"
"GSE255339","GPL18573","Homo sapiens",192,TRUE,32,2,"azacytidine; decitabine",TRUE,FALSE,TRUE,"Upregulated cholesterol biosynthesis facilitates the survival of methylation-retaining AML"
"GSE255808","GPL21103","Mus musculus",2,FALSE,0,0,"",TRUE,FALSE,FALSE,"Transcriptional and epigenetic rewiring by the NUP98::KDM5A fusion oncoprotein directly ac"
"GSE256040","GPL24676","Homo sapiens",2,FALSE,0,0,"",FALSE,FALSE,FALSE,"Orthogonal proteogenomic approaches identify the druggable PA2G4-MYC axis in 3q26 AML"
"GSE256076","GPL24676","Homo sapiens",4,TRUE,1,0,"",TRUE,FALSE,FALSE,"Orthogonal proteogenomic approaches identify the druggable PA2G4-MYC axis in 3q26 AML"
"GSE256353","GPL15520","Homo sapiens",864,TRUE,288,2,"azacytidine; decitabine",TRUE,FALSE,TRUE,"Upregulated cholesterol biosynthesis facilitates the survival of methylation-retaining AML"
"GSE256354","GPL15520","Homo sapiens",1325,TRUE,341,5,"azacytidine; decitabine; hma: AZA; hma: DAC; hma: No",TRUE,FALSE,TRUE,"Hypomethylating agents induce epigenetic and transcriptional heterogeneity with implicatio"
"GSE2594","GPL1982","Homo sapiens",4,FALSE,0,0,"",FALSE,FALSE,FALSE,"Lymphoblasts from healthy individuals vs. individuals with FPD-AML (familial platelet diso"
"GSE260456","GPL24247","Mus musculus",168,TRUE,0,0,"",TRUE,FALSE,FALSE,"DOT1L provides transcriptional memory through PRC1.1 antagonism [RNA-seq]"
"GSE260759","GPL24676","Homo sapiens",24,TRUE,8,2,"ARM165-; AZ2-",TRUE,FALSE,TRUE,"Targeting a Lineage-Specific PI3Kɣ/AKT Signaling Module in Acute Myeloid Leukemia Using a "
"GSE260905","GPL16791","Homo sapiens",12,TRUE,6,2,"Tet-shALKBH1, Venetoclax,; Tet-shNS, Venetoclax,",TRUE,FALSE,TRUE,"ALKBH1-mediated tRNA 5-formylcytidine modification facilitates codon-biased translation an"
"GSE26114","GPL570","Homo sapiens",24,FALSE,0,0,"",TRUE,FALSE,FALSE,"Combination of ABT-869 with SAHA on AML with FLT3-ITD"
"GSE261337","GPL24676","Homo sapiens",12,TRUE,6,1,"AZA",TRUE,TRUE,TRUE,"Genome-Wide CRISPR-Cas9 Screening Identifies a Synergy between Hypomethylating Agents and "
"GSE261339","GPL24676","Homo sapiens",18,TRUE,10,1,"AZA",TRUE,TRUE,TRUE,"Genome-Wide CRISPR-Cas9 Screening Identifies a Synergy between Hypomethylating Agents and "
"GSE261921","GPL24676","Homo sapiens",24,TRUE,6,3,"ADV; ADV+VEN; VEN",TRUE,FALSE,TRUE,"Synergistic Activity of Adefovir Dipivoxil and Venetoclax to Target the Bioenergetic Metab"
"GSE262392","GPL18573","Homo sapiens",2,FALSE,0,0,"",TRUE,FALSE,FALSE,"A myeloid maturation program initiated by nucleotide depletion during S phase [ery_scrnase"
"GSE262673","GPL18573","Homo sapiens",12,TRUE,3,3,"disulfiram / copper; niclosamide; niclosamide and disulfiram / copper",TRUE,FALSE,TRUE,"Gene expression changes in SHI-1 cells following exposure to disulfiram/copper, niclosamde"
"GSE263984","GPL21697","Homo sapiens",9,TRUE,3,2,"JPX-0700; JPX-0750",TRUE,FALSE,TRUE,"Dual specific STAT3/5 degraders effectively block acute myeloid leukemia and natural kille"
"GSE264565","GPL24676","Homo sapiens",12,TRUE,2,5,"-23a_100nM; -23a_200nM; GSK032_100nM; GSK032+SAHA_100nM; SAHA_100nM",TRUE,FALSE,TRUE,"Development of a First-in-Class DNMT1/HDAC Inhibitor with Improved Therapeutic Potential a"
"GSE266010","GPL24676","Homo sapiens",9,TRUE,3,2,"dTAGv1_24h; dTAGv1_72h",TRUE,FALSE,TRUE,"CRL4-DCAF15 control of cohesin dynamics sustains cell proliferation [RNA-seq_dTAG]"
"GSE266913","GPL24676","Homo sapiens",44,TRUE,9,3,"Alexidine; MMP_high; MMP_low",TRUE,FALSE,TRUE,"Targeting Mitochondrial Membrane Potential as A Generalized Strategy to Eradicate Leukemic"
"GSE267059","GPL24676","Homo sapiens",4,TRUE,2,1,"SF1-8",TRUE,TRUE,TRUE,"K562-U2AF1_S34F treated with U2AF1-UHM inhibitor, SF1-8"
"GSE267350","GPL16791","Homo sapiens",6,TRUE,3,1,"Ethacyrnic acid",TRUE,FALSE,TRUE,"Chemical Screening Identified Compounds That Trigger Differentiation and Augment ATRA-Indu"
"GSE267387","GPL16791","Homo sapiens",6,TRUE,0,2,"DB2115; VEH",TRUE,FALSE,FALSE,"Pharmacological Repositioning of the transcription factor PU.1 [RNA-seq]"
"GSE267389","GPL16791","Homo sapiens",6,TRUE,0,2,"DB2115; VEH",TRUE,FALSE,FALSE,"Pharmacological Repositioning of the transcription factor PU.1"
"GSE267885","GPL24676","Homo sapiens",8,TRUE,2,3,"TAK-981; TAK-981 + venetoclax; venetoclax",TRUE,FALSE,TRUE,"Targeting SUMOylation sensitizes Acute myeloid leukemia to Venetoclax treatment"
"GSE269021","GPL24676","Homo sapiens",24,TRUE,6,6,", ANA,; 0.005 μM IDA,; 1 μM ANA + 0.005 μM IDA,; 1 μM ANA,; ANA+ IDA,; IDA,",TRUE,FALSE,TRUE,"Combined ANA and IDA treatment is an innovative and promising therapeutic strategy for AML"
"GSE26921","GPL570","Homo sapiens",8,FALSE,0,0,"",TRUE,FALSE,FALSE,"Determinants of sensitivity to DZNep induced apoptosis in multiple myeloma cells"
"GSE269669","GPL24676","Homo sapiens",27,TRUE,0,2,"Aza+Ven+Margo; Pre-",TRUE,FALSE,FALSE,"Phase Ib/II Study of Azacitidine, Venetoclax and Magrolimab in Adult Patients with Newly D"
"GSE270051","GPL24676","Homo sapiens",6,TRUE,3,1,"DZNep 0.5μM",TRUE,FALSE,TRUE,"Cell fate reprogramming of erythroid cells caused by reduction of H3K4me3 lead to a “retro"
"GSE270053","GPL18573","Homo sapiens",1,TRUE,0,0,"",TRUE,FALSE,FALSE,"Cell fate reprogramming of erythroid cells caused by reduction of H3K4me3 lead to a “retro"
"GSE270318","GPL24676","Homo sapiens",12,TRUE,3,3,"ABT199; ABT199 + ERKi; ERKi",TRUE,FALSE,TRUE,"ERK1/2 Inhibition Overcomes Resistance to Venetoclax in AML By Inhibiting Drp1 Dependent M"
"GSE270397","GPL24676","Homo sapiens",10,TRUE,3,2,"--; eltanexor",TRUE,TRUE,TRUE,"Gene expression changes induced by eltanexor in the FKH-1 cell line and PDX model"
"GSE270423","GPL18573","Homo sapiens",4,TRUE,3,0,"",TRUE,FALSE,FALSE,"PRC2-mediated apoptosis evasion is a therapeutic target of MDS/AML harboring inv(3)/t(3;3)"
"GSE271106","GPL24676","Homo sapiens",6,TRUE,3,1,"Luteoloside",TRUE,TRUE,TRUE,"Luteoloside inhibits proliferation, induces apoptosis and differentiation via β-catenin/c-"
"GSE271137","GPL24676","Homo sapiens",75,TRUE,6,5,"AraC; Palbociclib; Quizartinib; Quizartinib & Palbociclib; Saline",FALSE,FALSE,TRUE,"Characterization of Chemoresistant Cell Populations Improves Risk Stratification and Thera"
"GSE272740","GPL24676","Homo sapiens",23,TRUE,3,2,"glutamine deprivation; JQ1",TRUE,TRUE,TRUE,"SUCLG1-deficiency causes hypersuccinylation and impairs leukemia development [RNA-seq]"
"GSE273361","GPL24676","Homo sapiens",6,TRUE,3,1,"1 µM ZW27941",TRUE,TRUE,TRUE,"Targeting METTL3 protein by PROTAC: A Novel Therapeutic Approach for Acute Myeloid Leukemi"
"GSE276384","GPL24676","Homo sapiens",12,TRUE,3,3,"Gilteritinib; Mitoxantrone; Mitoxantrone+Gilteritinib",TRUE,TRUE,TRUE,"Mitoxantrone-liposome sensitizes Flt3-ITD acute myeloid leukemia to gilteritinib treatment"
"GSE276645","GPL34284","Homo sapiens",6,TRUE,3,1,"Celastrol",TRUE,FALSE,TRUE,"The effection of celastrol treatment on SKM-1 cell"
"GSE276955","GPL30173","Homo sapiens",24,TRUE,6,2,"UNC1999; UNC1999+AZA",TRUE,FALSE,TRUE,"Targeting Polycomb for treatment of KMT2A-rearranged AML using AML-iPSCs as a model system"
"GSE277091","GPL16791","Homo sapiens",6,TRUE,3,1,"chiglitazar and CS055",TRUE,TRUE,TRUE,"Combinations of HDAC inhibitor and PPAR agonist induce ferroptosis of leukemic stem cell-l"
"GSE277096","GPL34284","Homo sapiens",6,FALSE,0,0,"",TRUE,FALSE,FALSE,"Early cytokine and chemokine signals shape the anti-AML activity of bispecific engager-sec"
"GSE277100","GPL30173","Homo sapiens",24,TRUE,6,3,"PF-9363,; VTP,; VTP, PF-9363,",TRUE,FALSE,TRUE,"Catalytic inhibition of KAT6 /KAT7 enhances the efficacy and overcomes primary and acquire"
"GSE277382","GPL20301","Homo sapiens",12,TRUE,0,2,"Co Culture; Liquid Culture",TRUE,FALSE,FALSE,"Paediatric Bone marrow Mesenchymal Stem cells support acute myeloid leukaemia cell surviva"
"GSE277912","GPL11154","Homo sapiens",6,TRUE,3,1,"Importazole",TRUE,TRUE,TRUE,"Effect of pharmacologic inhibition of KPNB1 by Importazole on gene expression  of NB-4 cel"
"GSE278582","GPL18573","Homo sapiens",9,TRUE,3,1,"3 doses -dHTC1, 50 mg/kg i.p. BID",TRUE,FALSE,TRUE,"High-throughput diversification of protein-ligand surfaces to discover chemical inducers o"
"GSE278623","GPL11154","Homo sapiens",24,TRUE,3,7,"LSD1; MC4455; MC4491; MS023; MS023 + LSD1; PRT220",TRUE,TRUE,TRUE,"A synergistic interaction between PRMT5 and LSD1 inhibitors in AML"
"GSE280054","GPL34281","Homo sapiens",2,TRUE,0,0,"",TRUE,FALSE,FALSE,"Inhibition of ADSS2-mediated de novo AMP biosynthesis resensitizes acute myeloid leukemia "
"GSE280102","GPL18573","Homo sapiens",29,TRUE,10,5,"Auxin, 4sU; Ethanol, 4sU; LPS 1ug/mL; LPS 1ug/mL, OTS964; OTS964",TRUE,FALSE,TRUE,"A CDK11-dependent RNA polymerase II pause-release checkpoint precedes CDK9-mediated transi"
"GSE280391","GPL34284","Homo sapiens",12,FALSE,0,0,"",TRUE,TRUE,FALSE,"Targeting CERT sensitizes AML Cells to FLT3 Inhibitors through activating GRP78-ATF6-CHOP "
"GSE280425","GPL21697","Homo sapiens",6,TRUE,3,1,"CIP",TRUE,TRUE,TRUE,"Investigation of genes involoved in Corydalis incisa (Thunb.) Pers. (CIP)-induced differen"
"GSE280428","GPL16791","Homo sapiens",32,FALSE,0,0,"",TRUE,FALSE,FALSE,"Targeting Polycomb for treatment of KMT2A-rearranged AML using AML-iPSCs as a model system"
"GSE281506","GPL24676","Homo sapiens",42,TRUE,12,3,"selumetinib; VTP-50649; VTP-50649 + selumetinib",TRUE,TRUE,TRUE,"Combining Menin and MEK inhibition to target poor prognosis KMT2A-rearranged RAS pathway-m"
"GSE28185","GPL571","Homo sapiens",8,FALSE,0,0,"",TRUE,FALSE,FALSE,"The non-steroidal anti-inflammatory drugs Sulindac sulfide and Diclofenac induce apoptosis"
"GSE282364","GPL34281","Homo sapiens",12,FALSE,0,0,"",TRUE,FALSE,FALSE,"Anti-leukemic effect of TGN-1062, a novel CDK7 inhibitor, on AML-leukemic stem cells by ta"
"GSE282741","GPL18573","Homo sapiens",36,TRUE,9,3,"ABT-199; ABT-199 plus DS-1594b; DS-1594b",TRUE,TRUE,TRUE,"Menin inhibitor DS-1594b drives differentiation and induces synergistic lethality in combi"
"GSE282823","GPL34281","Homo sapiens",22,TRUE,11,1,"FP54",TRUE,TRUE,TRUE,"FTO degrader inhibits acute myeloid leukemia by impairing ribosome biogenesis and translat"
"GSE283096","GPL24247","Mus musculus",13,TRUE,0,1,"no",TRUE,TRUE,FALSE,"The histone acetyltransferase MOZ is a molecular dependency and therapeutic target in NUP9"
"GSE283531","GPL18573","Homo sapiens",12,TRUE,0,1,"3 mg/kg PF-9363 chow",TRUE,FALSE,FALSE,"MOZ and HBO1 Histone Acetyltransferase Complexes Are Molecular Dependencies and Therapeuti"
"GSE283532","GPL18573","Homo sapiens",12,TRUE,0,1,"3 mg/kg PF-9363 chow",TRUE,FALSE,FALSE,"MOZ and HBO1 Histone Acetyltransferase Complexes Are Molecular Dependencies and Therapeuti"
"GSE284558","GPL21697","Homo sapiens",12,TRUE,6,1,"MECOM degradation",TRUE,TRUE,TRUE,"CEBPA repression by MECOM blocks differentiation to drive aggressive leukemias [RNA-Seq]"
"GSE286991","GPL18573","Homo sapiens",72,TRUE,24,7,"24h_5phIAA; 2h_5phIAA; 5phIAA; 5phIAA-GSK343; 72h_5phIAA; 8h_5phIAA",TRUE,FALSE,TRUE,"Sustained PRC1.1 activity preserves gene repression independently of PRC2.2 and restrains "
"GSE287297","GPL24676","Homo sapiens",70,TRUE,10,6,"constitutive expression NUP98::KDM5A and Cas9 + lentiviral transduction gRNA; constitutive expression NUP98::KDM5A and Cas9 + lentiviral transduction gRNA + Revumenib -; empty vector control; lentiviral overexpression NUP98::HOXA9; lentiviral overexpression NUP98::KDM5A; lentiviral overexpression NUP98::NSD1",TRUE,TRUE,TRUE,"Fusion oncoproteins and cooperating mutations define disease phenotypes in NUP98-rearrange"
"GSE28818","GPL4133","Homo sapiens",2,TRUE,1,0,"",FALSE,FALSE,FALSE,"Comparison of gene expression pattern of THP-1 cell treated with ATRA and RAD001"
"GSE288296","GPL34281","Homo sapiens",12,TRUE,6,1,"Venetoclax",TRUE,FALSE,TRUE,"BCL-2 disruption during CAR T cell production augments potency through non-apoptotic adapt"
"GSE288434","GPL24676","Homo sapiens",6,TRUE,3,1,"Venetoclax",TRUE,FALSE,TRUE,"BCL-2 disruption during CAR T cell production augments potency through non-apoptotic adapt"
"GSE289928","GPL16791","Homo sapiens",4,TRUE,2,1,"Decitabine ,",TRUE,TRUE,TRUE,"Combining CD33-Targeted Chimeric Antigen Receptor T cells with Decitabine for Acute Myeloi"
"GSE290438","GPL24676","Homo sapiens",40,TRUE,3,2,"dTAG-13; Eltanexor",TRUE,TRUE,TRUE,"Tandem duplications in UBTF create XPO1-dependent nuclear export signals necessary for leu"
"GSE290440","GPL24676","Homo sapiens",2,TRUE,1,0,"",TRUE,TRUE,FALSE,"Tandem duplications in UBTF create XPO1-dependent nuclear export signals necessary for leu"
"GSE290534","GPL34284","Homo sapiens",27,TRUE,9,2,"Gilteritinib; Venetoclax",TRUE,TRUE,TRUE,"Integration of CRISPR-Cas9 Screens and Multi-Omics Profiling Reveals CHD7-ANGPT1 as a Nove"
"GSE290704","GPL21697","Homo sapiens",12,TRUE,0,1,"PAMD-Ch17",TRUE,TRUE,FALSE,"PAMD-Ch17, a Polymeric Analog of Plerixafor, Induces Mitochondrial Dysfunction in T-ALL Ce"
"GSE291245","GPL30209","Homo sapiens",51,TRUE,3,2,"Quizartinib; Thap",TRUE,TRUE,TRUE,"Chronic ER Stress Induced of Cell-surface Chaperones as the Therapeutic Targets of CAR Cel"
"GSE292076","GPL24676","Homo sapiens",11,FALSE,0,0,"",TRUE,FALSE,FALSE,"RRM1 inhibition sensitizes lung adenocarcinoma to decitabine treatment"
"GSE292324","GPL20301","Homo sapiens",4,FALSE,0,0,"",TRUE,FALSE,FALSE,"Splicing regulatory dynamics for precision analysis and treatment of heterogenous leukemia"
"GSE294096","GPL20301","Homo sapiens",8,TRUE,2,3,"VTP50469; VTP50469+WM119; WM119",TRUE,TRUE,TRUE,"Integrated Perturb-seq and Computational Modeling Identifies KAT6A-Menin-DOT1L Synergy and"
"GSE294425","GPL34284","Homo sapiens",8,TRUE,4,1,"JIB-04",TRUE,FALSE,TRUE,"The histone lysine-specific demethylase inhibitor JIB-04 sensitizes AML cells to venetocla"
"GSE294579","GPL23159","Homo sapiens",10,TRUE,5,1,"MI-463",TRUE,TRUE,TRUE,"The effect of menin-inhibition on the human AML cell line MV4-11"
"GSE294623","GPL18573","Homo sapiens",6,TRUE,2,1,"VTP-50469 chow",TRUE,FALSE,TRUE,"CRISPR-Cas9 base editor screening identifies the spectrum of MEN1 mutations impacting meni"
"GSE295359","GPL24676","Homo sapiens",15,FALSE,0,0,"",TRUE,FALSE,FALSE,"Mega-scale single-cell profiling reveals novel biomarkers associated with acute GvHD after"
"GSE295647","GPL34284","Homo sapiens",36,TRUE,12,2,"PF9363_2.5uM_48h; SNDX5613_100nM_48h",TRUE,TRUE,TRUE,"Catalytic inhibition of KAT6/KAT7 enhances the efficacy and overcomes primary and acquired"
"GSE296195","GPL34284","Homo sapiens",8,TRUE,4,1,"BAY 2666605",TRUE,TRUE,TRUE,"Anti-Leukemic Effects of Velcrin in SLFN12-Expressing Acute Myeloid Leukemia"
"GSE297227","GPL24676","Homo sapiens",59,TRUE,9,6,"Basal Tumor; HC-7366 0.3 mg/kg; HC-7366 1 mg/kg; HC-7366 10 mg/kg; HC-7366 3 mg/kg; HC-7366 30 mg/kg",TRUE,FALSE,TRUE,"In Vivo Tumor Growth Control by General Control Nonderepressible 2 (GCN2) Targeting Agents"
"GSE297439","GPL24676","Homo sapiens",6,TRUE,3,1,"Rifamycin O",TRUE,TRUE,TRUE,"Rifamycin O as a Novel CRBN Ligand for Targeted Degradation of IKZF1/3 Proteins in Hematop"
"GSE297461","GPL6244","Homo sapiens",60,FALSE,0,0,"",FALSE,FALSE,FALSE,"Patients with AML with WT TP53 but defective TP53-mediated apoptosis have a dismal surviva"
"GSE297480","GPL24676","Homo sapiens",14,TRUE,7,1,"FHD-286,",TRUE,FALSE,TRUE,"Highly effective combination of BRG1/BRM inhibitor with BET inhibitor or decitabine for hi"
"GSE297482","GPL24676","Homo sapiens",8,TRUE,4,1,"mivebresib",TRUE,FALSE,TRUE,"BET inhibitor-based combinations targeting novel dependencies in MECOM-rearranged (r) AML"
"GSE297638","GPL18573","Homo sapiens",24,TRUE,6,3,"Palbociclib; Palbociclib + TCP; TCP",TRUE,FALSE,TRUE,"Dual targeting of CDK6 and LSD1 is synergistic and overcomes differentiation blockade in A"
"GSE297639","GPL18573","Homo sapiens",8,TRUE,2,3,"Palbociclib; Palbociclib + TCP; TCP",TRUE,TRUE,TRUE,"Dual targeting of CDK6 and LSD1 is synergistic and overcomes differentiation blockade in A"
"GSE29799","GPL6244","Homo sapiens",6,TRUE,3,1,"JQ1",TRUE,FALSE,TRUE,"RNAi screen identifies Brd4 as a therapeutic target in acute myeloid leukemia"
"GSE298019","GPL24676","Homo sapiens",357,FALSE,0,0,"",TRUE,FALSE,FALSE,"PU.1-Activated Genomic Regions Define Low-risk MDS Subsets Characterized by Immune Dysregu"
"GSE298020","GPL24676","Homo sapiens",493,TRUE,4,1,"DB2115-",TRUE,TRUE,TRUE,"PU.1-Activated Genomic Regions Define Low-risk MDS Subsets Characterized by Immune Dysregu"
"GSE29828","GPL570","Homo sapiens",24,TRUE,12,1,"EPZ004777",TRUE,FALSE,TRUE,"Expression Profiling of Mixed Lineage Leukemia Cells Treated with a Potent Small-Molecule "
"GSE298283","GPL24247","Mus musculus",12,TRUE,6,1,"SMG1i",FALSE,TRUE,TRUE,"U2AF1 Mutant Myeloid Neoplasms are Preferentially Sensitive to In Vivo Inhibition of Nonse"
"GSE298391","GPL24676","Homo sapiens",12,TRUE,6,1,"CC-885",TRUE,TRUE,TRUE,"Targeting of IRAK4 and GSPT1 enhances therapeutic efficacy in AML via c-Myc destabilizatio"
"GSE298864","GPL34284","Homo sapiens",12,TRUE,3,3,"All-trans retinoic acid; L-ascorbic acid; LAA + ATRA",TRUE,FALSE,TRUE,"Retinoic acid and ascorbate synergize to suppress myeloid leukemia via TET2 activation [MV"
"GSE299103","GPL18573","Homo sapiens",18,TRUE,6,2,"JNJ-6617; KO-539",TRUE,FALSE,TRUE,"UBR5 Mediates Menin Inhibitor Dependent Menin/KMT2A Complex Stability [RNA-seq]"
"GSE300177","GPL24676","Homo sapiens",2,FALSE,0,0,"",TRUE,FALSE,FALSE,"Catalytic inhibition of KAT6/KAT7 enhances the efficacy and overcomes primary and acquired"
"GSE300988","GPL24676","Homo sapiens",16,TRUE,4,3,"ATRA; ATRA/CORIN; CORIN",TRUE,FALSE,TRUE,"Interplay between CoREST, p300 and retinoic acid signaling in Acute myeloid leukemia [RNA-"
"GSE301145","GPL24676","Homo sapiens",2,FALSE,0,0,"",TRUE,FALSE,FALSE,"Catalytic inhibition of KAT6/KAT7 enhances the efficacy and overcomes primary and acquired"
"GSE301154","GPL24676","Homo sapiens",32,TRUE,10,7,"20 µM tasquinimod; 5ug/mL S100A9 stimulated; 5ug/mL S100A9 stimulated + 20 µM tasquinimod; si_TLR4-plus TQ; si-NT transfected; si-NT transfected + 20 µM tasquinimod",TRUE,TRUE,TRUE,"Preclinical efficacy of tasquinimod-based combinations in advanced myeloproliferative neop"
"GSE301413","GPL20301","Homo sapiens",16,TRUE,4,3,"NTC; p300 degrader 27; p300KO",TRUE,FALSE,TRUE,"Discovery of a paralog-selective p300 protein degrader with potent anti-cancer activity in"
"GSE301645","GPL16791","Homo sapiens",24,TRUE,8,1,"RMC-7977",TRUE,TRUE,TRUE,"Multi-selective RAS(ON) Inhibition Targets Oncogenic RAS Mutations and Overcomes RAS/MAPK-"
"GSE302078","GPL24676","Homo sapiens",56,TRUE,28,2,"CX-5461; PMR-116",TRUE,FALSE,TRUE,"The novel RNA polymerase I transcription inhibitor PMR-116 exploits a critical therapeutic"
"GSE302428","GPL18573","Homo sapiens",2,TRUE,1,0,"",TRUE,TRUE,FALSE,"Single-cell transcriptomic profile of LAM/AML cell model exposed to hydrocortisone"
"GSE303125","GPL18573","Homo sapiens",12,TRUE,3,1,"SA",TRUE,TRUE,TRUE,"Inhibition of heme biosynthesis triggers cuproptosis in acute myeloid leukemia [RNA-Seq OC"
"GSE303126","GPL18573","Homo sapiens",12,TRUE,3,1,"SA",TRUE,TRUE,TRUE,"Inhibition of heme biosynthesis triggers cuproptosis in acute myeloid leukemia"
"GSE30315","GPL6244","Homo sapiens",4,FALSE,0,0,"",TRUE,FALSE,FALSE,"DMSO control and DZNep treated MOLM-14 cells"
"GSE304253","GPL34284","Homo sapiens",35,TRUE,9,3,"-485; dCBP-1; Inobrodib",TRUE,FALSE,TRUE,"Inhibition of p300/CREBBP catalytic activity drives context-dependent transcriptional acti"
"GSE304358","GPL34284","Homo sapiens",36,TRUE,6,4,"Enitociclib; No; Vistusertib; Vistusertib and Enitociclib",TRUE,TRUE,TRUE,"Investigation of LARP1 regulated cellular pathways in acute myeloid leukemia"
"GSE304493","GPL24676","Homo sapiens",15,TRUE,6,2,"-485; Inobrodib",TRUE,FALSE,TRUE,"Inhibition of p300/CREBBP catalytic activity drives context-dependent transcriptional acti"
"GSE304680","GPL16791","Homo sapiens",25,TRUE,6,6,"Compound 49; FHT1015; Non-targeting shRNA control; shRNA_1 targeting PU.1; shRNA_2 targeting PU.1; shRNA_3 targeting PU.1",TRUE,TRUE,TRUE,"Structural and functional basis of PU.1-BAF interaction enables targeting of lineage-speci"
"GSE304789","GPL16791","Homo sapiens",25,TRUE,6,6,"Compound 49; FHT1015; Non-targeting shRNA control; shRNA_1 targeting PU.1; shRNA_2 targeting PU.1; shRNA_3 targeting PU.1",TRUE,TRUE,TRUE,"Structural and functional basis of PU.1-BAF interaction enables targeting of lineage-speci"
"GSE305384","GPL24676","Homo sapiens",56,TRUE,26,2,"-485; Inobrodib",TRUE,FALSE,TRUE,"Inhibition of p300/CREBBP catalytic activity drives context-dependent transcriptional acti"
"GSE305480","GPL24676","Homo sapiens",6,TRUE,0,1,"all-trans retinoic acid",TRUE,TRUE,FALSE,"Disease specific epigenetic deregulation of enhancers, transposons and polycomb targets in"
"GSE306205","GPL20301","Homo sapiens",30,TRUE,6,4,"MS1943; MS1943 + romidepsin; romidepsin; tazemetostat",TRUE,FALSE,TRUE,"Targeting EZH2 and HDACs in hematological cancers induces transcriptional and metabolic de"
"GSE306285","GPL24676","Homo sapiens",12,TRUE,0,1,"dTAG",TRUE,TRUE,FALSE,"Disparate Leukemia Mutations Converge on Nuclear Phase-Separated Condensates"
"GSE306484","GPL24676","Homo sapiens",6,FALSE,0,0,"",TRUE,TRUE,FALSE,"Uncovering pre-sensitizing agents to FLT3 inhibitors in acute myeloid leukemia with ReSisT"
"GSE308825","GPL24676","Homo sapiens",17,TRUE,6,3,"Palbociclib; Quizartinib; Quizartinib & Palbociclib",FALSE,FALSE,TRUE,"Molecular Characterization of Chemoresistant Cell Populations Improves Risk Stratification"
"GSE309082","GPL34281","Homo sapiens",29,TRUE,6,4,"MEN1 gRNA 1; MEN1 gRNA 13; Non targeting sgRNA; Revumenib",TRUE,TRUE,TRUE,"Menin-dependent megakaryocyte proliferation and fibrosis in myeloproliferative neoplasms"
"GSE309897","GPL24676","Homo sapiens",18,TRUE,6,1,"IACS",TRUE,FALSE,TRUE,"Manipulation of Mitochondrial Metabolism Sensitizes AML to MCL-1 Inhibition"
"GSE312447","GPL24676","Homo sapiens",12,TRUE,0,2,"No; Venetoclax/HMA/Navitoclax",TRUE,FALSE,FALSE,"Dual BCL-xL and BCL-2 Inhibition for Advanced Myeloid Neoplasms: A phase 1 dose-escalation"
"GSE315341","GPL24676","Homo sapiens",60,TRUE,30,1,"SNDX-50469",TRUE,TRUE,TRUE,"Overcoming Menin inhibitor resistance in AML cells with combinations including BET protein"
"GSE315428","GPL24676","Homo sapiens",6,TRUE,3,1,"Corilagin",TRUE,TRUE,TRUE,"Corilagin Induces Pyroptosis in AML Cells by Activating the TXNIP-Caspase-3-GSDME Pathway"
"GSE315549","GPL34284","Homo sapiens",12,TRUE,0,1,"Different drugs",TRUE,TRUE,FALSE,"Targeting UGCG sensitizes AML cells to Venetoclax through RAB32-mediated endoplasmic retic"
"GSE317371","GPL24676","Homo sapiens",12,TRUE,6,1,"Zotatifin",TRUE,FALSE,TRUE,"Synergistic Targeting of eIF4A - Mediated Translation Initiation and Apoptosis in Acute My"
"GSE317933","GPL34284","Homo sapiens",6,TRUE,6,0,"",TRUE,TRUE,FALSE,"Toosendanin Suppresses Acute Myeloid Leukemia by Targeting DDX5/c-Myc Axis to inhibit Prot"
"GSE319461","GPL20301","Homo sapiens",34,FALSE,0,0,"",FALSE,TRUE,FALSE,"DNA methylation stochasticity is linked to transcriptional variability and identifies conv"
"GSE319824","GPL15433","Homo sapiens",8,TRUE,0,4,"GIT-,KD-; GIT-,KD+; GIT+,KD-; GIT+,KD+",TRUE,TRUE,FALSE,"Targeting systemic and tumor metabolic balances with ketogenic diets enhances efficacy of "
"GSE319868","GPL24676","Homo sapiens",64,TRUE,32,1,"APL-4098",TRUE,FALSE,TRUE,"A novel potent and selective GCN2 inhibitor, APL-4098, has anti-leukemic activity through "
"GSE322773","GPL24676","Homo sapiens",12,TRUE,6,1,"SGI7079",TRUE,FALSE,TRUE,"SGI-7079 as a novel type I FLT3 inhibitor overcomes resistance to gilteritinib and quizart"
"GSE324057","GPL24676","Homo sapiens",6,TRUE,3,1,"AraC",TRUE,FALSE,TRUE,"A Role for Rapid Transcription Dynamics in Cytarabine Resistance in Acute Myeloid Leukemia"
"GSE324546","GPL24676","Homo sapiens",18,FALSE,0,0,"",TRUE,FALSE,FALSE,"Anti-leukemic effect of MAR-3.6.2, a novel RAN inhibitor, on AML-LSCs by targeting RAN."
"GSE324645","GPL28038","Homo sapiens",12,TRUE,3,1,"RX-5902",TRUE,TRUE,TRUE,"Targeting Y593-phosphorylated DDX5 triggers mitochondrial dysfunction and synergizes with "
"GSE327563","GPL24676","Homo sapiens",18,TRUE,6,2,"AML874; SEL120-34A",TRUE,TRUE,TRUE,"Mediator kinase inhibition exposes a transcriptional vulnerability and primes AML for vene"
"GSE328421","GPL34284","Homo sapiens",9,TRUE,0,3,"sgGLIS2; sgNT; sgSMARCA4",TRUE,FALSE,FALSE,"CBFA2T3-GLIS2 fusion-mediated mSWI/SNF chromatin remodeler disruption generates cancer-spe"
"GSE328503","GPL34281","Homo sapiens",24,TRUE,6,3,"FHD-286; Palbociclib; Palbociclib and FHD-286 Combination",TRUE,FALSE,TRUE,"CBFA2T3-GLIS2 fusion-mediated mSWI/SNF chromatin remodeler disruption generates cancer-spe"
"GSE328578","GPL24676","Homo sapiens",26,TRUE,0,2,"CBFA2T3::GLIS2 transduced; GFP transduced",TRUE,FALSE,FALSE,"CBFA2T3-GLIS2 fusion-mediated mSWI/SNF chromatin remodeler disruption generates cancer-spe"
"GSE338690","GPL16791","Homo sapiens",18,TRUE,9,1,"3-HF 10μM",TRUE,FALSE,TRUE,"Pharmacological inhibition of PRKDC-mediated DNA damage response by 3-hydroxyflavone selec"
"GSE33892","GPL571","Homo sapiens",12,TRUE,12,0,"",TRUE,FALSE,FALSE,"Comparison of TEX and M9-ENL1 cell lines to HL60 and THP1 cell lines"
"GSE34672","GPL10558","Homo sapiens",30,TRUE,6,6,"all-trans-retinoic acid; all-trans-retinoic acid and tranylcypromine; LSD1 shRNA #1; LSD1 shRNA #2; scrambled control shRNA; tranycypromine",TRUE,FALSE,TRUE,"Inhibition of the LSD1 (KDM1A) demethylase reactivates the all-trans-retinoic acid differe"
"GSE34726","GPL10558","Homo sapiens",30,TRUE,6,6,"all-trans-retinoic acid; all-trans-retinoic acid and tranylcypromine; LSD1 shRNA #1; LSD1 shRNA #2; scrambled control shRNA; tranycypromine",TRUE,FALSE,TRUE,"Inhibition of the LSD1 (KDM1A) demethylase reactivates the all-trans-retinoic acid differe"
"GSE34965","GPL570","Homo sapiens",4,TRUE,2,1,"CWP",TRUE,FALSE,TRUE,"Sam68-mediated disruption of CBP/β-catenin neoplastic transcriptional programming allows s"
"GSE38865","GPL6884","Homo sapiens",8,FALSE,0,0,"",FALSE,TRUE,FALSE,"Activity of a stem cell enhancer influences stem cell programs and clinical outcome in leu"
"GSE40442","GPL5188","Homo sapiens",67,TRUE,34,2,"cytarabine; decitabine",FALSE,FALSE,TRUE,"Gene expression profiling in primary AML cells treated with decitabine and cytarabine"
"GSE40871","GPL5188","Homo sapiens",48,TRUE,16,2,"cytarabine; decitabine",FALSE,FALSE,TRUE,"Gene expression and methylation profiling in primary AML cells treated with decitabine and"
"GSE42259","GPL570","Homo sapiens",6,TRUE,3,1,"Dll4-Fc",TRUE,FALSE,TRUE,"Notch Pathway Activation Targets AML Cell Homeostasis and Differentiation: THP1 cell line"
"GSE42261","GPL570","Mus musculus",6,FALSE,0,0,"",TRUE,TRUE,FALSE,"Notch Pathway Activation Targets AML Cell Homeostasis and Differentiation"
"GSE43022","GPL6246","Homo sapiens",4,FALSE,0,0,"",TRUE,FALSE,FALSE,"ZFX controls the propagation and cell-of-origin characteristics of acute leukemia"
"GSE43258","GPL570","Homo sapiens",6,TRUE,2,1,"ATRA",FALSE,FALSE,TRUE,"PRAME induced inhibition of retinoic acid receptor signaling-mediated differentiation - a "
"GSE45249","GPL571","Homo sapiens",27,FALSE,0,0,"",TRUE,FALSE,FALSE,"CD34 negative populations are associated with an increased relapse risk in childhood AML a"
"GSE46302","GPL3921","Homo sapiens",24,TRUE,12,1,"R406",TRUE,FALSE,TRUE,"In Vivo RNA Interference Screening Identifies a Leukemia-Specific Dependence on Integrin B"
"GSE46819","GPL570","Homo sapiens",24,TRUE,18,1,"BV6",FALSE,TRUE,TRUE,"Inhibitor of apoptosis protein antagonist BV6 – potential for new combinatorial treatment "
"GSE48843","GPL11154","Homo sapiens",32,FALSE,0,0,"",FALSE,FALSE,FALSE,"RNA-Seq analysis of primary AML specimens exposed to AhR modulating agents"
"GSE50928","GPL570","Homo sapiens",13,FALSE,0,0,"",FALSE,FALSE,FALSE,"Defective NK cells in AML patients at diagnosis are associated with blast transcriptional "
"GSE51082","GPL96","Homo sapiens",139,FALSE,0,0,"",FALSE,FALSE,FALSE,"Expression data from mononuclear cells from bone marrow and peripheral blood of leukemia p"
"GSE54218","GPL17077","Homo sapiens",16,TRUE,0,2,"exposure to panobinostat; no exposure to panobinostat",TRUE,FALSE,FALSE,"Aberrant chromatin acetylation in MLL-AF9 leukemia mediates the response to HDAC inhibitio"
"GSE54869","GPL6104","Homo sapiens",9,TRUE,3,2,"MS27-275; SAHA",TRUE,FALSE,TRUE,"Gene expression analysis in AML systems after 6 hours of HDACi treatments"
"GSE54871","GPL6104","Homo sapiens",15,TRUE,6,2,"MS27-275; SAHA",TRUE,FALSE,TRUE,"Gene expression analysis in AML cell lines and in primary blasts of AML patients after 6 h"
"GSE54873","GPL6883","Homo sapiens",14,TRUE,7,1,"SAHA",TRUE,FALSE,TRUE,"Gene expression analysis in primary blasts of AML patients and CD34+normal progenitors aft"
"GSE55154","GPL6104","Homo sapiens",24,TRUE,9,2,"MS27-275; SAHA",TRUE,FALSE,TRUE,"Gene expression analysis in AML cells lines, AML primary blasts and in CD34+ normal progen"
"GSE55242","GPL6244","Homo sapiens",14,FALSE,0,0,"",TRUE,FALSE,FALSE,"Aryl hydrocarbon receptor antagonism allows sustained culture of leukemia progenitor cells"
"GSE55772","GPL15491","Homo sapiens",6,TRUE,3,1,"5 μM FTY720",TRUE,FALSE,TRUE,"Expression analysis of Kasumi-1 cells treated with or without FTY720"
"GSE61022","GPL1261","Mus musculus",8,TRUE,0,2,"shLUC RNA interference; shSirt1 RNA interference",TRUE,FALSE,FALSE,"DOT1L Inhibits SIRT1 and SUV39H1-Mediated H3K9 Modification to Maintain Gene Expression"
"GSE62171","GPL11154","Homo sapiens",19,TRUE,2,3,"Flavopiridol; pMY136; pMY56",TRUE,FALSE,TRUE,"RNA Polymerase II-associated factor 1 regulates the release and phosphorylation of paused "
"GSE62533","GPL570","Homo sapiens",12,TRUE,6,1,"BV6",FALSE,TRUE,TRUE,"Inhibitor of apoptosis proteins as promising therapeutic targets in chronic lymphocytic le"
"GSE63217","GPL16558","Homo sapiens",4,FALSE,0,0,"",TRUE,FALSE,FALSE,"Inhibitors of LSD1 target demethylase-independent activity to induce differentiation in ac"
"GSE63222","GPL16558","Homo sapiens",4,FALSE,0,0,"",TRUE,FALSE,FALSE,"Inhibitors of LSD1 target demethylase-independent activity to induce differentiation in ac"
"GSE63782","GPL11154","Homo sapiens",3,TRUE,1,0,"",TRUE,FALSE,FALSE,"Transcriptional plasticity promotes primary and acquired resistance to BET bromodomain inh"
"GSE65012","GPL570","Homo sapiens",6,TRUE,3,1,"CA",TRUE,FALSE,TRUE,"Effect in K562 cells of 3hr cortistatin A treatment on gene expression"
"GSE65014","GPL570","Homo sapiens",6,TRUE,3,1,"CA",TRUE,FALSE,TRUE,"Effect in MOLM-14 cells of 24hr cortistatin A treatment on gene expression"
"GSE65015","GPL570","Homo sapiens",6,TRUE,3,1,"CA",TRUE,FALSE,TRUE,"Effect in MOLM-14 cells of 3hr cortistatin A treatment on gene expression"
"GSE65019","GPL570","Homo sapiens",6,TRUE,3,1,"CA",TRUE,FALSE,TRUE,"Effect in MV4;11 cells of 3hr cortistatin A treatment on gene expression"
"GSE65030","GPL11154","Homo sapiens",6,TRUE,3,1,"CA",TRUE,FALSE,TRUE,"Effect in HCT116 cells of 3hr cortistatin A treatment on gene expression."
"GSE65105","GPL17301","Homo sapiens",6,TRUE,3,1,"CA",TRUE,FALSE,TRUE,"Effect of 4hr cortistatin A treatment on gene expression in SET2 cells."
"GSE65161","GPL570","Homo sapiens",6,TRUE,3,1,"CA",TRUE,FALSE,TRUE,"Mediator kinase inhibition further activates super-enhancer-associated genes in AML"
"GSE68091","GPL10558","Homo sapiens",28,FALSE,0,0,"",TRUE,FALSE,FALSE,"Effects of ONC201 on mantle cell lymphoma cell lines"
"GSE68623","GPL11154","Homo sapiens",22,FALSE,0,0,"",TRUE,FALSE,FALSE,"RNA-Seq of GPR56+/- populations"
"GSE68954","GPL96","Homo sapiens",24,FALSE,0,0,"",TRUE,FALSE,FALSE,"caArray_golub-00392: Gefitinib (Iressa) induces myeloid differentiation of acute myeloid l"
"GSE69383","GPL11154","Homo sapiens",26,TRUE,16,1,"CPI203",TRUE,FALSE,TRUE,"The apoptotic network and expression of BH3-containing proteins predict phenotypic respons"
"GSE70791","GPL16686","Homo sapiens",8,TRUE,4,2,"FRAX-597; IPA-3",TRUE,FALSE,TRUE,"PAK1 is a Therapeutic Target in Acute Myeloid Leukemia and Myelodysplastic Syndrome"
"GSE71414","GPL11154","Homo sapiens",6,FALSE,0,0,"",FALSE,FALSE,FALSE,"Complete hematologic response of early-T-cell progenitor acute lymphoblastic leukemia to t"
"GSE71740","GPL11154","Homo sapiens",32,TRUE,8,3,"GSK690_1uM; GSK690*_1uM; RN-1_1uM",TRUE,FALSE,TRUE,"Inhibitors of the histone lysine demethylase KDM1A are broadly efficacious in AML by evict"
"GSE71741","GPL11154","Homo sapiens",47,TRUE,13,5,"GSK690; GSK690_1uM; GSK690*_1uM; RN-1; RN-1_1uM",TRUE,FALSE,TRUE,"Inhibitors of the histone lysine demethylase KDM1A are broadly efficacious in AML by evict"
"GSE72152","GPL16686","Homo sapiens",7,FALSE,0,0,"",TRUE,FALSE,FALSE,"Novel IDH1 Mutant Inhibitors for Treatment of Acute Myeloid Leukemia (expression)"
"GSE72253","GPL11154","Homo sapiens",6,FALSE,0,0,"",TRUE,TRUE,FALSE,"Novel IDH1 Mutant Inhibitors for Treatment of Acute Myeloid Leukemia"
"GSE74928","GPL11154","Homo sapiens",8,TRUE,4,1,"XX-650-23",TRUE,FALSE,TRUE,"XX-650-23, an inhibitor of CREB-CBP interaction, effect on acute myeloid leukemia cell lin"
"GSE76747","GPL11154","Homo sapiens",4,FALSE,0,0,"",TRUE,TRUE,FALSE,"The Histone Methyltransferases MLL1 and DOT1L Cooperate with Meningioma-1 to Induce AML [H"
"GSE76750","GPL11154","Homo sapiens",10,FALSE,0,0,"",TRUE,TRUE,FALSE,"The Histone Methyltransferases MLL1 and DOT1L Cooperate with Meningioma-1 to Induce AML"
"GSE78734","GPL16025","Homo sapiens",8,TRUE,2,3,"ATRA; PMA; vibsanin",TRUE,FALSE,TRUE,"Expression profiling of myeloid leukemia cell treated with vibsanin A, PMA and ATRA"
"GSE79284","GPL11154","Homo sapiens",12,TRUE,6,1,"BRD9",TRUE,TRUE,TRUE,"Sensitivity and engineered resistance of myeloid leukemia cells to BRD9 inhibition (RNA-se"
"GSE79391","GPL11154","Homo sapiens",15,TRUE,9,1,"BRD9",TRUE,TRUE,TRUE,"Sensitivity and engineered resistance of myeloid leukemia cells to BRD9 inhibition"
"GSE80774","GPL11154","Homo sapiens",6,TRUE,3,1,"shENL Knock Down",FALSE,FALSE,TRUE,"ENL Links Histone Acetylation to Oncogenic Gene Expression in AML"
"GSE81060","GPL16956","Homo sapiens",6,FALSE,0,0,"",FALSE,FALSE,FALSE,"Molecular mechanism of the G1 arrest and cellular senescence induced by LEE011, novel CDK4"
"GSE82057","GPL16686","Homo sapiens",8,TRUE,0,1,"PB",TRUE,FALSE,FALSE,"Dopamine receptor allows selective targeting of neoplastic progenitors in human acute myel"
"GSE82117","GPL18573","Homo sapiens",18,FALSE,0,0,"",TRUE,FALSE,FALSE,"Transcription control by the ENL YEATS domain in acute leukemia [RNA-seq]"
"GSE82118","GPL18573","Homo sapiens",38,TRUE,20,0,"",TRUE,FALSE,FALSE,"Transcription control by the ENL YEATS domain in acute leukemia"
"GSE82235","GPL21980","Homo sapiens",4,TRUE,2,1,"transduced lentivirus targeting transcripts whole human genome were LEN .",TRUE,FALSE,TRUE,"A calcium- and calpain-dependent pathway determines the response to lenalidomide in myelod"
"GSE83485","GPL570","Homo sapiens",6,TRUE,3,1,"BAY1436032",TRUE,FALSE,TRUE,"Gene expression changes induced by BAY1436032 (IDH1mut inhibitor) in sorted human (CD45+) "
"GSE83660","GPL11154","Homo sapiens",16,TRUE,7,2,"JQ1,; MS417,",TRUE,FALSE,TRUE,"High Resolution Mapping of RNA Polymerases Identifies Mechanisms of Sensitivity and Resist"
"GSE83671","GPL11154","Homo sapiens",16,FALSE,0,0,"",TRUE,FALSE,FALSE,"MLL-AF4 Spreading Identifies Binding Sites that Are Distinct from Super-Enhancers and that"
"GSE83983","GPL16686","Homo sapiens",60,FALSE,0,0,"",TRUE,FALSE,FALSE,"Differential gene expression analysis of pediatric acute myeloid leukemia cell lines treat"
"GSE84440","GPL15207","Homo sapiens",4,FALSE,0,0,"",TRUE,FALSE,FALSE,"Gene expression profiles of MV-4-11 AML cells treated HDAC1/2 -selective inhibitor and Aza"
"GSE85107","GPL11154","Homo sapiens",13,FALSE,0,0,"",TRUE,FALSE,FALSE,"Targeting Chromatin Regulators Inhibits Leukemogenic Gene Expression in NPM1 Mutant Leukem"
"GSE85840","GPL11154","Homo sapiens",48,TRUE,24,1,"AZD5153",FALSE,FALSE,TRUE,"Transcriptional changes induced by Brd4 inhibitor, AZD5153, in cancer cell lines"
"GSE86021","GPL18460","Homo sapiens",18,TRUE,4,3,"AZA; Crenolanib; Crenolanib + AZA",FALSE,FALSE,TRUE,"Crenolanib in combination with azacitidine abrogates stromal protection and survival of le"
"GSE86151","GPL11154","Homo sapiens",24,TRUE,12,1,"Cyclocreatine",TRUE,FALSE,TRUE,"Targeting the Creatine Kinase Pathway in EVI1-Positive Acute Myeloid Leukemia"
"GSE86445","GPL570","Homo sapiens",6,FALSE,0,0,"",TRUE,FALSE,FALSE,"Integrated analysis of the molecular action of Vorinostat identifies epi-sensitised target"
"GSE87580","GPL16699","Homo sapiens",12,TRUE,6,1,"T-3775440",TRUE,FALSE,TRUE,"A novel LSD1 inhibitor T-3775440 induces transdifferentiation in AML cell lines"
"GSE89521","GPL16791","Homo sapiens",28,FALSE,0,0,"",FALSE,FALSE,FALSE,"Rational targeting of cooperating layers of the epigenome yields enhanced therapeutic effi"
"GSE89637","GPL16699","Homo sapiens",8,TRUE,2,3,"Pevonedistat; T-3775440; T-3775440+Pevonedistat",TRUE,FALSE,TRUE,"Synergistic Interaction Between the LSD1 Inhibitor T-3775440 and the NEDD8-activating Enzy"
"GSE93877","GPL18573","Homo sapiens",6,FALSE,0,0,"",TRUE,FALSE,FALSE,"RNA-Seq in SMARCD2 k/d NB4 cells with/without ATRA differentiation"
"GSE94453","GPL16791","Homo sapiens",12,TRUE,6,1,"doxycycline",TRUE,FALSE,TRUE,"MEF2C phosphorylation is required for chemotherapy resistance in acute myeloid leukemia [m"
"GSE94461","GPL11154","Homo sapiens",8,TRUE,4,1,"GW9662",TRUE,FALSE,TRUE,"The effect of PPARG inhibition on human angiomyolipoma cells"
"GSE94567","GPL23032","Homo sapiens",54,FALSE,0,0,"",TRUE,TRUE,FALSE,"ORY-1001/RG6016 effect on leukemia cell lines"
"GSE94835","GPL17692","Homo sapiens",11,TRUE,2,0,"",TRUE,FALSE,FALSE,"Cluster regulation of RUNX family by """"gene switch"""" triggers a profound tumor regression "
"GSE94849","GPL16791","Homo sapiens",24,FALSE,0,0,"",TRUE,FALSE,FALSE,"RNA Sequencing of Pinometostat Sensitive and Resistant Paired Cell Lines"
"GSE97331","GPL15207","Homo sapiens",39,TRUE,18,1,"SY-1425",TRUE,FALSE,TRUE,"AML cell line expression response to SY-1425 (tamibarotene)"
"GSE97631","GPL6244","Homo sapiens",6,TRUE,0,2,"AraC; PBS",FALSE,FALSE,FALSE,"Gene expression of viable human AML cells purified by FACS from bone marrows of three AML "
"GSE97707","GPL10558","Homo sapiens",22,TRUE,11,1,"ARV825",TRUE,FALSE,TRUE,"Effect of PROTAC-mediated BRD4 degradation in acute myeloid leukemia"
"GSE982","GPL96","Homo sapiens",75,FALSE,0,0,"",FALSE,FALSE,FALSE,"Gene Expression-Based High Throughput Screening: HL-60 Cell Treatment with Candidate Compo"
"GSE99255","GPL16791","Homo sapiens",6,FALSE,0,0,"",TRUE,FALSE,FALSE,"Dual inhibition of HDMX and HDM2 as a Therapeutic Strategy in Leukemia"
"GSE995","GPL80","Homo sapiens",30,FALSE,0,0,"",FALSE,FALSE,FALSE,"Differentiation of acute myeloid leukemia cells"
