"GSM","Score","GSE","Platform","GenesFound","GenesExpected","SampleTitle","Characteristics","LibSize","TreatmentRaw","CellLine","IsControl","Agent","AgentConfidence"
"GSM3175563",0.926338236598966,"GSE115328","NCBI-counts",6,6,"OSUCLL DMSO 0 5h rep 1","treatment: DMSO | timepoint (h): 5 | dose (micromolar): 0",28138783,"DMSO",NA,TRUE,"control","control"
"GSM3175564",0.893633545372139,"GSE115328","NCBI-counts",6,6,"OSUCLL CC122 0.1 5h rep 1","treatment: CC122 | timepoint (h): 5 | dose (micromolar): 0.1",25789920,"CC122",NA,FALSE,"CC122","high"
"GSM3175565",0.983624508754872,"GSE115328","NCBI-counts",6,6,"OSUCLL CC122 1 5h rep 1","treatment: CC122 | timepoint (h): 5 | dose (micromolar): 1",24841182,"CC122",NA,FALSE,"CC122","high"
"GSM3175566",0.981329056682005,"GSE115328","NCBI-counts",6,6,"OSUCLL LEN 1 5h rep 1","treatment: LEN | timepoint (h): 5 | dose (micromolar): 1",26876405,"LEN",NA,FALSE,"LEN","high"
"GSM3175567",0.854006385839922,"GSE115328","NCBI-counts",6,6,"OSUCLL DMSO 0 24h rep 1","treatment: DMSO | timepoint (h): 24 | dose (micromolar): 0",25522787,"DMSO",NA,TRUE,"control","control"
"GSM3175568",0.903312797848087,"GSE115328","NCBI-counts",6,6,"OSUCLL CC122 0.1 24h rep 1","treatment: CC122 | timepoint (h): 24 | dose (micromolar): 0.1",25758267,"CC122",NA,FALSE,"CC122","high"
"GSM3175569",0.925622823235723,"GSE115328","NCBI-counts",6,6,"OSUCLL CC122 1 24h rep 1","treatment: CC122 | timepoint (h): 24 | dose (micromolar): 1",24419159,"CC122",NA,FALSE,"CC122","high"
"GSM3175570",0.908583196343537,"GSE115328","NCBI-counts",6,6,"OSUCLL LEN 1 24h rep 1","treatment: LEN | timepoint (h): 24 | dose (micromolar): 1",23413062,"LEN",NA,FALSE,"LEN","high"
"GSM3175571",0.925103424465863,"GSE115328","NCBI-counts",6,6,"OSUCLL DMSO 0 5h rep 2","treatment: DMSO | timepoint (h): 5 | dose (micromolar): 0",25651005,"DMSO",NA,TRUE,"control","control"
"GSM3175572",0.933785308024863,"GSE115328","NCBI-counts",6,6,"OSUCLL CC122 0.1 5h rep 2","treatment: CC122 | timepoint (h): 5 | dose (micromolar): 0.1",25390627,"CC122",NA,FALSE,"CC122","high"
"GSM3175573",1.01795785053085,"GSE115328","NCBI-counts",6,6,"OSUCLL CC122 1 5h rep 2","treatment: CC122 | timepoint (h): 5 | dose (micromolar): 1",24631106,"CC122",NA,FALSE,"CC122","high"
"GSM3175574",0.964401488094176,"GSE115328","NCBI-counts",6,6,"OSUCLL LEN 1 5h rep 2","treatment: LEN | timepoint (h): 5 | dose (micromolar): 1",27776810,"LEN",NA,FALSE,"LEN","high"
"GSM3175575",0.854662606896261,"GSE115328","NCBI-counts",6,6,"OSUCLL DMSO 0 24h rep 2","treatment: DMSO | timepoint (h): 24 | dose (micromolar): 0",20491882,"DMSO",NA,TRUE,"control","control"
"GSM3175576",0.935097204282756,"GSE115328","NCBI-counts",6,6,"OSUCLL CC122 0.1 24h rep 2","treatment: CC122 | timepoint (h): 24 | dose (micromolar): 0.1",27017211,"CC122",NA,FALSE,"CC122","high"
"GSM3175577",1.01366923488969,"GSE115328","NCBI-counts",6,6,"OSUCLL CC122 1 24h rep 2","treatment: CC122 | timepoint (h): 24 | dose (micromolar): 1",25376539,"CC122",NA,FALSE,"CC122","high"
"GSM3175578",0.894807038995955,"GSE115328","NCBI-counts",6,6,"OSUCLL LEN 1 24h rep 2","treatment: LEN | timepoint (h): 24 | dose (micromolar): 1",23961034,"LEN",NA,FALSE,"LEN","high"
"GSM3175579",0.961862803365364,"GSE115328","NCBI-counts",6,6,"OSUCLL DMSO 0 5h rep 3","treatment: DMSO | timepoint (h): 5 | dose (micromolar): 0",20085995,"DMSO",NA,TRUE,"control","control"
"GSM3175580",0.915881965882253,"GSE115328","NCBI-counts",6,6,"OSUCLL CC122 0.1 5h rep 3","treatment: CC122 | timepoint (h): 5 | dose (micromolar): 0.1",30645018,"CC122",NA,FALSE,"CC122","high"
"GSM3175581",0.92615887184999,"GSE115328","NCBI-counts",6,6,"OSUCLL CC122 1 5h rep 3","treatment: CC122 | timepoint (h): 5 | dose (micromolar): 1",28333062,"CC122",NA,FALSE,"CC122","high"
"GSM3175582",0.956982171688065,"GSE115328","NCBI-counts",6,6,"OSUCLL LEN 1 5h rep 3","treatment: LEN | timepoint (h): 5 | dose (micromolar): 1",25118613,"LEN",NA,FALSE,"LEN","high"
"GSM3175583",0.856477496779979,"GSE115328","NCBI-counts",6,6,"OSUCLL DMSO 0 24h rep 3","treatment: DMSO | timepoint (h): 24 | dose (micromolar): 0",24204966,"DMSO",NA,TRUE,"control","control"
"GSM3175584",0.939183166632163,"GSE115328","NCBI-counts",6,6,"OSUCLL CC122 0.1 24h rep 3","treatment: CC122 | timepoint (h): 24 | dose (micromolar): 0.1",25154347,"CC122",NA,FALSE,"CC122","high"
"GSM3175585",0.957880545093383,"GSE115328","NCBI-counts",6,6,"OSUCLL CC122 1 24h rep 3","treatment: CC122 | timepoint (h): 24 | dose (micromolar): 1",25650287,"CC122",NA,FALSE,"CC122","high"
"GSM3175586",0.920149729066142,"GSE115328","NCBI-counts",6,6,"OSUCLL LEN 1 24h rep 3","treatment: LEN | timepoint (h): 24 | dose (micromolar): 1",26191452,"LEN",NA,FALSE,"LEN","high"
"GSM3382062",0.754468480713289,"GSE119744","NCBI-counts",6,6,"MEC1_DMSO_RNAseq_rep1","cell type: CLL cell line | treatment: DMSO",22338907,"DMSO","CLL cell line",TRUE,"control","control"
"GSM3382063",0.837411021258769,"GSE119744","NCBI-counts",6,6,"MEC1_DMSO_RNAseq_rep2","cell type: CLL cell line | treatment: DMSO",20543865,"DMSO","CLL cell line",TRUE,"control","control"
"GSM3382064",0.774298611720627,"GSE119744","NCBI-counts",6,6,"MEC1_DMSO_RNAseq_rep3","cell type: CLL cell line | treatment: DMSO",21589138,"DMSO","CLL cell line",TRUE,"control","control"
"GSM3382065",0.995217135215077,"GSE119744","NCBI-counts",6,6,"MEC1_JQ1_RNAseq_rep1","cell type: CLL cell line | treatment: JQ1",22371538,"JQ1","CLL cell line",FALSE,"JQ1","high"
"GSM3382066",0.971224669652603,"GSE119744","NCBI-counts",6,6,"MEC1_JQ1_RNAseq_rep2","cell type: CLL cell line | treatment: JQ1",23369702,"JQ1","CLL cell line",FALSE,"JQ1","high"
"GSM3382067",0.896406826649178,"GSE119744","NCBI-counts",6,6,"MEC1_JQ1_RNAseq_rep3","cell type: CLL cell line | treatment: JQ1",23205489,"JQ1","CLL cell line",FALSE,"JQ1","high"
"GSM3382068",0.41786258761931,"GSE119744","NCBI-counts",6,6,"MEC2_DMSO_RNAseq_rep1","cell type: CLL cell line | treatment: DMSO",19009005,"DMSO","CLL cell line",TRUE,"control","control"
"GSM3382069",0.396249590540246,"GSE119744","NCBI-counts",6,6,"MEC2_DMSO_RNAseq_rep2","cell type: CLL cell line | treatment: DMSO",21078034,"DMSO","CLL cell line",TRUE,"control","control"
"GSM3382070",0.320224194642292,"GSE119744","NCBI-counts",6,6,"MEC2_DMSO_RNAseq_rep3","cell type: CLL cell line | treatment: DMSO",22189481,"DMSO","CLL cell line",TRUE,"control","control"
"GSM3382071",0.56521083805991,"GSE119744","NCBI-counts",6,6,"MEC2_JQ1_RNAseq_rep1","cell type: CLL cell line | treatment: JQ1",21429322,"JQ1","CLL cell line",FALSE,"JQ1","high"
"GSM3382072",0.553151294216962,"GSE119744","NCBI-counts",6,6,"MEC2_JQ1_RNAseq_rep2","cell type: CLL cell line | treatment: JQ1",17622759,"JQ1","CLL cell line",FALSE,"JQ1","high"
"GSM3382073",0.487369300506561,"GSE119744","NCBI-counts",6,6,"MEC2_JQ1_RNAseq_rep3","cell type: CLL cell line | treatment: JQ1",18730672,"JQ1","CLL cell line",FALSE,"JQ1","high"
"GSM3382074",0.879164948888019,"GSE119744","NCBI-counts",6,6,"OSUCLL_DMSO_RNAseq_rep1","cell type: CLL cell line | treatment: DMSO",16412585,"DMSO","CLL cell line",TRUE,"control","control"
"GSM3382075",0.862136921551344,"GSE119744","NCBI-counts",6,6,"OSUCLL_DMSO_RNAseq_rep2","cell type: CLL cell line | treatment: DMSO",16944321,"DMSO","CLL cell line",TRUE,"control","control"
"GSM3382076",0.83608895338243,"GSE119744","NCBI-counts",6,6,"OSUCLL_DMSO_RNAseq_rep3","cell type: CLL cell line | treatment: DMSO",22676596,"DMSO","CLL cell line",TRUE,"control","control"
"GSM3382077",0.867166720297095,"GSE119744","NCBI-counts",6,6,"OSUCLL_JQ1_RNAseq_rep1","cell type: CLL cell line | treatment: JQ1",16462517,"JQ1","CLL cell line",FALSE,"JQ1","high"
"GSM3382078",0.94670039750237,"GSE119744","NCBI-counts",6,6,"OSUCLL_JQ1_RNAseq_rep2","cell type: CLL cell line | treatment: JQ1",18884964,"JQ1","CLL cell line",FALSE,"JQ1","high"
"GSM3382079",0.855906036186759,"GSE119744","NCBI-counts",6,6,"OSUCLL_JQ1_RNAseq_rep3","cell type: CLL cell line | treatment: JQ1",21354344,"JQ1","CLL cell line",FALSE,"JQ1","high"
"GSM3382080",1.25020349072253,"GSE119744","NCBI-counts",6,6,"CII_DMSO_RNAseq_rep1","cell type: CLL cell line | treatment: DMSO",19241977,"DMSO","CLL cell line",TRUE,"control","control"
"GSM3382081",1.30373794823066,"GSE119744","NCBI-counts",6,6,"CII_DMSO_RNAseq_rep2","cell type: CLL cell line | treatment: DMSO",20043871,"DMSO","CLL cell line",TRUE,"control","control"
"GSM3382082",1.19914695370237,"GSE119744","NCBI-counts",6,6,"CII_DMSO_RNAseq_rep3","cell type: CLL cell line | treatment: DMSO",20743301,"DMSO","CLL cell line",TRUE,"control","control"
"GSM3382083",1.09935663086747,"GSE119744","NCBI-counts",6,6,"CII_JQ1_RNAseq_rep1","cell type: CLL cell line | treatment: JQ1",17447322,"JQ1","CLL cell line",FALSE,"JQ1","high"
"GSM3382084",1.07897122846928,"GSE119744","NCBI-counts",6,6,"CII_JQ1_RNAseq_rep2","cell type: CLL cell line | treatment: JQ1",18997370,"JQ1","CLL cell line",FALSE,"JQ1","high"
"GSM3382085",1.12542532849166,"GSE119744","NCBI-counts",6,6,"CII_JQ1_RNAseq_rep3","cell type: CLL cell line | treatment: JQ1",19961838,"JQ1","CLL cell line",FALSE,"JQ1","high"
"GSM3573899",1.92115091767317,"GSE125437","NCBI-counts",6,6,"MV411.BAY1251152.8h_Rep1","cell line: MV4-11 | agent: BAY-1251152 | concentration: 0.05 uM | time point (hours): 8 | mll fusion type: MLL-AF",21089803,"BAY-1251152","MV4-11",FALSE,"BAY-1251152","high"
"GSM3573900",1.88761361280551,"GSE125437","NCBI-counts",6,6,"MV411.BAY1251152.8h_Rep2","cell line: MV4-11 | agent: BAY-1251152 | concentration: 0.05 uM | time point (hours): 8 | mll fusion type: MLL-AF",14898433,"BAY-1251152","MV4-11",FALSE,"BAY-1251152","high"
"GSM3573901",2.15196362804088,"GSE125437","NCBI-counts",6,6,"MV411.OTX015.8h_Rep1","cell line: MV4-11 | agent: OTX015 | concentration: 1uM | time point (hours): 8 | mll fusion type: MLL-AF",18807721,"OTX015","MV4-11",FALSE,"OTX015","high"
"GSM3573902",2.13859104609221,"GSE125437","NCBI-counts",6,6,"MV411.OTX015.8h_Rep2","cell line: MV4-11 | agent: OTX015 | concentration: 1uM | time point (hours): 8 | mll fusion type: MLL-AF",22177392,"OTX015","MV4-11",FALSE,"OTX015","high"
"GSM3573903",2.13792466331209,"GSE125437","NCBI-counts",6,6,"MV411.OTX015.8h_Rep3","cell line: MV4-11 | agent: OTX015 | concentration: 1uM | time point (hours): 8 | mll fusion type: MLL-AF",19928996,"OTX015","MV4-11",FALSE,"OTX015","high"
"GSM3573904",1.36916352608294,"GSE125437","NCBI-counts",6,6,"MOLM13.BAY1251152.8h_Rep1","cell line: MOLM-13 | agent: BAY-1251152 | concentration: 0.05 uM | time point (hours): 8 | mll fusion type: MLL-AF",20206322,"BAY-1251152","MOLM-13",FALSE,"BAY-1251152","high"
"GSM3573905",1.37786132646035,"GSE125437","NCBI-counts",6,6,"MOLM13.BAY1251152.8h_Rep2","cell line: MOLM-13 | agent: BAY-1251152 | concentration: 0.05 uM | time point (hours): 8 | mll fusion type: MLL-AF",18618843,"BAY-1251152","MOLM-13",FALSE,"BAY-1251152","high"
"GSM3573906",1.35135340526187,"GSE125437","NCBI-counts",6,6,"MOLM13.BAY1251152.8h_Rep3","cell line: MOLM-13 | agent: BAY-1251152 | concentration: 0.05 uM | time point (hours): 8 | mll fusion type: MLL-AF",22938515,"BAY-1251152","MOLM-13",FALSE,"BAY-1251152","high"
"GSM3573907",1.70280897147718,"GSE125437","NCBI-counts",6,6,"MOLM13.OTX015.8h_Rep1","cell line: MOLM-13 | agent: OTX015 | concentration: 1uM | time point (hours): 8 | mll fusion type: MLL-AF",19800069,"OTX015","MOLM-13",FALSE,"OTX015","high"
"GSM3573908",1.70404365825754,"GSE125437","NCBI-counts",6,6,"MOLM13.OTX015.8h_Rep2","cell line: MOLM-13 | agent: OTX015 | concentration: 1uM | time point (hours): 8 | mll fusion type: MLL-AF",17387751,"OTX015","MOLM-13",FALSE,"OTX015","high"
"GSM3573909",1.69280931896312,"GSE125437","NCBI-counts",6,6,"MOLM13.OTX015.8h_Rep3","cell line: MOLM-13 | agent: OTX015 | concentration: 1uM | time point (hours): 8 | mll fusion type: MLL-AF",15748753,"OTX015","MOLM-13",FALSE,"OTX015","high"
"GSM3573910",2.02615930777282,"GSE125437","NCBI-counts",6,6,"NOMO1.BAY1251152.8h_Rep1","cell line: NOMO-1 | agent: BAY-1251152 | concentration: 0.05 uM | time point (hours): 8 | mll fusion type: MLL-AF",16502154,"BAY-1251152","NOMO-1",FALSE,"BAY-1251152","high"
"GSM3573911",2.06137919753973,"GSE125437","NCBI-counts",6,6,"NOMO1.BAY1251152.8h_Rep2","cell line: NOMO-1 | agent: BAY-1251152 | concentration: 0.05 uM | time point (hours): 8 | mll fusion type: MLL-AF",19570513,"BAY-1251152","NOMO-1",FALSE,"BAY-1251152","high"
"GSM3573912",2.0069718668714,"GSE125437","NCBI-counts",6,6,"NOMO1.BAY1251152.8h_Rep3","cell line: NOMO-1 | agent: BAY-1251152 | concentration: 0.05 uM | time point (hours): 8 | mll fusion type: MLL-AF",17586222,"BAY-1251152","NOMO-1",FALSE,"BAY-1251152","high"
"GSM3573913",2.32881075890611,"GSE125437","NCBI-counts",6,6,"NOMO1.OTX015.8h_Rep1","cell line: NOMO-1 | agent: OTX015 | concentration: 1uM | time point (hours): 8 | mll fusion type: MLL-AF",17862394,"OTX015","NOMO-1",FALSE,"OTX015","high"
"GSM3573914",2.30524420275357,"GSE125437","NCBI-counts",6,6,"NOMO1.OTX015.8h_Rep2","cell line: NOMO-1 | agent: OTX015 | concentration: 1uM | time point (hours): 8 | mll fusion type: MLL-AF",12001509,"OTX015","NOMO-1",FALSE,"OTX015","high"
"GSM3573915",2.35844359840079,"GSE125437","NCBI-counts",6,6,"NOMO1.OTX015.8h_Rep3","cell line: NOMO-1 | agent: OTX015 | concentration: 1uM | time point (hours): 8 | mll fusion type: MLL-AF",9951562,"OTX015","NOMO-1",FALSE,"OTX015","high"
"GSM3573916",1.51303821615444,"GSE125437","NCBI-counts",6,6,"Jurkat.BAY1251152.8h_Rep1","cell line: Jurkat | agent: BAY-1251152 | concentration: 0.05 uM | time point (hours): 8 | mll fusion type: MLL-WT",14522999,"BAY-1251152","Jurkat",FALSE,"BAY-1251152","high"
"GSM3573917",1.52318347181061,"GSE125437","NCBI-counts",6,6,"Jurkat.BAY1251152.8h_Rep2","cell line: Jurkat | agent: BAY-1251152 | concentration: 0.05 uM | time point (hours): 8 | mll fusion type: MLL-WT",18186296,"BAY-1251152","Jurkat",FALSE,"BAY-1251152","high"
"GSM3573918",1.32858266396744,"GSE125437","NCBI-counts",6,6,"Jurkat.OTX015.8h_Rep1","cell line: Jurkat | agent: OTX015 | concentration: 1uM | time point (hours): 8 | mll fusion type: MLL-WT",18790064,"OTX015","Jurkat",FALSE,"OTX015","high"
"GSM3573919",1.33460096952186,"GSE125437","NCBI-counts",6,6,"Jurkat.OTX015.8h_Rep2","cell line: Jurkat | agent: OTX015 | concentration: 1uM | time point (hours): 8 | mll fusion type: MLL-WT",19090951,"OTX015","Jurkat",FALSE,"OTX015","high"
"GSM3573920",1.31602275954516,"GSE125437","NCBI-counts",6,6,"Jurkat.OTX015.8h_Rep3","cell line: Jurkat | agent: OTX015 | concentration: 1uM | time point (hours): 8 | mll fusion type: MLL-WT",14678604,"OTX015","Jurkat",FALSE,"OTX015","high"
"GSM3573921",1.40270521097686,"GSE125437","NCBI-counts",6,6,"MV411.BAY155.24h_Rep1","cell line: MV4-11 | agent: BAY-155 | concentration: 2uM | time point (hours): 24 | mll fusion type: MLL-AF",23324059,"BAY-155","MV4-11",FALSE,"BAY-155","high"
"GSM3573922",1.3808296728392,"GSE125437","NCBI-counts",6,6,"MV411.BAY155.24h_Rep2","cell line: MV4-11 | agent: BAY-155 | concentration: 2uM | time point (hours): 24 | mll fusion type: MLL-AF",25510572,"BAY-155","MV4-11",FALSE,"BAY-155","high"
"GSM3573923",1.40778740710157,"GSE125437","NCBI-counts",6,6,"MV411.BAY155.24h_Rep3","cell line: MV4-11 | agent: BAY-155 | concentration: 2uM | time point (hours): 24 | mll fusion type: MLL-AF",11396301,"BAY-155","MV4-11",FALSE,"BAY-155","high"
"GSM3573924",1.33419872477826,"GSE125437","NCBI-counts",6,6,"MOLM13.BAY155.24h_Rep1","cell line: MOLM-13 | agent: BAY-155 | concentration: 2uM | time point (hours): 24 | mll fusion type: MLL-AF",15597081,"BAY-155","MOLM-13",FALSE,"BAY-155","high"
"GSM3573925",1.28259699574644,"GSE125437","NCBI-counts",6,6,"MOLM13.BAY155.24h_Rep2","cell line: MOLM-13 | agent: BAY-155 | concentration: 2uM | time point (hours): 24 | mll fusion type: MLL-AF",16316749,"BAY-155","MOLM-13",FALSE,"BAY-155","high"
"GSM3573926",1.36004699104154,"GSE125437","NCBI-counts",6,6,"MOLM13.BAY155.24h_Rep3","cell line: MOLM-13 | agent: BAY-155 | concentration: 2uM | time point (hours): 24 | mll fusion type: MLL-AF",13205349,"BAY-155","MOLM-13",FALSE,"BAY-155","high"
"GSM3573927",1.81752071259095,"GSE125437","NCBI-counts",6,6,"MV411.Brequinar.24h_Rep1","cell line: MV4-11 | agent: Brequinar | concentration: 2uM | time point (hours): 24 | mll fusion type: MLL-AF",8540208,"Brequinar","MV4-11",FALSE,"Brequinar","high"
"GSM3573928",1.7797584035994,"GSE125437","NCBI-counts",6,6,"MV411.Brequinar.24h_Rep2","cell line: MV4-11 | agent: Brequinar | concentration: 2uM | time point (hours): 24 | mll fusion type: MLL-AF",18635420,"Brequinar","MV4-11",FALSE,"Brequinar","high"
"GSM3573929",1.80015724841945,"GSE125437","NCBI-counts",6,6,"MV411.Brequinar.24h_Rep3","cell line: MV4-11 | agent: Brequinar | concentration: 2uM | time point (hours): 24 | mll fusion type: MLL-AF",10571526,"Brequinar","MV4-11",FALSE,"Brequinar","high"
"GSM3573930",1.97565278632572,"GSE125437","NCBI-counts",6,6,"MV411.DMSO.24h_Rep1","cell line: MV4-11 | agent: DMSO | concentration: 0.10 percent | time point (hours): 24 | mll fusion type: MLL-AF",23275897,"DMSO","MV4-11",TRUE,"control","control"
"GSM3573931",1.98314609912483,"GSE125437","NCBI-counts",6,6,"MV411.DMSO.24h_Rep2","cell line: MV4-11 | agent: DMSO | concentration: 0.10 percent | time point (hours): 24 | mll fusion type: MLL-AF",13219847,"DMSO","MV4-11",TRUE,"control","control"
"GSM3573932",1.94753163825326,"GSE125437","NCBI-counts",6,6,"MV411.DMSO.24h_Rep3","cell line: MV4-11 | agent: DMSO | concentration: 0.10 percent | time point (hours): 24 | mll fusion type: MLL-AF",18367534,"DMSO","MV4-11",TRUE,"control","control"
"GSM3573933",1.16996859051932,"GSE125437","NCBI-counts",6,6,"MOLM13.Brequinar.24h_Rep1","cell line: MOLM-13 | agent: Brequinar | concentration: 2uM | time point (hours): 24 | mll fusion type: MLL-AF",17971940,"Brequinar","MOLM-13",FALSE,"Brequinar","high"
"GSM3573934",1.2239717094225,"GSE125437","NCBI-counts",6,6,"MOLM13.Brequinar.24h_Rep2","cell line: MOLM-13 | agent: Brequinar | concentration: 2uM | time point (hours): 24 | mll fusion type: MLL-AF",17005962,"Brequinar","MOLM-13",FALSE,"Brequinar","high"
"GSM3573935",1.24057734990974,"GSE125437","NCBI-counts",6,6,"MOLM13.Brequinar.24h_Rep3","cell line: MOLM-13 | agent: Brequinar | concentration: 2uM | time point (hours): 24 | mll fusion type: MLL-AF",10417791,"Brequinar","MOLM-13",FALSE,"Brequinar","high"
"GSM3573936",1.49663141971199,"GSE125437","NCBI-counts",6,6,"MOLM13.DMSO.24h_Rep1","cell line: MOLM-13 | agent: DMSO | concentration: 0.10 percent | time point (hours): 24 | mll fusion type: MLL-AF",18685427,"DMSO","MOLM-13",TRUE,"control","control"
"GSM3573937",1.4739228738561,"GSE125437","NCBI-counts",6,6,"MOLM13.DMSO.24h_Rep2","cell line: MOLM-13 | agent: DMSO | concentration: 0.10 percent | time point (hours): 24 | mll fusion type: MLL-AF",17277481,"DMSO","MOLM-13",TRUE,"control","control"
"GSM3573938",1.46301308005792,"GSE125437","NCBI-counts",6,6,"MOLM13.DMSO.24h_Rep3","cell line: MOLM-13 | agent: DMSO | concentration: 0.10 percent | time point (hours): 24 | mll fusion type: MLL-AF",19281730,"DMSO","MOLM-13",TRUE,"control","control"
"GSM3573939",1.37352933844452,"GSE125437","NCBI-counts",6,6,"NOMO1.BAY155.24h_Rep1","cell line: NOMO-1 | agent: BAY-155 | concentration: 2uM | time point (hours): 24 | mll fusion type: MLL-AF",17598970,"BAY-155","NOMO-1",FALSE,"BAY-155","high"
"GSM3573940",1.27507450211504,"GSE125437","NCBI-counts",6,6,"NOMO1.BAY155.24h_Rep2","cell line: NOMO-1 | agent: BAY-155 | concentration: 2uM | time point (hours): 24 | mll fusion type: MLL-AF",13962572,"BAY-155","NOMO-1",FALSE,"BAY-155","high"
"GSM3573941",1.33044940459296,"GSE125437","NCBI-counts",6,6,"NOMO1.BAY155.24h_Rep3","cell line: NOMO-1 | agent: BAY-155 | concentration: 2uM | time point (hours): 24 | mll fusion type: MLL-AF",13726753,"BAY-155","NOMO-1",FALSE,"BAY-155","high"
"GSM3573942",1.9256207316689,"GSE125437","NCBI-counts",6,6,"NOMO1.Brequinar.24h_Rep1","cell line: NOMO-1 | agent: Brequinar | concentration: 2uM | time point (hours): 24 | mll fusion type: MLL-AF",12541218,"Brequinar","NOMO-1",FALSE,"Brequinar","high"
"GSM3573943",1.93885123286991,"GSE125437","NCBI-counts",6,6,"NOMO1.Brequinar.24h_Rep2","cell line: NOMO-1 | agent: Brequinar | concentration: 2uM | time point (hours): 24 | mll fusion type: MLL-AF",11344324,"Brequinar","NOMO-1",FALSE,"Brequinar","high"
"GSM3573944",2.00791933438745,"GSE125437","NCBI-counts",6,6,"NOMO1.Brequinar.24h_Rep3","cell line: NOMO-1 | agent: Brequinar | concentration: 2uM | time point (hours): 24 | mll fusion type: MLL-AF",12875471,"Brequinar","NOMO-1",FALSE,"Brequinar","high"
"GSM3573945",2.14921880768524,"GSE125437","NCBI-counts",6,6,"NOMO1.DMSO.24h_Rep1","cell line: NOMO-1 | agent: DMSO | concentration: 0.10 percent | time point (hours): 24 | mll fusion type: MLL-AF",19551896,"DMSO","NOMO-1",TRUE,"control","control"
"GSM3573946",2.19205467321913,"GSE125437","NCBI-counts",6,6,"NOMO1.DMSO.24h_Rep2","cell line: NOMO-1 | agent: DMSO | concentration: 0.10 percent | time point (hours): 24 | mll fusion type: MLL-AF",17001923,"DMSO","NOMO-1",TRUE,"control","control"
"GSM3573947",2.14835613808951,"GSE125437","NCBI-counts",6,6,"NOMO1.DMSO.24h_Rep3","cell line: NOMO-1 | agent: DMSO | concentration: 0.10 percent | time point (hours): 24 | mll fusion type: MLL-AF",18522973,"DMSO","NOMO-1",TRUE,"control","control"
"GSM3573948",1.87715386847154,"GSE125437","NCBI-counts",6,6,"Jurkat.BAY155.24h_Rep1","cell line: Jurkat | agent: BAY-155 | concentration: 2uM | time point (hours): 24 | mll fusion type: MLL-WT",17046263,"BAY-155","Jurkat",FALSE,"BAY-155","high"
"GSM3573949",1.83594052409395,"GSE125437","NCBI-counts",6,6,"Jurkat.BAY155.24h_Rep2","cell line: Jurkat | agent: BAY-155 | concentration: 2uM | time point (hours): 24 | mll fusion type: MLL-WT",16619148,"BAY-155","Jurkat",FALSE,"BAY-155","high"
"GSM3573950",1.87081712674791,"GSE125437","NCBI-counts",6,6,"Jurkat.BAY155.24h_Rep3","cell line: Jurkat | agent: BAY-155 | concentration: 2uM | time point (hours): 24 | mll fusion type: MLL-WT",14655095,"BAY-155","Jurkat",FALSE,"BAY-155","high"
"GSM3573951",1.64510046032558,"GSE125437","NCBI-counts",6,6,"Jurkat.Brequinar.24h_Rep1","cell line: Jurkat | agent: Brequinar | concentration: 2uM | time point (hours): 24 | mll fusion type: MLL-WT",11994049,"Brequinar","Jurkat",FALSE,"Brequinar","high"
"GSM3573952",1.67791552455662,"GSE125437","NCBI-counts",6,6,"Jurkat.Brequinar.24h_Rep2","cell line: Jurkat | agent: Brequinar | concentration: 2uM | time point (hours): 24 | mll fusion type: MLL-WT",17851146,"Brequinar","Jurkat",FALSE,"Brequinar","high"
"GSM3573953",1.75870132429798,"GSE125437","NCBI-counts",6,6,"Jurkat.DMSO.24h_Rep1","cell line: Jurkat | agent: DMSO | concentration: 0.10 percent | time point (hours): 24 | mll fusion type: MLL-WT",15798264,"DMSO","Jurkat",TRUE,"control","control"
"GSM3573954",1.79392786627343,"GSE125437","NCBI-counts",6,6,"Jurkat.DMSO.24h_Rep2","cell line: Jurkat | agent: DMSO | concentration: 0.10 percent | time point (hours): 24 | mll fusion type: MLL-WT",16036616,"DMSO","Jurkat",TRUE,"control","control"
"GSM3573955",1.81915946315583,"GSE125437","NCBI-counts",6,6,"Jurkat.DMSO.24h_Rep3","cell line: Jurkat | agent: DMSO | concentration: 0.10 percent | time point (hours): 24 | mll fusion type: MLL-WT",14394439,"DMSO","Jurkat",TRUE,"control","control"
"GSM3573956",1.54028672874636,"GSE125437","NCBI-counts",6,6,"MV411.EPZ5676.96h_Rep1","cell line: MV4-11 | agent: EPZ-5676 | concentration: 3uM | time point (hours): 96 | mll fusion type: MLL-AF",18265970,"EPZ-5676","MV4-11",FALSE,"EPZ-5676","high"
"GSM3573957",1.59198354739888,"GSE125437","NCBI-counts",6,6,"MV411.EPZ5676.96h_Rep2","cell line: MV4-11 | agent: EPZ-5676 | concentration: 3uM | time point (hours): 96 | mll fusion type: MLL-AF",19310806,"EPZ-5676","MV4-11",FALSE,"EPZ-5676","high"
"GSM3573958",1.47090528240055,"GSE125437","NCBI-counts",6,6,"MV411.EPZ5676.96h_Rep3","cell line: MV4-11 | agent: EPZ-5676 | concentration: 3uM | time point (hours): 96 | mll fusion type: MLL-AF",15485105,"EPZ-5676","MV4-11",FALSE,"EPZ-5676","high"
"GSM3573959",1.33006123953625,"GSE125437","NCBI-counts",6,6,"MOLM13.EPZ5676.96h_Rep1","cell line: MOLM-13 | agent: EPZ-5676 | concentration: 3uM | time point (hours): 96 | mll fusion type: MLL-AF",17991623,"EPZ-5676","MOLM-13",FALSE,"EPZ-5676","high"
"GSM3573960",1.30817100734413,"GSE125437","NCBI-counts",6,6,"MOLM13.EPZ5676.96h_Rep2","cell line: MOLM-13 | agent: EPZ-5676 | concentration: 3uM | time point (hours): 96 | mll fusion type: MLL-AF",17246043,"EPZ-5676","MOLM-13",FALSE,"EPZ-5676","high"
"GSM3573961",1.36130591361201,"GSE125437","NCBI-counts",6,6,"MOLM13.EPZ5676.96h_Rep3","cell line: MOLM-13 | agent: EPZ-5676 | concentration: 3uM | time point (hours): 96 | mll fusion type: MLL-AF",15927950,"EPZ-5676","MOLM-13",FALSE,"EPZ-5676","high"
"GSM3573962",1.94124590539116,"GSE125437","NCBI-counts",6,6,"NOMO1.EPZ5676.96h_Rep1","cell line: NOMO-1 | agent: EPZ-5676 | concentration: 3uM | time point (hours): 96 | mll fusion type: MLL-AF",18769007,"EPZ-5676","NOMO-1",FALSE,"EPZ-5676","high"
"GSM3573963",1.94388981411777,"GSE125437","NCBI-counts",6,6,"NOMO1.EPZ5676.96h_Rep2","cell line: NOMO-1 | agent: EPZ-5676 | concentration: 3uM | time point (hours): 96 | mll fusion type: MLL-AF",15173472,"EPZ-5676","NOMO-1",FALSE,"EPZ-5676","high"
"GSM3573964",1.93892904810862,"GSE125437","NCBI-counts",6,6,"NOMO1.EPZ5676.96h_Rep3","cell line: NOMO-1 | agent: EPZ-5676 | concentration: 3uM | time point (hours): 96 | mll fusion type: MLL-AF",18237980,"EPZ-5676","NOMO-1",FALSE,"EPZ-5676","high"
"GSM3573965",2.48118423633738,"GSE125437","NCBI-counts",6,6,"Jurkat.EPZ5676.96h_Rep1","cell line: Jurkat | agent: EPZ-5676 | concentration: 3uM | time point (hours): 96 | mll fusion type: MLL-WT",24690963,"EPZ-5676","Jurkat",FALSE,"EPZ-5676","high"
"GSM3573966",2.35903731285614,"GSE125437","NCBI-counts",6,6,"Jurkat.EPZ5676.96h_Rep2","cell line: Jurkat | agent: EPZ-5676 | concentration: 3uM | time point (hours): 96 | mll fusion type: MLL-WT",15849500,"EPZ-5676","Jurkat",FALSE,"EPZ-5676","high"
"GSM3573967",2.43816751621535,"GSE125437","NCBI-counts",6,6,"Jurkat.EPZ5676.96h_Rep3","cell line: Jurkat | agent: EPZ-5676 | concentration: 3uM | time point (hours): 96 | mll fusion type: MLL-WT",8593930,"EPZ-5676","Jurkat",FALSE,"EPZ-5676","high"
"GSM3573968",1.96937694053597,"GSE125437","NCBI-counts",6,6,"MV411.DMSO.96h_Rep1","cell line: MV4-11 | agent: DMSO | concentration: 0.10 percent | time point (hours): 96 | mll fusion type: MLL-AF",26873232,"DMSO","MV4-11",TRUE,"control","control"
"GSM3573969",1.92744715374456,"GSE125437","NCBI-counts",6,6,"MV411.DMSO.96h_Rep2","cell line: MV4-11 | agent: DMSO | concentration: 0.10 percent | time point (hours): 96 | mll fusion type: MLL-AF",26304778,"DMSO","MV4-11",TRUE,"control","control"
"GSM3573970",1.97338099889444,"GSE125437","NCBI-counts",6,6,"MV411.DMSO.96h_Rep3","cell line: MV4-11 | agent: DMSO | concentration: 0.10 percent | time point (hours): 96 | mll fusion type: MLL-AF",19968016,"DMSO","MV4-11",TRUE,"control","control"
"GSM3573971",1.45658844919218,"GSE125437","NCBI-counts",6,6,"MOLM13.DMSO.96h_Rep1","cell line: MOLM-13 | agent: DMSO | concentration: 0.10 percent | time point (hours): 96 | mll fusion type: MLL-AF",28665226,"DMSO","MOLM-13",TRUE,"control","control"
"GSM3573972",1.46690168939221,"GSE125437","NCBI-counts",6,6,"MOLM13.DMSO.96h_Rep2","cell line: MOLM-13 | agent: DMSO | concentration: 0.10 percent | time point (hours): 96 | mll fusion type: MLL-AF",26896844,"DMSO","MOLM-13",TRUE,"control","control"
"GSM3573973",1.47683150492341,"GSE125437","NCBI-counts",6,6,"MOLM13.DMSO.96h_Rep3","cell line: MOLM-13 | agent: DMSO | concentration: 0.10 percent | time point (hours): 96 | mll fusion type: MLL-AF",12681925,"DMSO","MOLM-13",TRUE,"control","control"
"GSM3573974",2.1756360499361,"GSE125437","NCBI-counts",6,6,"NOMO1.DMSO.96h_Rep1","cell line: NOMO-1 | agent: DMSO | concentration: 0.10 percent | time point (hours): 96 | mll fusion type: MLL-AF",16604332,"DMSO","NOMO-1",TRUE,"control","control"
"GSM3573975",2.22189370086196,"GSE125437","NCBI-counts",6,6,"NOMO1.DMSO.96h_Rep2","cell line: NOMO-1 | agent: DMSO | concentration: 0.10 percent | time point (hours): 96 | mll fusion type: MLL-AF",9007302,"DMSO","NOMO-1",TRUE,"control","control"
"GSM3573976",2.15003371330894,"GSE125437","NCBI-counts",6,6,"NOMO1.DMSO.96h_Rep3","cell line: NOMO-1 | agent: DMSO | concentration: 0.10 percent | time point (hours): 96 | mll fusion type: MLL-AF",15884643,"DMSO","NOMO-1",TRUE,"control","control"
"GSM3573977",2.3742276721514,"GSE125437","NCBI-counts",6,6,"Jurkat.DMSO.96h_Rep1","cell line: Jurkat | agent: DMSO | concentration: 0.10 percent | time point (hours): 96 | mll fusion type: MLL-WT",16118746,"DMSO","Jurkat",TRUE,"control","control"
"GSM3573978",2.4498526525337,"GSE125437","NCBI-counts",6,6,"Jurkat.DMSO.96h_Rep2","cell line: Jurkat | agent: DMSO | concentration: 0.10 percent | time point (hours): 96 | mll fusion type: MLL-WT",20787992,"DMSO","Jurkat",TRUE,"control","control"
"GSM3573979",1.12707181309707,"GSE125437","NCBI-counts",6,6,"ML2.BAY1251152.8h_Rep1","cell line: ML2 | agent: BAY-1251152 | concentration: 0.05 uM | time point (hours): 8 | mll fusion type: MLL-AF",19020288,"BAY-1251152","ML2",FALSE,"BAY-1251152","high"
"GSM3573980",1.10557309373413,"GSE125437","NCBI-counts",6,6,"ML2.BAY1251152.8h_Rep2","cell line: ML2 | agent: BAY-1251152 | concentration: 0.05 uM | time point (hours): 8 | mll fusion type: MLL-AF",16418471,"BAY-1251152","ML2",FALSE,"BAY-1251152","high"
"GSM3573981",1.10115903204979,"GSE125437","NCBI-counts",6,6,"ML2.BAY1251152.8h_Rep3","cell line: ML2 | agent: BAY-1251152 | concentration: 0.05 uM | time point (hours): 8 | mll fusion type: MLL-AF",11885842,"BAY-1251152","ML2",FALSE,"BAY-1251152","high"
"GSM3573982",1.11145389929958,"GSE125437","NCBI-counts",6,6,"ML2.OTX015.8h_Rep1","cell line: ML2 | agent: OTX015 | concentration: 1uM | time point (hours): 8 | mll fusion type: MLL-AF",20989583,"OTX015","ML2",FALSE,"OTX015","high"
"GSM3573983",1.11339540845651,"GSE125437","NCBI-counts",6,6,"ML2.OTX015.8h_Rep2","cell line: ML2 | agent: OTX015 | concentration: 1uM | time point (hours): 8 | mll fusion type: MLL-AF",17030041,"OTX015","ML2",FALSE,"OTX015","high"
"GSM3573984",1.09536389243135,"GSE125437","NCBI-counts",6,6,"ML2.OTX015.8h_Rep3","cell line: ML2 | agent: OTX015 | concentration: 1uM | time point (hours): 8 | mll fusion type: MLL-AF",16593573,"OTX015","ML2",FALSE,"OTX015","high"
"GSM3573985",0.993156387878724,"GSE125437","NCBI-counts",6,6,"OCIAML3.BAY1251152.8h_Rep1","cell line: OCI-AML3 | agent: BAY-1251152 | concentration: 0.05 uM | time point (hours): 8 | mll fusion type: NMP mut",17036919,"BAY-1251152","OCI-AML3",FALSE,"BAY-1251152","high"
"GSM3573986",1.01873300873146,"GSE125437","NCBI-counts",6,6,"OCIAML3.BAY1251152.8h_Rep2","cell line: OCI-AML3 | agent: BAY-1251152 | concentration: 0.05 uM | time point (hours): 8 | mll fusion type: NMP mut",16364696,"BAY-1251152","OCI-AML3",FALSE,"BAY-1251152","high"
"GSM3573987",1.04733446423337,"GSE125437","NCBI-counts",6,6,"OCIAML3.BAY1251152.8h_Rep3","cell line: OCI-AML3 | agent: BAY-1251152 | concentration: 0.05 uM | time point (hours): 8 | mll fusion type: NMP mut",17015366,"BAY-1251152","OCI-AML3",FALSE,"BAY-1251152","high"
"GSM3573988",0.947276080189081,"GSE125437","NCBI-counts",6,6,"OCIAML3.OTX015.8h_Rep1","cell line: OCI-AML3 | agent: OTX015 | concentration: 1uM | time point (hours): 8 | mll fusion type: NMP mut",16228060,"OTX015","OCI-AML3",FALSE,"OTX015","high"
"GSM3573989",0.906978981738799,"GSE125437","NCBI-counts",6,6,"OCIAML3.OTX015.8h_Rep2","cell line: OCI-AML3 | agent: OTX015 | concentration: 1uM | time point (hours): 8 | mll fusion type: NMP mut",17462248,"OTX015","OCI-AML3",FALSE,"OTX015","high"
"GSM3573990",0.911214133244794,"GSE125437","NCBI-counts",6,6,"OCIAML3.OTX015.8h_Rep3","cell line: OCI-AML3 | agent: OTX015 | concentration: 1uM | time point (hours): 8 | mll fusion type: NMP mut",13707909,"OTX015","OCI-AML3",FALSE,"OTX015","high"
"GSM3573991",1.41397377763452,"GSE125437","NCBI-counts",6,6,"EOL1.BAY1251152.8h_Rep1","cell line: EOL-1 | agent: BAY-1251152 | concentration: 0.05 uM | time point (hours): 8 | mll fusion type: MLL-TD",15916366,"BAY-1251152","EOL-1",FALSE,"BAY-1251152","high"
"GSM3573992",1.35764087863963,"GSE125437","NCBI-counts",6,6,"EOL1.BAY1251152.8h_Rep2","cell line: EOL-1 | agent: BAY-1251152 | concentration: 0.05 uM | time point (hours): 8 | mll fusion type: MLL-TD",20844342,"BAY-1251152","EOL-1",FALSE,"BAY-1251152","high"
"GSM3573993",1.37437289868909,"GSE125437","NCBI-counts",6,6,"EOL1.BAY1251152.8h_Rep3","cell line: EOL-1 | agent: BAY-1251152 | concentration: 0.05 uM | time point (hours): 8 | mll fusion type: MLL-TD",17469423,"BAY-1251152","EOL-1",FALSE,"BAY-1251152","high"
"GSM3573994",1.63166143541878,"GSE125437","NCBI-counts",6,6,"EOL1.OTX015.8h_Rep1","cell line: EOL-1 | agent: OTX015 | concentration: 1uM | time point (hours): 8 | mll fusion type: MLL-TD",14592690,"OTX015","EOL-1",FALSE,"OTX015","high"
"GSM3573995",1.68330173049049,"GSE125437","NCBI-counts",6,6,"EOL1.OTX015.8h_Rep2","cell line: EOL-1 | agent: OTX015 | concentration: 1uM | time point (hours): 8 | mll fusion type: MLL-TD",17678851,"OTX015","EOL-1",FALSE,"OTX015","high"
"GSM3573996",1.64327472486304,"GSE125437","NCBI-counts",6,6,"EOL1.OTX015.8h_Rep3","cell line: EOL-1 | agent: OTX015 | concentration: 1uM | time point (hours): 8 | mll fusion type: MLL-TD",16167471,"OTX015","EOL-1",FALSE,"OTX015","high"
"GSM3573997",0.564435142414038,"GSE125437","NCBI-counts",6,6,"HL60.BAY1251152.8h_Rep1","cell line: HL-60 | agent: BAY-1251152 | concentration: 0.05 uM | time point (hours): 8 | mll fusion type: MLL-WT",17072937,"BAY-1251152","HL-60",FALSE,"BAY-1251152","high"
"GSM3573998",0.526894755719504,"GSE125437","NCBI-counts",6,6,"HL60.BAY1251152.8h_Rep2","cell line: HL-60 | agent: BAY-1251152 | concentration: 0.05 uM | time point (hours): 8 | mll fusion type: MLL-WT",16526924,"BAY-1251152","HL-60",FALSE,"BAY-1251152","high"
"GSM3573999",0.544308140282698,"GSE125437","NCBI-counts",6,6,"HL60.BAY1251152.8h_Rep3","cell line: HL-60 | agent: BAY-1251152 | concentration: 0.05 uM | time point (hours): 8 | mll fusion type: MLL-WT",14805298,"BAY-1251152","HL-60",FALSE,"BAY-1251152","high"
"GSM3574000",0.758920168078729,"GSE125437","NCBI-counts",6,6,"HL60.OTX015.8h_Rep1","cell line: HL-60 | agent: OTX015 | concentration: 1uM | time point (hours): 8 | mll fusion type: MLL-WT",20198415,"OTX015","HL-60",FALSE,"OTX015","high"
"GSM3574001",0.794661356753127,"GSE125437","NCBI-counts",6,6,"HL60.OTX015.8h_Rep2","cell line: HL-60 | agent: OTX015 | concentration: 1uM | time point (hours): 8 | mll fusion type: MLL-WT",17460251,"OTX015","HL-60",FALSE,"OTX015","high"
"GSM3574002",0.757029099725277,"GSE125437","NCBI-counts",6,6,"HL60.OTX015.8h_Rep3","cell line: HL-60 | agent: OTX015 | concentration: 1uM | time point (hours): 8 | mll fusion type: MLL-WT",13786598,"OTX015","HL-60",FALSE,"OTX015","high"
"GSM3574003",1.33499124699188,"GSE125437","NCBI-counts",6,6,"ML2.BAY155.24h_Rep1","cell line: ML2 | agent: BAY-155 | concentration: 2uM | time point (hours): 24 | mll fusion type: MLL-AF",19806844,"BAY-155","ML2",FALSE,"BAY-155","high"
"GSM3574004",1.2880437311224,"GSE125437","NCBI-counts",6,6,"ML2.BAY155.24h_Rep2","cell line: ML2 | agent: BAY-155 | concentration: 2uM | time point (hours): 24 | mll fusion type: MLL-AF",21754439,"BAY-155","ML2",FALSE,"BAY-155","high"
"GSM3574005",1.32908282694617,"GSE125437","NCBI-counts",6,6,"ML2.BAY155.24h_Rep3","cell line: ML2 | agent: BAY-155 | concentration: 2uM | time point (hours): 24 | mll fusion type: MLL-AF",19045811,"BAY-155","ML2",FALSE,"BAY-155","high"
"GSM3574006",1.035466908559,"GSE125437","NCBI-counts",6,6,"OCIAML3.BAY155.24h_Rep1","cell line: OCI-AML3 | agent: BAY-155 | concentration: 2uM | time point (hours): 24 | mll fusion type: NMP mut",16729370,"BAY-155","OCI-AML3",FALSE,"BAY-155","high"
"GSM3574007",1.02476377221631,"GSE125437","NCBI-counts",6,6,"OCIAML3.BAY155.24h_Rep2","cell line: OCI-AML3 | agent: BAY-155 | concentration: 2uM | time point (hours): 24 | mll fusion type: NMP mut",13240849,"BAY-155","OCI-AML3",FALSE,"BAY-155","high"
"GSM3574008",1.0520802039427,"GSE125437","NCBI-counts",6,6,"OCIAML3.BAY155.24h_Rep3","cell line: OCI-AML3 | agent: BAY-155 | concentration: 2uM | time point (hours): 24 | mll fusion type: NMP mut",18855721,"BAY-155","OCI-AML3",FALSE,"BAY-155","high"
"GSM3574009",1.50221454344686,"GSE125437","NCBI-counts",6,6,"EOL1.BAY155.24h_Rep1","cell line: EOL-1 | agent: BAY-155 | concentration: 2uM | time point (hours): 24 | mll fusion type: MLL-TD",19954794,"BAY-155","EOL-1",FALSE,"BAY-155","high"
"GSM3574010",1.49651689267126,"GSE125437","NCBI-counts",6,6,"EOL1.BAY155.24h_Rep2","cell line: EOL-1 | agent: BAY-155 | concentration: 2uM | time point (hours): 24 | mll fusion type: MLL-TD",18734784,"BAY-155","EOL-1",FALSE,"BAY-155","high"
"GSM3574011",1.53035575336599,"GSE125437","NCBI-counts",6,6,"EOL1.BAY155.24h_Rep3","cell line: EOL-1 | agent: BAY-155 | concentration: 2uM | time point (hours): 24 | mll fusion type: MLL-TD",16659840,"BAY-155","EOL-1",FALSE,"BAY-155","high"
"GSM3574012",0.729905231779145,"GSE125437","NCBI-counts",6,6,"HL60.BAY155.24h_Rep1","cell line: HL-60 | agent: BAY-155 | concentration: 2uM | time point (hours): 24 | mll fusion type: MLL-WT",23615929,"BAY-155","HL-60",FALSE,"BAY-155","high"
"GSM3574013",0.737337079857351,"GSE125437","NCBI-counts",6,6,"HL60.BAY155.24h_Rep2","cell line: HL-60 | agent: BAY-155 | concentration: 2uM | time point (hours): 24 | mll fusion type: MLL-WT",12367977,"BAY-155","HL-60",FALSE,"BAY-155","high"
"GSM3574014",0.692501461091999,"GSE125437","NCBI-counts",6,6,"HL60.BAY155.24h_Rep3","cell line: HL-60 | agent: BAY-155 | concentration: 2uM | time point (hours): 24 | mll fusion type: MLL-WT",18299525,"BAY-155","HL-60",FALSE,"BAY-155","high"
"GSM3574015",1.06738022258598,"GSE125437","NCBI-counts",6,6,"ML2.Brequinar.24h_Rep1","cell line: ML2 | agent: Brequinar | concentration: 2uM | time point (hours): 24 | mll fusion type: MLL-AF",11358667,"Brequinar","ML2",FALSE,"Brequinar","high"
"GSM3574016",1.08378589878452,"GSE125437","NCBI-counts",6,6,"ML2.Brequinar.24h_Rep2","cell line: ML2 | agent: Brequinar | concentration: 2uM | time point (hours): 24 | mll fusion type: MLL-AF",17890438,"Brequinar","ML2",FALSE,"Brequinar","high"
"GSM3574017",1.15074482613855,"GSE125437","NCBI-counts",6,6,"ML2.Brequinar.24h_Rep3","cell line: ML2 | agent: Brequinar | concentration: 2uM | time point (hours): 24 | mll fusion type: MLL-AF",16525871,"Brequinar","ML2",FALSE,"Brequinar","high"
"GSM3574018",1.32609891850151,"GSE125437","NCBI-counts",6,6,"ML2.DMSO.24h_Rep1","cell line: ML2 | agent: DMSO | concentration: 0.10 percent | time point (hours): 24 | mll fusion type: MLL-AF",17803681,"DMSO","ML2",TRUE,"control","control"
"GSM3574019",1.31272139372349,"GSE125437","NCBI-counts",6,6,"ML2.DMSO.24h_Rep2","cell line: ML2 | agent: DMSO | concentration: 0.10 percent | time point (hours): 24 | mll fusion type: MLL-AF",17499843,"DMSO","ML2",TRUE,"control","control"
"GSM3574020",1.29655574583472,"GSE125437","NCBI-counts",6,6,"ML2.DMSO.24h_Rep3","cell line: ML2 | agent: DMSO | concentration: 0.10 percent | time point (hours): 24 | mll fusion type: MLL-AF",17019215,"DMSO","ML2",TRUE,"control","control"
"GSM3574021",0.794859479607464,"GSE125437","NCBI-counts",6,6,"OCIAML3.Brequinar.24h_Rep1","cell line: OCI-AML3 | agent: Brequinar | concentration: 2uM | time point (hours): 24 | mll fusion type: NMP mut",14614599,"Brequinar","OCI-AML3",FALSE,"Brequinar","high"
"GSM3574022",0.753816772914086,"GSE125437","NCBI-counts",6,6,"OCIAML3.Brequinar.24h_Rep2","cell line: OCI-AML3 | agent: Brequinar | concentration: 2uM | time point (hours): 24 | mll fusion type: NMP mut",15028705,"Brequinar","OCI-AML3",FALSE,"Brequinar","high"
"GSM3574023",0.755850163041835,"GSE125437","NCBI-counts",6,6,"OCIAML3.Brequinar.24h_Rep3","cell line: OCI-AML3 | agent: Brequinar | concentration: 2uM | time point (hours): 24 | mll fusion type: NMP mut",12625250,"Brequinar","OCI-AML3",FALSE,"Brequinar","high"
"GSM3574024",1.02043481030847,"GSE125437","NCBI-counts",6,6,"OCIAML3.DMSO.24h_Rep1","cell line: OCI-AML3 | agent: DMSO | concentration: 0.10 percent | time point (hours): 24 | mll fusion type: NMP mut",11865634,"DMSO","OCI-AML3",TRUE,"control","control"
"GSM3574025",1.06378718363526,"GSE125437","NCBI-counts",6,6,"OCIAML3.DMSO.24h_Rep2","cell line: OCI-AML3 | agent: DMSO | concentration: 0.10 percent | time point (hours): 24 | mll fusion type: NMP mut",20369398,"DMSO","OCI-AML3",TRUE,"control","control"
"GSM3574026",1.13006713573732,"GSE125437","NCBI-counts",6,6,"OCIAML3.DMSO.24h_Rep3","cell line: OCI-AML3 | agent: DMSO | concentration: 0.10 percent | time point (hours): 24 | mll fusion type: NMP mut",20228237,"DMSO","OCI-AML3",TRUE,"control","control"
"GSM3574027",1.4535855400816,"GSE125437","NCBI-counts",6,6,"EOL1.Brequinar.24h_Rep1","cell line: EOL-1 | agent: Brequinar | concentration: 2uM | time point (hours): 24 | mll fusion type: MLL-TD",18554353,"Brequinar","EOL-1",FALSE,"Brequinar","high"
"GSM3574028",1.41423486039491,"GSE125437","NCBI-counts",6,6,"EOL1.Brequinar.24h_Rep2","cell line: EOL-1 | agent: Brequinar | concentration: 2uM | time point (hours): 24 | mll fusion type: MLL-TD",17480059,"Brequinar","EOL-1",FALSE,"Brequinar","high"
"GSM3574029",1.46627180631684,"GSE125437","NCBI-counts",6,6,"EOL1.Brequinar.24h_Rep3","cell line: EOL-1 | agent: Brequinar | concentration: 2uM | time point (hours): 24 | mll fusion type: MLL-TD",17030257,"Brequinar","EOL-1",FALSE,"Brequinar","high"
"GSM3574030",1.56344168951639,"GSE125437","NCBI-counts",6,6,"EOL1.DMSO.24h_Rep1","cell line: EOL-1 | agent: DMSO | concentration: 0.10 percent | time point (hours): 24 | mll fusion type: MLL-TD",16758353,"DMSO","EOL-1",TRUE,"control","control"
"GSM3574031",1.53923032075854,"GSE125437","NCBI-counts",6,6,"EOL1.DMSO.24h_Rep2","cell line: EOL-1 | agent: DMSO | concentration: 0.10 percent | time point (hours): 24 | mll fusion type: MLL-TD",18073000,"DMSO","EOL-1",TRUE,"control","control"
"GSM3574032",1.59375434161006,"GSE125437","NCBI-counts",6,6,"EOL1.DMSO.24h_Rep3","cell line: EOL-1 | agent: DMSO | concentration: 0.10 percent | time point (hours): 24 | mll fusion type: MLL-TD",14009236,"DMSO","EOL-1",TRUE,"control","control"
"GSM3574033",0.773080029037493,"GSE125437","NCBI-counts",6,6,"HL60.Brequinar.24h_Rep1","cell line: HL-60 | agent: Brequinar | concentration: 2uM | time point (hours): 24 | mll fusion type: MLL-WT",18147619,"Brequinar","HL-60",FALSE,"Brequinar","high"
"GSM3574034",0.774741392099154,"GSE125437","NCBI-counts",6,6,"HL60.Brequinar.24h_Rep2","cell line: HL-60 | agent: Brequinar | concentration: 2uM | time point (hours): 24 | mll fusion type: MLL-WT",19729202,"Brequinar","HL-60",FALSE,"Brequinar","high"
"GSM3574035",0.695751710070784,"GSE125437","NCBI-counts",6,6,"HL60.Brequinar.24h_Rep3","cell line: HL-60 | agent: Brequinar | concentration: 2uM | time point (hours): 24 | mll fusion type: MLL-WT",21979491,"Brequinar","HL-60",FALSE,"Brequinar","high"
"GSM3574036",0.77311662777899,"GSE125437","NCBI-counts",6,6,"HL60.DMSO.24h_Rep1","cell line: HL-60 | agent: DMSO | concentration: 0.10 percent | time point (hours): 24 | mll fusion type: MLL-WT",19241180,"DMSO","HL-60",TRUE,"control","control"
"GSM3574037",0.742531265802002,"GSE125437","NCBI-counts",6,6,"HL60.DMSO.24h_Rep2","cell line: HL-60 | agent: DMSO | concentration: 0.10 percent | time point (hours): 24 | mll fusion type: MLL-WT",13134394,"DMSO","HL-60",TRUE,"control","control"
"GSM3574038",0.775919191807462,"GSE125437","NCBI-counts",6,6,"HL60.DMSO.24h_Rep3","cell line: HL-60 | agent: DMSO | concentration: 0.10 percent | time point (hours): 24 | mll fusion type: MLL-WT",19760713,"DMSO","HL-60",TRUE,"control","control"
"GSM3574039",1.19794461137771,"GSE125437","NCBI-counts",6,6,"ML2.EPZ5676.96h_Rep1","cell line: ML2 | agent: EPZ-5676 | concentration: 3uM | time point (hours): 96 | mll fusion type: MLL-AF",17576201,"EPZ-5676","ML2",FALSE,"EPZ-5676","high"
"GSM3574040",1.22099494812597,"GSE125437","NCBI-counts",6,6,"ML2.EPZ5676.96h_Rep2","cell line: ML2 | agent: EPZ-5676 | concentration: 3uM | time point (hours): 96 | mll fusion type: MLL-AF",9462062,"EPZ-5676","ML2",FALSE,"EPZ-5676","high"
"GSM3574041",1.13763719654157,"GSE125437","NCBI-counts",6,6,"ML2.EPZ5676.96h_Rep3","cell line: ML2 | agent: EPZ-5676 | concentration: 3uM | time point (hours): 96 | mll fusion type: MLL-AF",16311795,"EPZ-5676","ML2",FALSE,"EPZ-5676","high"
"GSM3574042",1.06958283566404,"GSE125437","NCBI-counts",6,6,"OCIAML3.EPZ5676.96h_Rep1","cell line: OCI-AML3 | agent: EPZ-5676 | concentration: 3uM | time point (hours): 96 | mll fusion type: NMP mut",19975119,"EPZ-5676","OCI-AML3",FALSE,"EPZ-5676","high"
"GSM3574043",1.09543516274345,"GSE125437","NCBI-counts",6,6,"OCIAML3.EPZ5676.96h_Rep2","cell line: OCI-AML3 | agent: EPZ-5676 | concentration: 3uM | time point (hours): 96 | mll fusion type: NMP mut",17467355,"EPZ-5676","OCI-AML3",FALSE,"EPZ-5676","high"
"GSM3574044",1.06419104529421,"GSE125437","NCBI-counts",6,6,"OCIAML3.EPZ5676.96h_Rep3","cell line: OCI-AML3 | agent: EPZ-5676 | concentration: 3uM | time point (hours): 96 | mll fusion type: NMP mut",19707457,"EPZ-5676","OCI-AML3",FALSE,"EPZ-5676","high"
"GSM3574045",1.60993093060006,"GSE125437","NCBI-counts",6,6,"EOL1.EPZ5676.96h_Rep1","cell line: EOL-1 | agent: EPZ-5676 | concentration: 3uM | time point (hours): 96 | mll fusion type: MLL-TD",15743599,"EPZ-5676","EOL-1",FALSE,"EPZ-5676","high"
"GSM3574046",1.61254326433689,"GSE125437","NCBI-counts",6,6,"EOL1.EPZ5676.96h_Rep2","cell line: EOL-1 | agent: EPZ-5676 | concentration: 3uM | time point (hours): 96 | mll fusion type: MLL-TD",11277235,"EPZ-5676","EOL-1",FALSE,"EPZ-5676","high"
"GSM3574047",1.4561411929399,"GSE125437","NCBI-counts",6,6,"EOL1.EPZ5676.96h_Rep3","cell line: EOL-1 | agent: EPZ-5676 | concentration: 3uM | time point (hours): 96 | mll fusion type: MLL-TD",18663240,"EPZ-5676","EOL-1",FALSE,"EPZ-5676","high"
"GSM3574048",1.16756706699059,"GSE125437","NCBI-counts",6,6,"HL60.EPZ5676.96h_Rep1","cell line: HL-60 | agent: EPZ-5676 | concentration: 3uM | time point (hours): 96 | mll fusion type: MLL-WT",18327554,"EPZ-5676","HL-60",FALSE,"EPZ-5676","high"
"GSM3574049",1.05718983391157,"GSE125437","NCBI-counts",6,6,"HL60.EPZ5676.96h_Rep2","cell line: HL-60 | agent: EPZ-5676 | concentration: 3uM | time point (hours): 96 | mll fusion type: MLL-WT",18627301,"EPZ-5676","HL-60",FALSE,"EPZ-5676","high"
"GSM3574050",1.0571630164158,"GSE125437","NCBI-counts",6,6,"HL60.EPZ5676.96h_Rep3","cell line: HL-60 | agent: EPZ-5676 | concentration: 3uM | time point (hours): 96 | mll fusion type: MLL-WT",22606653,"EPZ-5676","HL-60",FALSE,"EPZ-5676","high"
"GSM3574051",1.2155253562109,"GSE125437","NCBI-counts",6,6,"ML2.DMSO.96h_Rep1","cell line: ML2 | agent: DMSO | concentration: 0.10 percent | time point (hours): 96 | mll fusion type: MLL-AF",17732391,"DMSO","ML2",TRUE,"control","control"
"GSM3574052",1.24339051055339,"GSE125437","NCBI-counts",6,6,"ML2.DMSO.96h_Rep2","cell line: ML2 | agent: DMSO | concentration: 0.10 percent | time point (hours): 96 | mll fusion type: MLL-AF",15746269,"DMSO","ML2",TRUE,"control","control"
"GSM3574053",1.19806156200994,"GSE125437","NCBI-counts",6,6,"ML2.DMSO.96h_Rep3","cell line: ML2 | agent: DMSO | concentration: 0.10 percent | time point (hours): 96 | mll fusion type: MLL-AF",19068246,"DMSO","ML2",TRUE,"control","control"
"GSM3574054",1.04029728897581,"GSE125437","NCBI-counts",6,6,"OCIAML3.DMSO.96h_Rep1","cell line: OCI-AML3 | agent: DMSO | concentration: 0.10 percent | time point (hours): 96 | mll fusion type: NMP mut",19747661,"DMSO","OCI-AML3",TRUE,"control","control"
"GSM3574055",1.02978980932249,"GSE125437","NCBI-counts",6,6,"OCIAML3.DMSO.96h_Rep2","cell line: OCI-AML3 | agent: DMSO | concentration: 0.10 percent | time point (hours): 96 | mll fusion type: NMP mut",16527187,"DMSO","OCI-AML3",TRUE,"control","control"
"GSM3574056",1.07835980092202,"GSE125437","NCBI-counts",6,6,"OCIAML3.DMSO.96h_Rep3","cell line: OCI-AML3 | agent: DMSO | concentration: 0.10 percent | time point (hours): 96 | mll fusion type: NMP mut",16141477,"DMSO","OCI-AML3",TRUE,"control","control"
"GSM3574057",1.58720819053252,"GSE125437","NCBI-counts",6,6,"EOL1.DMSO.96h_Rep1","cell line: EOL-1 | agent: DMSO | concentration: 0.10 percent | time point (hours): 96 | mll fusion type: MLL-TD",18389106,"DMSO","EOL-1",TRUE,"control","control"
"GSM3574058",1.57165436198571,"GSE125437","NCBI-counts",6,6,"EOL1.DMSO.96h_Rep2","cell line: EOL-1 | agent: DMSO | concentration: 0.10 percent | time point (hours): 96 | mll fusion type: MLL-TD",15515269,"DMSO","EOL-1",TRUE,"control","control"
"GSM3574059",1.58782316051182,"GSE125437","NCBI-counts",6,6,"EOL1.DMSO.96h_Rep3","cell line: EOL-1 | agent: DMSO | concentration: 0.10 percent | time point (hours): 96 | mll fusion type: MLL-TD",20653187,"DMSO","EOL-1",TRUE,"control","control"
"GSM3574060",0.910513358038278,"GSE125437","NCBI-counts",6,6,"HL60.DMSO.96h_Rep1","cell line: HL-60 | agent: DMSO | concentration: 0.10 percent | time point (hours): 96 | mll fusion type: MLL-WT",17295670,"DMSO","HL-60",TRUE,"control","control"
"GSM3574061",0.93515731650282,"GSE125437","NCBI-counts",6,6,"HL60.DMSO.96h_Rep2","cell line: HL-60 | agent: DMSO | concentration: 0.10 percent | time point (hours): 96 | mll fusion type: MLL-WT",17626658,"DMSO","HL-60",TRUE,"control","control"
"GSM3574062",0.952426872309585,"GSE125437","NCBI-counts",6,6,"HL60.DMSO.96h_Rep3","cell line: HL-60 | agent: DMSO | concentration: 0.10 percent | time point (hours): 96 | mll fusion type: MLL-WT",15135974,"DMSO","HL-60",TRUE,"control","control"
"GSM3574063",1.83401432215683,"GSE125437","NCBI-counts",6,6,"RS411.BAY1251152.8h_Rep1","cell line: RS411 | agent: BAY-1251152 | concentration: 0.05 uM | time point (hours): 8 | mll fusion type: MLL-AF",20391599,"BAY-1251152","RS411",FALSE,"BAY-1251152","high"
"GSM3574064",1.82090648467631,"GSE125437","NCBI-counts",6,6,"RS411.BAY1251152.8h_Rep2","cell line: RS411 | agent: BAY-1251152 | concentration: 0.05 uM | time point (hours): 8 | mll fusion type: MLL-AF",19458204,"BAY-1251152","RS411",FALSE,"BAY-1251152","high"
"GSM3574065",1.85052330796992,"GSE125437","NCBI-counts",6,6,"RS411.BAY1251152.8h_Rep3","cell line: RS411 | agent: BAY-1251152 | concentration: 0.05 uM | time point (hours): 8 | mll fusion type: MLL-AF",19012900,"BAY-1251152","RS411",FALSE,"BAY-1251152","high"
"GSM3574066",2.21928785431787,"GSE125437","NCBI-counts",6,6,"RS411.OTX015.8h_Rep1","cell line: RS411 | agent: OTX015 | concentration: 1uM | time point (hours): 8 | mll fusion type: MLL-AF",18175368,"OTX015","RS411",FALSE,"OTX015","high"
"GSM3574067",2.26627326835356,"GSE125437","NCBI-counts",6,6,"RS411.OTX015.8h_Rep2","cell line: RS411 | agent: OTX015 | concentration: 1uM | time point (hours): 8 | mll fusion type: MLL-AF",19159476,"OTX015","RS411",FALSE,"OTX015","high"
"GSM3574068",2.25276242856344,"GSE125437","NCBI-counts",6,6,"RS411.OTX015.8h_Rep3","cell line: RS411 | agent: OTX015 | concentration: 1uM | time point (hours): 8 | mll fusion type: MLL-AF",20183794,"OTX015","RS411",FALSE,"OTX015","high"
"GSM3574069",2.00877695081703,"GSE125437","NCBI-counts",6,6,"RS411.BAY155.24h_Rep1","cell line: RS411 | agent: BAY-155 | concentration: 2uM | time point (hours): 24 | mll fusion type: MLL-AF",20351626,"BAY-155","RS411",FALSE,"BAY-155","high"
"GSM3574070",1.95641353437084,"GSE125437","NCBI-counts",6,6,"RS411.BAY155.24h_Rep2","cell line: RS411 | agent: BAY-155 | concentration: 2uM | time point (hours): 24 | mll fusion type: MLL-AF",18108664,"BAY-155","RS411",FALSE,"BAY-155","high"
"GSM3574071",1.99337317804989,"GSE125437","NCBI-counts",6,6,"RS411.BAY155.24h_Rep3","cell line: RS411 | agent: BAY-155 | concentration: 2uM | time point (hours): 24 | mll fusion type: MLL-AF",19179944,"BAY-155","RS411",FALSE,"BAY-155","high"
"GSM3574072",2.05104723759467,"GSE125437","NCBI-counts",6,6,"RS411.DMSO.24h_Rep1","cell line: RS411 | agent: DMSO | concentration: 0.10 percent | time point (hours): 24 | mll fusion type: MLL-AF",20791103,"DMSO","RS411",TRUE,"control","control"
"GSM3574073",2.00312286690743,"GSE125437","NCBI-counts",6,6,"RS411.DMSO.24h_Rep2","cell line: RS411 | agent: DMSO | concentration: 0.10 percent | time point (hours): 24 | mll fusion type: MLL-AF",16293099,"DMSO","RS411",TRUE,"control","control"
"GSM3574074",2.05835330258494,"GSE125437","NCBI-counts",6,6,"RS411.DMSO.24h_Rep3","cell line: RS411 | agent: DMSO | concentration: 0.10 percent | time point (hours): 24 | mll fusion type: MLL-AF",21054576,"DMSO","RS411",TRUE,"control","control"
"GSM3574075",2.02455209394603,"GSE125437","NCBI-counts",6,6,"RS411.Brequinar.24h_Rep1","cell line: RS411 | agent: Brequinar | concentration: 2uM | time point (hours): 24 | mll fusion type: MLL-AF",22875527,"Brequinar","RS411",FALSE,"Brequinar","high"
"GSM3574076",2.05031083246359,"GSE125437","NCBI-counts",6,6,"RS411.Brequinar.24h_Rep2","cell line: RS411 | agent: Brequinar | concentration: 2uM | time point (hours): 24 | mll fusion type: MLL-AF",17917834,"Brequinar","RS411",FALSE,"Brequinar","high"
"GSM3574077",1.99671152328366,"GSE125437","NCBI-counts",6,6,"RS411.Brequinar.24h_Rep3","cell line: RS411 | agent: Brequinar | concentration: 2uM | time point (hours): 24 | mll fusion type: MLL-AF",21170780,"Brequinar","RS411",FALSE,"Brequinar","high"
"GSM3574078",2.017906729033,"GSE125437","NCBI-counts",6,6,"RS411.DMSO.24h_Rep4","cell line: RS411 | agent: DMSO | concentration: 0.10 percent | time point (hours): 24 | mll fusion type: MLL-AF",9841063,"DMSO","RS411",TRUE,"control","control"
"GSM3574079",1.99252388346316,"GSE125437","NCBI-counts",6,6,"RS411.DMSO.24h_Rep5","cell line: RS411 | agent: DMSO | concentration: 0.10 percent | time point (hours): 24 | mll fusion type: MLL-AF",18660497,"DMSO","RS411",TRUE,"control","control"
"GSM3574080",1.9312519779927,"GSE125437","NCBI-counts",6,6,"RS411.DMSO.24h_Rep6","cell line: RS411 | agent: DMSO | concentration: 0.10 percent | time point (hours): 24 | mll fusion type: MLL-AF",20521114,"DMSO","RS411",TRUE,"control","control"
"GSM3574081",1.80454187948524,"GSE125437","NCBI-counts",6,6,"RS411.EPZ5676.96h_Rep1","cell line: RS411 | agent: EPZ-5676 | concentration: 3uM | time point (hours): 96 | mll fusion type: MLL-AF",20801048,"EPZ-5676","RS411",FALSE,"EPZ-5676","high"
"GSM3574082",1.86674367655764,"GSE125437","NCBI-counts",6,6,"RS411.EPZ5676.96h_Rep2","cell line: RS411 | agent: EPZ-5676 | concentration: 3uM | time point (hours): 96 | mll fusion type: MLL-AF",18421057,"EPZ-5676","RS411",FALSE,"EPZ-5676","high"
"GSM3574083",1.87323330484909,"GSE125437","NCBI-counts",6,6,"RS411.DMSO.96h_Rep1","cell line: RS411 | agent: DMSO | concentration: 0.10 percent | time point (hours): 96 | mll fusion type: MLL-AF",11444906,"DMSO","RS411",TRUE,"control","control"
"GSM3574084",1.91984469430099,"GSE125437","NCBI-counts",6,6,"RS411.DMSO.96h_Rep2","cell line: RS411 | agent: DMSO | concentration: 0.10 percent | time point (hours): 96 | mll fusion type: MLL-AF",19329727,"DMSO","RS411",TRUE,"control","control"
"GSM3574085",1.88437105990269,"GSE125437","NCBI-counts",6,6,"RS411.DMSO.96h_Rep3","cell line: RS411 | agent: DMSO | concentration: 0.10 percent | time point (hours): 96 | mll fusion type: MLL-AF",18482365,"DMSO","RS411",TRUE,"control","control"
"GSM3574086",1.41379789617397,"GSE125437","NCBI-counts",6,6,"OCIAML2.BAY1251152.8h_Rep1","cell line: OCI-AML2 | agent: BAY-1251152 | concentration: 0.05 uM | time point (hours): 8 | mll fusion type: MLL-AF",18128628,"BAY-1251152","OCI-AML2",FALSE,"BAY-1251152","high"
"GSM3574087",1.40336314577572,"GSE125437","NCBI-counts",6,6,"OCIAML2.BAY1251152.8h_Rep2","cell line: OCI-AML2 | agent: BAY-1251152 | concentration: 0.05 uM | time point (hours): 8 | mll fusion type: MLL-AF",19878124,"BAY-1251152","OCI-AML2",FALSE,"BAY-1251152","high"
"GSM3574088",1.28345851361715,"GSE125437","NCBI-counts",6,6,"OCIAML2.BAY1251152.8h_Rep3","cell line: OCI-AML2 | agent: BAY-1251152 | concentration: 0.05 uM | time point (hours): 8 | mll fusion type: MLL-AF",18332760,"BAY-1251152","OCI-AML2",FALSE,"BAY-1251152","high"
"GSM3574089",1.72788715610861,"GSE125437","NCBI-counts",6,6,"OCIAML2.OTX015.8h_Rep1","cell line: OCI-AML2 | agent: OTX015 | concentration: 1uM | time point (hours): 8 | mll fusion type: MLL-AF",20521660,"OTX015","OCI-AML2",FALSE,"OTX015","high"
"GSM3574090",1.74837748192299,"GSE125437","NCBI-counts",6,6,"OCIAML2.OTX015.8h_Rep2","cell line: OCI-AML2 | agent: OTX015 | concentration: 1uM | time point (hours): 8 | mll fusion type: MLL-AF",22651708,"OTX015","OCI-AML2",FALSE,"OTX015","high"
"GSM3574091",1.72422225926243,"GSE125437","NCBI-counts",6,6,"OCIAML2.OTX015.8h_Rep3","cell line: OCI-AML2 | agent: OTX015 | concentration: 1uM | time point (hours): 8 | mll fusion type: MLL-AF",21774326,"OTX015","OCI-AML2",FALSE,"OTX015","high"
"GSM3574092",1.12903176550727,"GSE125437","NCBI-counts",6,6,"OCIAML2.BAY155.24h_Rep1","cell line: OCI-AML2 | agent: BAY-155 | concentration: 2uM | time point (hours): 24 | mll fusion type: MLL-AF",11592171,"BAY-155","OCI-AML2",FALSE,"BAY-155","high"
"GSM3574093",1.13089781927033,"GSE125437","NCBI-counts",6,6,"OCIAML2.BAY155.24h_Rep2","cell line: OCI-AML2 | agent: BAY-155 | concentration: 2uM | time point (hours): 24 | mll fusion type: MLL-AF",21016378,"BAY-155","OCI-AML2",FALSE,"BAY-155","high"
"GSM3574094",1.1438119549527,"GSE125437","NCBI-counts",6,6,"OCIAML2.BAY155.24h_Rep3","cell line: OCI-AML2 | agent: BAY-155 | concentration: 2uM | time point (hours): 24 | mll fusion type: MLL-AF",22252397,"BAY-155","OCI-AML2",FALSE,"BAY-155","high"
"GSM3574095",1.51755824415009,"GSE125437","NCBI-counts",6,6,"OCIAML2.DMSO.24h_Rep1","cell line: OCI-AML2 | agent: DMSO | concentration: 0.10 percent | time point (hours): 24 | mll fusion type: MLL-AF",21507568,"DMSO","OCI-AML2",TRUE,"control","control"
"GSM3574096",1.54174715327647,"GSE125437","NCBI-counts",6,6,"OCIAML2.DMSO.24h_Rep2","cell line: OCI-AML2 | agent: DMSO | concentration: 0.10 percent | time point (hours): 24 | mll fusion type: MLL-AF",21077291,"DMSO","OCI-AML2",TRUE,"control","control"
"GSM3574097",1.5342264957445,"GSE125437","NCBI-counts",6,6,"OCIAML2.DMSO.24h_Rep3","cell line: OCI-AML2 | agent: DMSO | concentration: 0.10 percent | time point (hours): 24 | mll fusion type: MLL-AF",20153823,"DMSO","OCI-AML2",TRUE,"control","control"
"GSM3574098",1.54216981244843,"GSE125437","NCBI-counts",6,6,"OCIAML2.Brequinar.24h_Rep1","cell line: OCI-AML2 | agent: Brequinar | concentration: 2uM | time point (hours): 24 | mll fusion type: MLL-AF",19574743,"Brequinar","OCI-AML2",FALSE,"Brequinar","high"
"GSM3574099",1.5853043602206,"GSE125437","NCBI-counts",6,6,"OCIAML2.Brequinar.24h_Rep2","cell line: OCI-AML2 | agent: Brequinar | concentration: 2uM | time point (hours): 24 | mll fusion type: MLL-AF",21986569,"Brequinar","OCI-AML2",FALSE,"Brequinar","high"
"GSM3574100",1.53185754166445,"GSE125437","NCBI-counts",6,6,"OCIAML2.Brequinar.24h_Rep3","cell line: OCI-AML2 | agent: Brequinar | concentration: 2uM | time point (hours): 24 | mll fusion type: MLL-AF",11598603,"Brequinar","OCI-AML2",FALSE,"Brequinar","high"
"GSM3574101",1.53430920291178,"GSE125437","NCBI-counts",6,6,"OCIAML2.DMSO.24h_Rep4","cell line: OCI-AML2 | agent: DMSO | concentration: 0.10 percent | time point (hours): 24 | mll fusion type: MLL-AF",19216913,"DMSO","OCI-AML2",TRUE,"control","control"
"GSM3574102",1.5468854842282,"GSE125437","NCBI-counts",6,6,"OCIAML2.DMSO.24h_Rep5","cell line: OCI-AML2 | agent: DMSO | concentration: 0.10 percent | time point (hours): 24 | mll fusion type: MLL-AF",19750220,"DMSO","OCI-AML2",TRUE,"control","control"
"GSM3574103",1.54038490713484,"GSE125437","NCBI-counts",6,6,"OCIAML2.DMSO.24h_Rep6","cell line: OCI-AML2 | agent: DMSO | concentration: 0.10 percent | time point (hours): 24 | mll fusion type: MLL-AF",16263946,"DMSO","OCI-AML2",TRUE,"control","control"
"GSM3574104",1.34635662703962,"GSE125437","NCBI-counts",6,6,"OCIAML2.EPZ5676.96h_Rep1","cell line: OCI-AML2 | agent: EPZ-5676 | concentration: 3uM | time point (hours): 96 | mll fusion type: MLL-AF",19504081,"EPZ-5676","OCI-AML2",FALSE,"EPZ-5676","high"
"GSM3574105",1.299971970413,"GSE125437","NCBI-counts",6,6,"OCIAML2.EPZ5676.96h_Rep2","cell line: OCI-AML2 | agent: EPZ-5676 | concentration: 3uM | time point (hours): 96 | mll fusion type: MLL-AF",20038859,"EPZ-5676","OCI-AML2",FALSE,"EPZ-5676","high"
"GSM3574106",1.34945823351946,"GSE125437","NCBI-counts",6,6,"OCIAML2.EPZ5676.96h_Rep3","cell line: OCI-AML2 | agent: EPZ-5676 | concentration: 3uM | time point (hours): 96 | mll fusion type: MLL-AF",11276854,"EPZ-5676","OCI-AML2",FALSE,"EPZ-5676","high"
"GSM3574107",1.47868087774817,"GSE125437","NCBI-counts",6,6,"OCIAML2.DMSO.96h_Rep1","cell line: OCI-AML2 | agent: DMSO | concentration: 0.10 percent | time point (hours): 96 | mll fusion type: MLL-AF",13113706,"DMSO","OCI-AML2",TRUE,"control","control"
"GSM3574108",1.53034048899479,"GSE125437","NCBI-counts",6,6,"OCIAML2.DMSO.96h_Rep2","cell line: OCI-AML2 | agent: DMSO | concentration: 0.10 percent | time point (hours): 96 | mll fusion type: MLL-AF",19784844,"DMSO","OCI-AML2",TRUE,"control","control"
"GSM3574109",1.45879506516121,"GSE125437","NCBI-counts",6,6,"OCIAML2.DMSO.96h_Rep3","cell line: OCI-AML2 | agent: DMSO | concentration: 0.10 percent | time point (hours): 96 | mll fusion type: MLL-AF",22312430,"DMSO","OCI-AML2",TRUE,"control","control"
"GSM3574110",0.984990676281673,"GSE125437","NCBI-counts",6,6,"SEM.BAY1251152.8h_Rep1","cell line: SEM | agent: BAY-1251152 | concentration: 0.05 uM | time point (hours): 8 | mll fusion type: MLL-AF",19024484,"BAY-1251152","SEM",FALSE,"BAY-1251152","high"
"GSM3574111",1.0047350465733,"GSE125437","NCBI-counts",6,6,"SEM.BAY1251152.8h_Rep2","cell line: SEM | agent: BAY-1251152 | concentration: 0.05 uM | time point (hours): 8 | mll fusion type: MLL-AF",19716256,"BAY-1251152","SEM",FALSE,"BAY-1251152","high"
"GSM3574113",0.986367461357254,"GSE125437","NCBI-counts",6,6,"SEM.BAY1251152.8h_Rep3","cell line: SEM | agent: BAY-1251152 | concentration: 0.05 uM | time point (hours): 8 | mll fusion type: MLL-AF",21891805,"BAY-1251152","SEM",FALSE,"BAY-1251152","high"
"GSM3574115",1.39296340960141,"GSE125437","NCBI-counts",6,6,"SEM.OTX015.8h_Rep1","cell line: SEM | agent: OTX015 | concentration: 1uM | time point (hours): 8 | mll fusion type: MLL-AF",11006848,"OTX015","SEM",FALSE,"OTX015","high"
"GSM3574118",1.40991464666292,"GSE125437","NCBI-counts",6,6,"SEM.OTX015.8h_Rep2","cell line: SEM | agent: OTX015 | concentration: 1uM | time point (hours): 8 | mll fusion type: MLL-AF",21195766,"OTX015","SEM",FALSE,"OTX015","high"
"GSM3574121",1.40610320722708,"GSE125437","NCBI-counts",6,6,"SEM.OTX015.8h_Rep3","cell line: SEM | agent: OTX015 | concentration: 1uM | time point (hours): 8 | mll fusion type: MLL-AF",11109457,"OTX015","SEM",FALSE,"OTX015","high"
"GSM3574124",1.47001436999269,"GSE125437","NCBI-counts",6,6,"SEM.BAY155.24h_Rep1","cell line: SEM | agent: BAY-155 | concentration: 2uM | time point (hours): 24 | mll fusion type: MLL-AF",19770751,"BAY-155","SEM",FALSE,"BAY-155","high"
"GSM3574127",1.41374737554741,"GSE125437","NCBI-counts",6,6,"SEM.BAY155.24h_Rep2","cell line: SEM | agent: BAY-155 | concentration: 2uM | time point (hours): 24 | mll fusion type: MLL-AF",18674798,"BAY-155","SEM",FALSE,"BAY-155","high"
"GSM3574129",1.49768317824703,"GSE125437","NCBI-counts",6,6,"SEM.BAY155.24h_Rep3","cell line: SEM | agent: BAY-155 | concentration: 2uM | time point (hours): 24 | mll fusion type: MLL-AF",18075073,"BAY-155","SEM",FALSE,"BAY-155","high"
"GSM3574131",1.3644249292199,"GSE125437","NCBI-counts",6,6,"SEM.DMSO.24h_Rep1","cell line: SEM | agent: DMSO | concentration: 0.10 percent | time point (hours): 24 | mll fusion type: MLL-AF",22344660,"DMSO","SEM",TRUE,"control","control"
"GSM3574134",1.38876583368657,"GSE125437","NCBI-counts",6,6,"SEM.DMSO.24h_Rep2","cell line: SEM | agent: DMSO | concentration: 0.10 percent | time point (hours): 24 | mll fusion type: MLL-AF",19515621,"DMSO","SEM",TRUE,"control","control"
"GSM3574135",1.35498540668565,"GSE125437","NCBI-counts",6,6,"SEM.DMSO.24h_Rep3","cell line: SEM | agent: DMSO | concentration: 0.10 percent | time point (hours): 24 | mll fusion type: MLL-AF",20553071,"DMSO","SEM",TRUE,"control","control"
"GSM3574136",1.40533350894348,"GSE125437","NCBI-counts",6,6,"SEM.Brequinar.24h_Rep1","cell line: SEM | agent: Brequinar | concentration: 2uM | time point (hours): 24 | mll fusion type: MLL-AF",19704128,"Brequinar","SEM",FALSE,"Brequinar","high"
"GSM3574137",1.45487561883582,"GSE125437","NCBI-counts",6,6,"SEM.Brequinar.24h_Rep2","cell line: SEM | agent: Brequinar | concentration: 2uM | time point (hours): 24 | mll fusion type: MLL-AF",22205835,"Brequinar","SEM",FALSE,"Brequinar","high"
"GSM3574138",1.37863010377622,"GSE125437","NCBI-counts",6,6,"SEM.Brequinar.24h_Rep3","cell line: SEM | agent: Brequinar | concentration: 2uM | time point (hours): 24 | mll fusion type: MLL-AF",17566389,"Brequinar","SEM",FALSE,"Brequinar","high"
"GSM3574139",1.29082356431198,"GSE125437","NCBI-counts",6,6,"SEM.DMSO.24h_Rep4","cell line: SEM | agent: DMSO | concentration: 0.10 percent | time point (hours): 24 | mll fusion type: MLL-AF",18889912,"DMSO","SEM",TRUE,"control","control"
"GSM3574140",1.42040841307008,"GSE125437","NCBI-counts",6,6,"SEM.DMSO.24h_Rep5","cell line: SEM | agent: DMSO | concentration: 0.10 percent | time point (hours): 24 | mll fusion type: MLL-AF",19603345,"DMSO","SEM",TRUE,"control","control"
"GSM3574141",1.39085771100275,"GSE125437","NCBI-counts",6,6,"SEM.DMSO.24h_Rep6","cell line: SEM | agent: DMSO | concentration: 0.10 percent | time point (hours): 24 | mll fusion type: MLL-AF",20394483,"DMSO","SEM",TRUE,"control","control"
"GSM3574142",1.51594510899964,"GSE125437","NCBI-counts",6,6,"SEM.EPZ5676.96h_Rep1","cell line: SEM | agent: EPZ-5676 | concentration: 3uM | time point (hours): 96 | mll fusion type: MLL-AF",22428383,"EPZ-5676","SEM",FALSE,"EPZ-5676","high"
"GSM3574143",1.50708190332874,"GSE125437","NCBI-counts",6,6,"SEM.EPZ5676.96h_Rep2","cell line: SEM | agent: EPZ-5676 | concentration: 3uM | time point (hours): 96 | mll fusion type: MLL-AF",21893125,"EPZ-5676","SEM",FALSE,"EPZ-5676","high"
"GSM3574144",1.50402757535708,"GSE125437","NCBI-counts",6,6,"SEM.EPZ5676.96h_Rep3","cell line: SEM | agent: EPZ-5676 | concentration: 3uM | time point (hours): 96 | mll fusion type: MLL-AF",21132486,"EPZ-5676","SEM",FALSE,"EPZ-5676","high"
"GSM3574145",1.49817987102897,"GSE125437","NCBI-counts",6,6,"SEM.DMSO.96h_Rep1","cell line: SEM | agent: DMSO | concentration: 0.10 percent | time point (hours): 96 | mll fusion type: MLL-AF",19167514,"DMSO","SEM",TRUE,"control","control"
"GSM3574146",1.54713973807257,"GSE125437","NCBI-counts",6,6,"SEM.DMSO.96h_Rep2","cell line: SEM | agent: DMSO | concentration: 0.10 percent | time point (hours): 96 | mll fusion type: MLL-AF",18777305,"DMSO","SEM",TRUE,"control","control"
"GSM3574147",1.52393681583779,"GSE125437","NCBI-counts",6,6,"SEM.DMSO.96h_Rep3","cell line: SEM | agent: DMSO | concentration: 0.10 percent | time point (hours): 96 | mll fusion type: MLL-AF",19744460,"DMSO","SEM",TRUE,"control","control"
"GSM3574148",1.34768609270484,"GSE125437","NCBI-counts",6,6,"OCIAML5.BAY1251152.8h_Rep1","cell line: OCI-AML5 | agent: BAY-1251152 | concentration: 0.05 uM | time point (hours): 8 | mll fusion type: MLL-WT",19834798,"BAY-1251152","OCI-AML5",FALSE,"BAY-1251152","high"
"GSM3574149",1.3096528604878,"GSE125437","NCBI-counts",6,6,"OCIAML5.BAY1251152.8h_Rep2","cell line: OCI-AML5 | agent: BAY-1251152 | concentration: 0.05 uM | time point (hours): 8 | mll fusion type: MLL-WT",19605115,"BAY-1251152","OCI-AML5",FALSE,"BAY-1251152","high"
"GSM3574150",1.356323236116,"GSE125437","NCBI-counts",6,6,"OCIAML5.BAY1251152.8h_Rep3","cell line: OCI-AML5 | agent: BAY-1251152 | concentration: 0.05 uM | time point (hours): 8 | mll fusion type: MLL-WT",20582047,"BAY-1251152","OCI-AML5",FALSE,"BAY-1251152","high"
"GSM3574151",1.45458500170526,"GSE125437","NCBI-counts",6,6,"OCIAML5.OTX015.8h_Rep1","cell line: OCI-AML5 | agent: OTX015 | concentration: 1uM | time point (hours): 8 | mll fusion type: MLL-WT",19483528,"OTX015","OCI-AML5",FALSE,"OTX015","high"
"GSM3574152",1.45214777110956,"GSE125437","NCBI-counts",6,6,"OCIAML5.OTX015.8h_Rep2","cell line: OCI-AML5 | agent: OTX015 | concentration: 1uM | time point (hours): 8 | mll fusion type: MLL-WT",21384500,"OTX015","OCI-AML5",FALSE,"OTX015","high"
"GSM3574153",1.47131086655518,"GSE125437","NCBI-counts",6,6,"OCIAML5.OTX015.8h_Rep3","cell line: OCI-AML5 | agent: OTX015 | concentration: 1uM | time point (hours): 8 | mll fusion type: MLL-WT",22066499,"OTX015","OCI-AML5",FALSE,"OTX015","high"
"GSM3574154",1.46392492221576,"GSE125437","NCBI-counts",6,6,"OCIAML5.BAY155.24h_Rep1","cell line: OCI-AML5 | agent: BAY-155 | concentration: 2uM | time point (hours): 24 | mll fusion type: MLL-WT",21278984,"BAY-155","OCI-AML5",FALSE,"BAY-155","high"
"GSM3574155",1.45151880541273,"GSE125437","NCBI-counts",6,6,"OCIAML5.BAY155.24h_Rep2","cell line: OCI-AML5 | agent: BAY-155 | concentration: 2uM | time point (hours): 24 | mll fusion type: MLL-WT",19352342,"BAY-155","OCI-AML5",FALSE,"BAY-155","high"
"GSM3574156",1.44545066108351,"GSE125437","NCBI-counts",6,6,"OCIAML5.BAY155.24h_Rep3","cell line: OCI-AML5 | agent: BAY-155 | concentration: 2uM | time point (hours): 24 | mll fusion type: MLL-WT",21184885,"BAY-155","OCI-AML5",FALSE,"BAY-155","high"
"GSM3574157",1.44007541280176,"GSE125437","NCBI-counts",6,6,"OCIAML5.DMSO.24h_Rep1","cell line: OCI-AML5 | agent: DMSO | concentration: 0.10 percent | time point (hours): 24 | mll fusion type: MLL-WT",14263947,"DMSO","OCI-AML5",TRUE,"control","control"
"GSM3574158",1.44688047842546,"GSE125437","NCBI-counts",6,6,"OCIAML5.DMSO.24h_Rep2","cell line: OCI-AML5 | agent: DMSO | concentration: 0.10 percent | time point (hours): 24 | mll fusion type: MLL-WT",17332209,"DMSO","OCI-AML5",TRUE,"control","control"
"GSM3574159",1.41614386859477,"GSE125437","NCBI-counts",6,6,"OCIAML5.DMSO.24h_Rep3","cell line: OCI-AML5 | agent: DMSO | concentration: 0.10 percent | time point (hours): 24 | mll fusion type: MLL-WT",20074722,"DMSO","OCI-AML5",TRUE,"control","control"
"GSM3574160",1.4460636070844,"GSE125437","NCBI-counts",6,6,"OCIAML5.Brequinar.24h_Rep1","cell line: OCI-AML5 | agent: Brequinar | concentration: 2uM | time point (hours): 24 | mll fusion type: MLL-WT",12060621,"Brequinar","OCI-AML5",FALSE,"Brequinar","high"
"GSM3574161",1.40934114863289,"GSE125437","NCBI-counts",6,6,"OCIAML5.Brequinar.24h_Rep2","cell line: OCI-AML5 | agent: Brequinar | concentration: 2uM | time point (hours): 24 | mll fusion type: MLL-WT",19541107,"Brequinar","OCI-AML5",FALSE,"Brequinar","high"
"GSM3574162",1.40706328494438,"GSE125437","NCBI-counts",6,6,"OCIAML5.Brequinar.24h_Rep3","cell line: OCI-AML5 | agent: Brequinar | concentration: 2uM | time point (hours): 24 | mll fusion type: MLL-WT",11693140,"Brequinar","OCI-AML5",FALSE,"Brequinar","high"
"GSM3574163",1.44246062221952,"GSE125437","NCBI-counts",6,6,"OCIAML5.DMSO.24h_Rep4","cell line: OCI-AML5 | agent: DMSO | concentration: 0.10 percent | time point (hours): 24 | mll fusion type: MLL-WT",10664195,"DMSO","OCI-AML5",TRUE,"control","control"
"GSM3574164",1.39827622810195,"GSE125437","NCBI-counts",6,6,"OCIAML5.DMSO.24h_Rep5","cell line: OCI-AML5 | agent: DMSO | concentration: 0.10 percent | time point (hours): 24 | mll fusion type: MLL-WT",20871816,"DMSO","OCI-AML5",TRUE,"control","control"
"GSM3574165",1.40430231917186,"GSE125437","NCBI-counts",6,6,"OCIAML5.DMSO.24h_Rep6","cell line: OCI-AML5 | agent: DMSO | concentration: 0.10 percent | time point (hours): 24 | mll fusion type: MLL-WT",19327328,"DMSO","OCI-AML5",TRUE,"control","control"
"GSM3574166",1.43627602729959,"GSE125437","NCBI-counts",6,6,"OCIAML5.EPZ5676.96h_Rep1","cell line: OCI-AML5 | agent: EPZ-5676 | concentration: 3uM | time point (hours): 96 | mll fusion type: MLL-WT",12527994,"EPZ-5676","OCI-AML5",FALSE,"EPZ-5676","high"
"GSM3574167",1.46127934534154,"GSE125437","NCBI-counts",6,6,"OCIAML5.EPZ5676.96h_Rep2","cell line: OCI-AML5 | agent: EPZ-5676 | concentration: 3uM | time point (hours): 96 | mll fusion type: MLL-WT",23631761,"EPZ-5676","OCI-AML5",FALSE,"EPZ-5676","high"
"GSM3574168",1.45987099144482,"GSE125437","NCBI-counts",6,6,"OCIAML5.EPZ5676.96h_Rep3","cell line: OCI-AML5 | agent: EPZ-5676 | concentration: 3uM | time point (hours): 96 | mll fusion type: MLL-WT",20332036,"EPZ-5676","OCI-AML5",FALSE,"EPZ-5676","high"
"GSM3574169",1.39624466634062,"GSE125437","NCBI-counts",6,6,"OCIAML5.DMSO.96h_Rep1","cell line: OCI-AML5 | agent: DMSO | concentration: 0.10 percent | time point (hours): 96 | mll fusion type: MLL-WT",21292861,"DMSO","OCI-AML5",TRUE,"control","control"
"GSM3574170",1.41588910729523,"GSE125437","NCBI-counts",6,6,"OCIAML5.DMSO.96h_Rep2","cell line: OCI-AML5 | agent: DMSO | concentration: 0.10 percent | time point (hours): 96 | mll fusion type: MLL-WT",19325079,"DMSO","OCI-AML5",TRUE,"control","control"
"GSM3574171",1.3570328960215,"GSE125437","NCBI-counts",6,6,"OCIAML5.DMSO.96h_Rep3","cell line: OCI-AML5 | agent: DMSO | concentration: 0.10 percent | time point (hours): 96 | mll fusion type: MLL-WT",21278939,"DMSO","OCI-AML5",TRUE,"control","control"
"GSM3574172",1.63416229877726,"GSE125437","NCBI-counts",6,6,"MOLM14.BAY1251152.8h_Rep1","cell line: MOLM-14 | agent: BAY-1251152 | concentration: 0.05 uM | time point (hours): 8 | mll fusion type: MLL-AF",20567962,"BAY-1251152","MOLM-14",FALSE,"BAY-1251152","high"
"GSM3574173",1.66175792624013,"GSE125437","NCBI-counts",6,6,"MOLM14.BAY1251152.8h_Rep2","cell line: MOLM-14 | agent: BAY-1251152 | concentration: 0.05 uM | time point (hours): 8 | mll fusion type: MLL-AF",17305708,"BAY-1251152","MOLM-14",FALSE,"BAY-1251152","high"
"GSM3574174",1.61000233973577,"GSE125437","NCBI-counts",6,6,"MOLM14.BAY1251152.8h_Rep3","cell line: MOLM-14 | agent: BAY-1251152 | concentration: 0.05 uM | time point (hours): 8 | mll fusion type: MLL-AF",10742389,"BAY-1251152","MOLM-14",FALSE,"BAY-1251152","high"
"GSM3574175",1.91751850704504,"GSE125437","NCBI-counts",6,6,"MOLM14.OTX015.8h_Rep1","cell line: MOLM-14 | agent: OTX015 | concentration: 1uM | time point (hours): 8 | mll fusion type: MLL-AF",19611471,"OTX015","MOLM-14",FALSE,"OTX015","high"
"GSM3574176",1.95235944583696,"GSE125437","NCBI-counts",6,6,"MOLM14.OTX015.8h_Rep2","cell line: MOLM-14 | agent: OTX015 | concentration: 1uM | time point (hours): 8 | mll fusion type: MLL-AF",20678535,"OTX015","MOLM-14",FALSE,"OTX015","high"
"GSM3574177",1.89274487970525,"GSE125437","NCBI-counts",6,6,"MOLM14.OTX015.8h_Rep3","cell line: MOLM-14 | agent: OTX015 | concentration: 1uM | time point (hours): 8 | mll fusion type: MLL-AF",17751263,"OTX015","MOLM-14",FALSE,"OTX015","high"
"GSM3574178",1.25050737693395,"GSE125437","NCBI-counts",6,6,"MOLM14.BAY155.24h_Rep1","cell line: MOLM-14 | agent: BAY-155 | concentration: 2uM | time point (hours): 24 | mll fusion type: MLL-AF",16355032,"BAY-155","MOLM-14",FALSE,"BAY-155","high"
"GSM3574179",1.2280315350998,"GSE125437","NCBI-counts",6,6,"MOLM14.BAY155.24h_Rep2","cell line: MOLM-14 | agent: BAY-155 | concentration: 2uM | time point (hours): 24 | mll fusion type: MLL-AF",11970059,"BAY-155","MOLM-14",FALSE,"BAY-155","high"
"GSM3574180",1.30954662315746,"GSE125437","NCBI-counts",6,6,"MOLM14.BAY155.24h_Rep3","cell line: MOLM-14 | agent: BAY-155 | concentration: 2uM | time point (hours): 24 | mll fusion type: MLL-AF",21325616,"BAY-155","MOLM-14",FALSE,"BAY-155","high"
"GSM3574181",1.62528844498,"GSE125437","NCBI-counts",6,6,"MOLM14.DMSO.24h_Rep1","cell line: MOLM-14 | agent: DMSO | concentration: 0.10 percent | time point (hours): 24 | mll fusion type: MLL-AF",18185455,"DMSO","MOLM-14",TRUE,"control","control"
"GSM3574182",1.67430381840718,"GSE125437","NCBI-counts",6,6,"MOLM14.DMSO.24h_Rep2","cell line: MOLM-14 | agent: DMSO | concentration: 0.10 percent | time point (hours): 24 | mll fusion type: MLL-AF",16153798,"DMSO","MOLM-14",TRUE,"control","control"
"GSM3574183",1.65053365993796,"GSE125437","NCBI-counts",6,6,"MOLM14.DMSO.24h_Rep3","cell line: MOLM-14 | agent: DMSO | concentration: 0.10 percent | time point (hours): 24 | mll fusion type: MLL-AF",21844357,"DMSO","MOLM-14",TRUE,"control","control"
"GSM3574184",1.64044425629468,"GSE125437","NCBI-counts",6,6,"MOLM14.Brequinar.24h_Rep1","cell line: MOLM-14 | agent: Brequinar | concentration: 2uM | time point (hours): 24 | mll fusion type: MLL-AF",19376109,"Brequinar","MOLM-14",FALSE,"Brequinar","high"
"GSM3574185",1.64927275875538,"GSE125437","NCBI-counts",6,6,"MOLM14.Brequinar.24h_Rep2","cell line: MOLM-14 | agent: Brequinar | concentration: 2uM | time point (hours): 24 | mll fusion type: MLL-AF",17831832,"Brequinar","MOLM-14",FALSE,"Brequinar","high"
"GSM3574186",1.60674668832333,"GSE125437","NCBI-counts",6,6,"MOLM14.Brequinar.24h_Rep3","cell line: MOLM-14 | agent: Brequinar | concentration: 2uM | time point (hours): 24 | mll fusion type: MLL-AF",12371984,"Brequinar","MOLM-14",FALSE,"Brequinar","high"
"GSM3574187",1.62894601298071,"GSE125437","NCBI-counts",6,6,"MOLM14.DMSO.24h_Rep4","cell line: MOLM-14 | agent: DMSO | concentration: 0.10 percent | time point (hours): 24 | mll fusion type: MLL-AF",20577892,"DMSO","MOLM-14",TRUE,"control","control"
"GSM3574188",1.6797521974231,"GSE125437","NCBI-counts",6,6,"MOLM14.DMSO.24h_Rep5","cell line: MOLM-14 | agent: DMSO | concentration: 0.10 percent | time point (hours): 24 | mll fusion type: MLL-AF",20563905,"DMSO","MOLM-14",TRUE,"control","control"
"GSM3574189",1.50627011797215,"GSE125437","NCBI-counts",6,6,"MOLM14.DMSO.24h_Rep6","cell line: MOLM-14 | agent: DMSO | concentration: 0.10 percent | time point (hours): 24 | mll fusion type: MLL-AF",20528793,"DMSO","MOLM-14",TRUE,"control","control"
"GSM3574190",1.35352390418025,"GSE125437","NCBI-counts",6,6,"MOLM14.EPZ5676.96h_Rep1","cell line: MOLM-14 | agent: EPZ-5676 | concentration: 3uM | time point (hours): 96 | mll fusion type: MLL-AF",18174255,"EPZ-5676","MOLM-14",FALSE,"EPZ-5676","high"
"GSM3574191",1.39051121629001,"GSE125437","NCBI-counts",6,6,"MOLM14.EPZ5676.96h_Rep2","cell line: MOLM-14 | agent: EPZ-5676 | concentration: 3uM | time point (hours): 96 | mll fusion type: MLL-AF",21303616,"EPZ-5676","MOLM-14",FALSE,"EPZ-5676","high"
"GSM3574192",1.93162288456885,"GSE125437","NCBI-counts",6,6,"MOLM14.DMSO.96h_Rep1","cell line: MOLM-14 | agent: DMSO | concentration: 0.10 percent | time point (hours): 96 | mll fusion type: MLL-AF",22873534,"DMSO","MOLM-14",TRUE,"control","control"
"GSM3574193",1.91084678870735,"GSE125437","NCBI-counts",6,6,"MOLM14.DMSO.96h_Rep2","cell line: MOLM-14 | agent: DMSO | concentration: 0.10 percent | time point (hours): 96 | mll fusion type: MLL-AF",21177653,"DMSO","MOLM-14",TRUE,"control","control"
"GSM3574194",1.87386259969493,"GSE125437","NCBI-counts",6,6,"MOLM14.DMSO.96h_Rep3","cell line: MOLM-14 | agent: DMSO | concentration: 0.10 percent | time point (hours): 96 | mll fusion type: MLL-AF",18155699,"DMSO","MOLM-14",TRUE,"control","control"
"GSM3574195",1.03024695029652,"GSE125437","NCBI-counts",6,6,"KOPN8.BAY1251152.8h_Rep1","cell line: KOPN-8 | agent: BAY-1251152 | concentration: 0.05 uM | time point (hours): 8 | mll fusion type: MLL-ENL",20509032,"BAY-1251152","KOPN-8",FALSE,"BAY-1251152","high"
"GSM3574196",1.06344751185628,"GSE125437","NCBI-counts",6,6,"KOPN8.BAY1251152.8h_Rep2","cell line: KOPN-8 | agent: BAY-1251152 | concentration: 0.05 uM | time point (hours): 8 | mll fusion type: MLL-ENL",21536821,"BAY-1251152","KOPN-8",FALSE,"BAY-1251152","high"
"GSM3574197",1.54760608927335,"GSE125437","NCBI-counts",6,6,"KOPN8.OTX015.8h_Rep1","cell line: KOPN-8 | agent: OTX015 | concentration: 1uM | time point (hours): 8 | mll fusion type: MLL-ENL",10663278,"OTX015","KOPN-8",FALSE,"OTX015","high"
"GSM3574198",1.57382847966225,"GSE125437","NCBI-counts",6,6,"KOPN8.OTX015.8h_Rep2","cell line: KOPN-8 | agent: OTX015 | concentration: 1uM | time point (hours): 8 | mll fusion type: MLL-ENL",18927909,"OTX015","KOPN-8",FALSE,"OTX015","high"
"GSM3574199",1.54268055572001,"GSE125437","NCBI-counts",6,6,"KOPN8.OTX015.8h_Rep3","cell line: KOPN-8 | agent: OTX015 | concentration: 1uM | time point (hours): 8 | mll fusion type: MLL-ENL",19778793,"OTX015","KOPN-8",FALSE,"OTX015","high"
"GSM3574200",1.59741208794612,"GSE125437","NCBI-counts",6,6,"KOPN8.BAY155.24h_Rep1","cell line: KOPN-8 | agent: BAY-155 | concentration: 2uM | time point (hours): 24 | mll fusion type: MLL-ENL",19070197,"BAY-155","KOPN-8",FALSE,"BAY-155","high"
"GSM3574201",1.60725873704054,"GSE125437","NCBI-counts",6,6,"KOPN8.BAY155.24h_Rep2","cell line: KOPN-8 | agent: BAY-155 | concentration: 2uM | time point (hours): 24 | mll fusion type: MLL-ENL",17895078,"BAY-155","KOPN-8",FALSE,"BAY-155","high"
"GSM3574202",1.59446013490379,"GSE125437","NCBI-counts",6,6,"KOPN8.BAY155.24h_Rep3","cell line: KOPN-8 | agent: BAY-155 | concentration: 2uM | time point (hours): 24 | mll fusion type: MLL-ENL",18407843,"BAY-155","KOPN-8",FALSE,"BAY-155","high"
"GSM3574203",1.45359734175885,"GSE125437","NCBI-counts",6,6,"KOPN8.DMSO.8h_Rep1","cell line: KOPN-8 | agent: DMSO | concentration: 0.10 percent | time point (hours): 8 | mll fusion type: MLL-ENL",22665237,"DMSO","KOPN-8",TRUE,"control","control"
"GSM3574204",1.42734607477189,"GSE125437","NCBI-counts",6,6,"KOPN8.DMSO.8h_Rep2","cell line: KOPN-8 | agent: DMSO | concentration: 0.10 percent | time point (hours): 8 | mll fusion type: MLL-ENL",21401306,"DMSO","KOPN-8",TRUE,"control","control"
"GSM3574205",1.45531983426726,"GSE125437","NCBI-counts",6,6,"KOPN8.DMSO.8h_Rep3","cell line: KOPN-8 | agent: DMSO | concentration: 0.10 percent | time point (hours): 8 | mll fusion type: MLL-ENL",19042416,"DMSO","KOPN-8",TRUE,"control","control"
"GSM3574206",1.52288571191378,"GSE125437","NCBI-counts",6,6,"KOPN8.Brequinar.24h_Rep1","cell line: KOPN-8 | agent: Brequinar | concentration: 2uM | time point (hours): 24 | mll fusion type: MLL-ENL",17803021,"Brequinar","KOPN-8",FALSE,"Brequinar","high"
"GSM3574207",1.49808517260589,"GSE125437","NCBI-counts",6,6,"KOPN8.Brequinar.24h_Rep2","cell line: KOPN-8 | agent: Brequinar | concentration: 2uM | time point (hours): 24 | mll fusion type: MLL-ENL",21543510,"Brequinar","KOPN-8",FALSE,"Brequinar","high"
"GSM3574208",1.49175074500476,"GSE125437","NCBI-counts",6,6,"KOPN8.Brequinar.24h_Rep3","cell line: KOPN-8 | agent: Brequinar | concentration: 2uM | time point (hours): 24 | mll fusion type: MLL-ENL",18537311,"Brequinar","KOPN-8",FALSE,"Brequinar","high"
"GSM3574209",1.56866546247619,"GSE125437","NCBI-counts",6,6,"KOPN8.DMSO.24h_Rep1","cell line: KOPN-8 | agent: DMSO | concentration: 0.10 percent | time point (hours): 24 | mll fusion type: MLL-ENL",20523969,"DMSO","KOPN-8",TRUE,"control","control"
"GSM3574210",1.63973935175059,"GSE125437","NCBI-counts",6,6,"KOPN8.DMSO.24h_Rep2","cell line: KOPN-8 | agent: DMSO | concentration: 0.10 percent | time point (hours): 24 | mll fusion type: MLL-ENL",21725647,"DMSO","KOPN-8",TRUE,"control","control"
"GSM3574211",1.60832787242842,"GSE125437","NCBI-counts",6,6,"KOPN8.DMSO.24h_Rep3","cell line: KOPN-8 | agent: DMSO | concentration: 0.10 percent | time point (hours): 24 | mll fusion type: MLL-ENL",21327101,"DMSO","KOPN-8",TRUE,"control","control"
"GSM3574212",1.62757403700482,"GSE125437","NCBI-counts",6,6,"KOPN8.EPZ5676.96h_Rep1","cell line: KOPN-8 | agent: EPZ-5676 | concentration: 3uM | time point (hours): 96 | mll fusion type: MLL-ENL",18709194,"EPZ-5676","KOPN-8",FALSE,"EPZ-5676","high"
"GSM3574213",1.64716143289098,"GSE125437","NCBI-counts",6,6,"KOPN8.EPZ5676.96h_Rep2","cell line: KOPN-8 | agent: EPZ-5676 | concentration: 3uM | time point (hours): 96 | mll fusion type: MLL-ENL",18898854,"EPZ-5676","KOPN-8",FALSE,"EPZ-5676","high"
"GSM3574214",1.61743949845332,"GSE125437","NCBI-counts",6,6,"KOPN8.EPZ5676.96h_Rep3","cell line: KOPN-8 | agent: EPZ-5676 | concentration: 3uM | time point (hours): 96 | mll fusion type: MLL-ENL",21449641,"EPZ-5676","KOPN-8",FALSE,"EPZ-5676","high"
"GSM3574215",1.71284926202358,"GSE125437","NCBI-counts",6,6,"KOPN8.DMSO.96h_Rep1","cell line: KOPN-8 | agent: DMSO | concentration: 0.10 percent | time point (hours): 96 | mll fusion type: MLL-ENL",21763107,"DMSO","KOPN-8",TRUE,"control","control"
"GSM3574216",1.70647384435863,"GSE125437","NCBI-counts",6,6,"KOPN8.DMSO.96h_Rep2","cell line: KOPN-8 | agent: DMSO | concentration: 0.10 percent | time point (hours): 96 | mll fusion type: MLL-ENL",15120915,"DMSO","KOPN-8",TRUE,"control","control"
"GSM3574217",1.72170987128195,"GSE125437","NCBI-counts",6,6,"KOPN8.DMSO.96h_Rep3","cell line: KOPN-8 | agent: DMSO | concentration: 0.10 percent | time point (hours): 96 | mll fusion type: MLL-ENL",17745543,"DMSO","KOPN-8",TRUE,"control","control"
"GSM3769167",1.78319838918902,"GSE131325","NCBI-counts",6,6,"NB4_0h_notreatment_2","cell line: NB4 | cell type: acute promyelocytic leukaemia (APL) | treatment: No Treatment | time: 0h | replicate: 1",23907746,"No Treatment","NB4",FALSE,"No","high"
"GSM3769168",1.9034217854241,"GSE131325","NCBI-counts",6,6,"NB4_0h_notreatment_4","cell line: NB4 | cell type: acute promyelocytic leukaemia (APL) | treatment: No Treatment | time: 0h | replicate: 2",29700501,"No Treatment","NB4",FALSE,"No","high"
"GSM3769169",1.90125446478796,"GSE131325","NCBI-counts",6,6,"NB4_0h_notreatment_5","cell line: NB4 | cell type: acute promyelocytic leukaemia (APL) | treatment: No Treatment | time: 0h | replicate: 3",32811028,"No Treatment","NB4",FALSE,"No","high"
"GSM3769170",1.97021364691614,"GSE131325","NCBI-counts",6,6,"NB4_4h_dmso_2","cell line: NB4 | cell type: acute promyelocytic leukaemia (APL) | treatment: DMSO | time: 4h | replicate: 1",24880063,"DMSO","NB4",TRUE,"control","control"
"GSM3769171",2.0230214278609,"GSE131325","NCBI-counts",6,6,"NB4_4h_dmso_4","cell line: NB4 | cell type: acute promyelocytic leukaemia (APL) | treatment: DMSO | time: 4h | replicate: 2",25072552,"DMSO","NB4",TRUE,"control","control"
"GSM3769172",2.04580541817887,"GSE131325","NCBI-counts",6,6,"NB4_4h_dmso_5","cell line: NB4 | cell type: acute promyelocytic leukaemia (APL) | treatment: DMSO | time: 4h | replicate: 3",27557613,"DMSO","NB4",TRUE,"control","control"
"GSM3769173",1.89745629049224,"GSE131325","NCBI-counts",6,6,"NB4_4h atra 2","cell line: NB4 | cell type: acute promyelocytic leukaemia (APL) | treatment: ATRA | time: 4h | replicate: 1",24477139,"ATRA","NB4",FALSE,"ATRA","high"
"GSM3769174",1.91012323092703,"GSE131325","NCBI-counts",6,6,"NB4_4h_atra_4","cell line: NB4 | cell type: acute promyelocytic leukaemia (APL) | treatment: ATRA | time: 4h | replicate: 2",30173369,"ATRA","NB4",FALSE,"ATRA","high"
"GSM3769175",1.92082104184037,"GSE131325","NCBI-counts",6,6,"NB4_4h_atra_5","cell line: NB4 | cell type: acute promyelocytic leukaemia (APL) | treatment: ATRA | time: 4h | replicate: 3",23108539,"ATRA","NB4",FALSE,"ATRA","high"
"GSM3769176",1.80857823120664,"GSE131325","NCBI-counts",6,6,"NB4_12h_dmso_2","cell line: NB4 | cell type: acute promyelocytic leukaemia (APL) | treatment: DMSO | time: 12h | replicate: 1",27224041,"DMSO","NB4",TRUE,"control","control"
"GSM3769177",1.87305926276913,"GSE131325","NCBI-counts",6,6,"NB4_12h_dmso_4","cell line: NB4 | cell type: acute promyelocytic leukaemia (APL) | treatment: DMSO | time: 12h | replicate: 2",33474244,"DMSO","NB4",TRUE,"control","control"
"GSM3769178",1.83247469981288,"GSE131325","NCBI-counts",6,6,"NB4_12h_dmso_5","cell line: NB4 | cell type: acute promyelocytic leukaemia (APL) | treatment: DMSO | time: 12h | replicate: 3",28162458,"DMSO","NB4",TRUE,"control","control"
"GSM3769179",1.4836716633672,"GSE131325","NCBI-counts",6,6,"NB4_12h_atra_2","cell line: NB4 | cell type: acute promyelocytic leukaemia (APL) | treatment: ATRA | time: 12h | replicate: 1",21838604,"ATRA","NB4",FALSE,"ATRA","high"
"GSM3769180",1.58304555311999,"GSE131325","NCBI-counts",6,6,"NB4_12h_atra_4","cell line: NB4 | cell type: acute promyelocytic leukaemia (APL) | treatment: ATRA | time: 12h | replicate: 2",30896431,"ATRA","NB4",FALSE,"ATRA","high"
"GSM3769181",1.58743361126222,"GSE131325","NCBI-counts",6,6,"NB4_12h_atra_5","cell line: NB4 | cell type: acute promyelocytic leukaemia (APL) | treatment: ATRA | time: 12h | replicate: 3",30888417,"ATRA","NB4",FALSE,"ATRA","high"
"GSM3769182",1.72983669640455,"GSE131325","NCBI-counts",6,6,"NB4_24h_dmso_2","cell line: NB4 | cell type: acute promyelocytic leukaemia (APL) | treatment: DMSO | time: 24h | replicate: 1",23594527,"DMSO","NB4",TRUE,"control","control"
"GSM3769183",1.93177189420776,"GSE131325","NCBI-counts",6,6,"NB4_24h_dmso_4","cell line: NB4 | cell type: acute promyelocytic leukaemia (APL) | treatment: DMSO | time: 24h | replicate: 2",29619546,"DMSO","NB4",TRUE,"control","control"
"GSM3769184",1.89885862628083,"GSE131325","NCBI-counts",6,6,"NB4_24h_dmso_5","cell line: NB4 | cell type: acute promyelocytic leukaemia (APL) | treatment: DMSO | time: 24h | replicate: 3",31895063,"DMSO","NB4",TRUE,"control","control"
"GSM3769185",1.40567627574809,"GSE131325","NCBI-counts",6,6,"NB4_24h_atra_2","cell line: NB4 | cell type: acute promyelocytic leukaemia (APL) | treatment: ATRA | time: 24h | replicate: 1",30686261,"ATRA","NB4",FALSE,"ATRA","high"
"GSM3769186",1.46899438609921,"GSE131325","NCBI-counts",6,6,"NB4_24h_atra_4","cell line: NB4 | cell type: acute promyelocytic leukaemia (APL) | treatment: ATRA | time: 24h | replicate: 2",22685497,"ATRA","NB4",FALSE,"ATRA","high"
"GSM3769187",1.46266218874916,"GSE131325","NCBI-counts",6,6,"NB4_24h_atra_5","cell line: NB4 | cell type: acute promyelocytic leukaemia (APL) | treatment: ATRA | time: 24h | replicate: 3",26948679,"ATRA","NB4",FALSE,"ATRA","high"
"GSM3769188",1.77072840695037,"GSE131325","NCBI-counts",6,6,"NB4_72h_dmso_2","cell line: NB4 | cell type: acute promyelocytic leukaemia (APL) | treatment: DMSO | time: 72h | replicate: 1",25531083,"DMSO","NB4",TRUE,"control","control"
"GSM3769189",1.81169980428081,"GSE131325","NCBI-counts",6,6,"NB4_72h_dmso_4","cell line: NB4 | cell type: acute promyelocytic leukaemia (APL) | treatment: DMSO | time: 72h | replicate: 2",23431881,"DMSO","NB4",TRUE,"control","control"
"GSM3769190",1.79324325478099,"GSE131325","NCBI-counts",6,6,"NB4_72h_dmso_5","cell line: NB4 | cell type: acute promyelocytic leukaemia (APL) | treatment: DMSO | time: 72h | replicate: 3",23748057,"DMSO","NB4",TRUE,"control","control"
"GSM3769191",1.62248958270151,"GSE131325","NCBI-counts",6,6,"NB4_72h_atra_2","cell line: NB4 | cell type: acute promyelocytic leukaemia (APL) | treatment: ATRA | time: 72h | replicate: 1",21502045,"ATRA","NB4",FALSE,"ATRA","high"
"GSM3769192",1.60965048835334,"GSE131325","NCBI-counts",6,6,"NB4_72h_atra_4","cell line: NB4 | cell type: acute promyelocytic leukaemia (APL) | treatment: ATRA | time: 72h | replicate: 2",26633333,"ATRA","NB4",FALSE,"ATRA","high"
"GSM3769193",1.5993937082216,"GSE131325","NCBI-counts",6,6,"NB4_72h_atra_5","cell line: NB4 | cell type: acute promyelocytic leukaemia (APL) | treatment: ATRA | time: 72h | replicate: 3",27396232,"ATRA","NB4",FALSE,"ATRA","high"
"GSM3769194",2.08263022494021,"GSE131325","NCBI-counts",6,6,"NB4_120h_dmso_2","cell line: NB4 | cell type: acute promyelocytic leukaemia (APL) | treatment: DMSO | time: 120h | replicate: 1",23887477,"DMSO","NB4",TRUE,"control","control"
"GSM3769195",2.04515888878183,"GSE131325","NCBI-counts",6,6,"NB4_120h_dmso_4","cell line: NB4 | cell type: acute promyelocytic leukaemia (APL) | treatment: DMSO | time: 120h | replicate: 2",25298738,"DMSO","NB4",TRUE,"control","control"
"GSM3769196",2.05330415551046,"GSE131325","NCBI-counts",6,6,"NB4_120h_dmso_5","cell line: NB4 | cell type: acute promyelocytic leukaemia (APL) | treatment: DMSO | time: 120h | replicate: 3",27909404,"DMSO","NB4",TRUE,"control","control"
"GSM3769197",1.20730166631071,"GSE131325","NCBI-counts",6,6,"NB4_120h_atra_2","cell line: NB4 | cell type: acute promyelocytic leukaemia (APL) | treatment: ATRA | time: 120h | replicate: 1",20509808,"ATRA","NB4",FALSE,"ATRA","high"
"GSM3769198",1.16611886511642,"GSE131325","NCBI-counts",6,6,"NB4_120h_atra_4","cell line: NB4 | cell type: acute promyelocytic leukaemia (APL) | treatment: ATRA | time: 120h | replicate: 2",27276165,"ATRA","NB4",FALSE,"ATRA","high"
"GSM3769199",1.15456164293143,"GSE131325","NCBI-counts",6,6,"NB4_120h_atra_5","cell line: NB4 | cell type: acute promyelocytic leukaemia (APL) | treatment: ATRA | time: 120h | replicate: 3",25779637,"ATRA","NB4",FALSE,"ATRA","high"
"GSM3983948",1.42106238739854,"GSE135030","NCBI-counts",6,6,"EHEB_CTRL_DMSO_133","cell line: EHEB | treatment: DMSO",20542183,"DMSO","EHEB",TRUE,"control","control"
"GSM3983949",1.41653383131754,"GSE135030","NCBI-counts",6,6,"EHEB_CTRL_DMSO_134","cell line: EHEB | treatment: DMSO",20859122,"DMSO","EHEB",TRUE,"control","control"
"GSM3983950",1.41516231394512,"GSE135030","NCBI-counts",6,6,"EHEB_CTRL_DMSO_135","cell line: EHEB | treatment: DMSO",22296365,"DMSO","EHEB",TRUE,"control","control"
"GSM3983951",1.66619095862827,"GSE135030","NCBI-counts",6,6,"EHEB_Flud_50uM_142","cell line: EHEB | treatment: Flud_50uM",13275346,"Flud_50uM","EHEB",FALSE,"Flud_50uM","high"
"GSM3983952",1.7862309941756,"GSE135030","NCBI-counts",6,6,"EHEB_Flud_50uM_143","cell line: EHEB | treatment: Flud_50uM",15327542,"Flud_50uM","EHEB",FALSE,"Flud_50uM","high"
"GSM3983953",1.85073249122458,"GSE135030","NCBI-counts",6,6,"EHEB_Flud_50uM_144","cell line: EHEB | treatment: Flud_50uM",17052080,"Flud_50uM","EHEB",FALSE,"Flud_50uM","high"
"GSM3983954",1.34800584086467,"GSE135030","NCBI-counts",6,6,"EHEB_Ibru_5uM_280","cell line: EHEB | treatment: Ibru_5uM",20043575,"Ibru_5uM","EHEB",FALSE,"Ibru_5uM","high"
"GSM3983955",1.34142739465526,"GSE135030","NCBI-counts",6,6,"EHEB_Ibru_5uM_281","cell line: EHEB | treatment: Ibru_5uM",14562577,"Ibru_5uM","EHEB",FALSE,"Ibru_5uM","high"
"GSM3983956",1.25222497883895,"GSE135030","NCBI-counts",6,6,"EHEB_Ibru_5uM_282","cell line: EHEB | treatment: Ibru_5uM",21925361,"Ibru_5uM","EHEB",FALSE,"Ibru_5uM","high"
"GSM3983957",1.4409171199069,"GSE135030","NCBI-counts",6,6,"EHEB_Idel_10uM_286","cell line: EHEB | treatment: Idel_10uM",13235633,"Idel_10uM","EHEB",FALSE,"Idel_10uM","high"
"GSM3983958",1.37082373099829,"GSE135030","NCBI-counts",6,6,"EHEB_Idel_10uM_287","cell line: EHEB | treatment: Idel_10uM",21134548,"Idel_10uM","EHEB",FALSE,"Idel_10uM","high"
"GSM3983959",1.32957842352164,"GSE135030","NCBI-counts",6,6,"EHEB_Idel_10uM_288","cell line: EHEB | treatment: Idel_10uM",14432710,"Idel_10uM","EHEB",FALSE,"Idel_10uM","high"
"GSM3983960",0.541001959028566,"GSE135030","NCBI-counts",6,6,"JVM2_CTRL_DMSO_85","cell line: JVM2 | treatment: DMSO",19121593,"DMSO","JVM2",TRUE,"control","control"
"GSM3983961",0.519850185098041,"GSE135030","NCBI-counts",6,6,"JVM2_CTRL_DMSO_86","cell line: JVM2 | treatment: DMSO",23854342,"DMSO","JVM2",TRUE,"control","control"
"GSM3983962",0.544402141292609,"GSE135030","NCBI-counts",6,6,"JVM2_CTRL_DMSO_87","cell line: JVM2 | treatment: DMSO",25741705,"DMSO","JVM2",TRUE,"control","control"
"GSM3983963",1.00397498209611,"GSE135030","NCBI-counts",6,6,"JVM2_Flud_50uM_94","cell line: JVM2 | treatment: Flud_50uM",22406028,"Flud_50uM","JVM2",FALSE,"Flud_50uM","high"
"GSM3983964",0.961019966080393,"GSE135030","NCBI-counts",6,6,"JVM2_Flud_50uM_95","cell line: JVM2 | treatment: Flud_50uM",22511323,"Flud_50uM","JVM2",FALSE,"Flud_50uM","high"
"GSM3983965",0.969891159450945,"GSE135030","NCBI-counts",6,6,"JVM2_Flud_50uM_96","cell line: JVM2 | treatment: Flud_50uM",20389712,"Flud_50uM","JVM2",FALSE,"Flud_50uM","high"
"GSM3983966",0.427775721070617,"GSE135030","NCBI-counts",6,6,"JVM2_Ibru_5uM_232","cell line: JVM2 | treatment: Ibru_5uM",27112352,"Ibru_5uM","JVM2",FALSE,"Ibru_5uM","high"
"GSM3983967",0.500614809120531,"GSE135030","NCBI-counts",6,6,"JVM2_Ibru_5uM_233","cell line: JVM2 | treatment: Ibru_5uM",16842161,"Ibru_5uM","JVM2",FALSE,"Ibru_5uM","high"
"GSM3983968",0.488576065969784,"GSE135030","NCBI-counts",6,6,"JVM2_Ibru_5uM_234","cell line: JVM2 | treatment: Ibru_5uM",20575029,"Ibru_5uM","JVM2",FALSE,"Ibru_5uM","high"
"GSM3983969",0.533573447157779,"GSE135030","NCBI-counts",6,6,"JVM2_Idel_10uM_238","cell line: JVM2 | treatment: Idel_10uM",18393155,"Idel_10uM","JVM2",FALSE,"Idel_10uM","high"
"GSM3983970",0.528180122271085,"GSE135030","NCBI-counts",6,6,"JVM2_Idel_10uM_239","cell line: JVM2 | treatment: Idel_10uM",20341383,"Idel_10uM","JVM2",FALSE,"Idel_10uM","high"
"GSM3983971",0.66481027684575,"GSE135030","NCBI-counts",6,6,"JVM2_Idel_10uM_240","cell line: JVM2 | treatment: Idel_10uM",24900797,"Idel_10uM","JVM2",FALSE,"Idel_10uM","high"
"GSM3983972",0.654470858937831,"GSE135030","NCBI-counts",6,6,"MEC1_DMSO_CTRL_48h_37","cell line: MEC1 | treatment: DMSO",24333448,"DMSO","MEC1",TRUE,"control","control"
"GSM3983973",0.714615702684585,"GSE135030","NCBI-counts",6,6,"MEC1_DMSO_CTRL_48h_38","cell line: MEC1 | treatment: DMSO",25266834,"DMSO","MEC1",TRUE,"control","control"
"GSM3983974",0.613594315219938,"GSE135030","NCBI-counts",6,6,"MEC1_DMSO_CTRL_48h_39","cell line: MEC1 | treatment: DMSO",21005241,"DMSO","MEC1",TRUE,"control","control"
"GSM3983975",1.13963522620977,"GSE135030","NCBI-counts",6,6,"MEC1_Flud_50uM_48h_46","cell line: MEC1 | treatment: Flud_50uM",15057657,"Flud_50uM","MEC1",FALSE,"Flud_50uM","high"
"GSM3983976",1.05349988918552,"GSE135030","NCBI-counts",6,6,"MEC1_Flud_50uM_48h_47","cell line: MEC1 | treatment: Flud_50uM",17865479,"Flud_50uM","MEC1",FALSE,"Flud_50uM","high"
"GSM3983977",1.14162280433251,"GSE135030","NCBI-counts",6,6,"MEC1_Flud_50uM_48h_48","cell line: MEC1 | treatment: Flud_50uM",13600896,"Flud_50uM","MEC1",FALSE,"Flud_50uM","high"
"GSM3983978",0.751345542674762,"GSE135030","NCBI-counts",6,6,"MEC1_Ibru_5uM_48h_184","cell line: MEC1 | treatment: Ibru_5uM",23083644,"Ibru_5uM","MEC1",FALSE,"Ibru_5uM","high"
"GSM3983979",0.751886479820052,"GSE135030","NCBI-counts",6,6,"MEC1_Ibru_5uM_48h_185","cell line: MEC1 | treatment: Ibru_5uM",19578101,"Ibru_5uM","MEC1",FALSE,"Ibru_5uM","high"
"GSM3983980",0.726216177448546,"GSE135030","NCBI-counts",6,6,"MEC1_Ibru_5uM_48h_186","cell line: MEC1 | treatment: Ibru_5uM",21357295,"Ibru_5uM","MEC1",FALSE,"Ibru_5uM","high"
"GSM3983981",0.71279349453485,"GSE135030","NCBI-counts",6,6,"MEC1_Idel_10uM_48h_190","cell line: MEC1 | treatment: Idel_10uM",17662983,"Idel_10uM","MEC1",FALSE,"Idel_10uM","high"
"GSM3983982",0.69561293866327,"GSE135030","NCBI-counts",6,6,"MEC1_Idel_10uM_48h_191","cell line: MEC1 | treatment: Idel_10uM",20993652,"Idel_10uM","MEC1",FALSE,"Idel_10uM","high"
"GSM3983983",0.629715670797518,"GSE135030","NCBI-counts",6,6,"MEC1_Idel_10uM_48h_192","cell line: MEC1 | treatment: Idel_10uM",21462196,"Idel_10uM","MEC1",FALSE,"Idel_10uM","high"
"GSM4452181",2.6934473052931,"GSE148010","NCBI-counts",6,6,"F4_KO_T0_pre-treatment_BATCH1 (RNA-seq)","cell line: TF1 erythroleukemia cell line | clone id: F4 | tet2 genotype: TET2 -/- | treatment: pre-treatment | time after first treatment: pre-treatment | sequencing qc pass/fail: PASS | experimental batch: BATCH1",31377957,"pre-treatment","TF1 erythroleukemia cell line",FALSE,"pre-","high"
"GSM4452182",2.78694500108983,"GSE148010","NCBI-counts",6,6,"A12_KO_T0_pre-treatment_BATCH1 (RNA-seq)","cell line: TF1 erythroleukemia cell line | clone id: A12 | tet2 genotype: TET2 -/- | treatment: pre-treatment | time after first treatment: pre-treatment | sequencing qc pass/fail: PASS | experimental batch: BATCH1",28806629,"pre-treatment","TF1 erythroleukemia cell line",FALSE,"pre-","high"
"GSM4452183",2.68978732477745,"GSE148010","NCBI-counts",6,6,"A7_WT_T0_pre-treatment_BATCH1 (RNA-seq)","cell line: TF1 erythroleukemia cell line | clone id: A7 | tet2 genotype: TET2 +/+ | treatment: pre-treatment | time after first treatment: pre-treatment | sequencing qc pass/fail: PASS | experimental batch: BATCH1",30737104,"pre-treatment","TF1 erythroleukemia cell line",FALSE,"pre-","high"
"GSM4452184",2.75633842125939,"GSE148010","NCBI-counts",6,6,"C4_WT_T0_pre-treatment_BATCH1 (RNA-seq)","cell line: TF1 erythroleukemia cell line | clone id: C4 | tet2 genotype: TET2 +/+ | treatment: pre-treatment | time after first treatment: pre-treatment | sequencing qc pass/fail: PASS | experimental batch: BATCH1",32251430,"pre-treatment","TF1 erythroleukemia cell line",FALSE,"pre-","high"
"GSM4452185",2.80809548256558,"GSE148010","NCBI-counts",6,6,"F4_KO_T72_Aza_BATCH1 (RNA-seq)","cell line: TF1 erythroleukemia cell line | clone id: F4 | tet2 genotype: TET2 -/- | treatment: 200 nM 5-Aza daily x 3 days | time after first treatment: 72 | sequencing qc pass/fail: PASS | experimental batch: BATCH1",28375737,"200 nM 5-Aza daily x 3 days","TF1 erythroleukemia cell line",FALSE,"5-Aza daily x","high"
"GSM4452186",2.85584229419478,"GSE148010","NCBI-counts",6,6,"A12_KO_T72_Aza_BATCH1 (RNA-seq)","cell line: TF1 erythroleukemia cell line | clone id: A12 | tet2 genotype: TET2 -/- | treatment: 200 nM 5-Aza daily x 3 days | time after first treatment: 72 | sequencing qc pass/fail: PASS | experimental batch: BATCH1",30653506,"200 nM 5-Aza daily x 3 days","TF1 erythroleukemia cell line",FALSE,"5-Aza daily x","high"
"GSM4452187",2.79473232023862,"GSE148010","NCBI-counts",6,6,"A7_WT_T72_Aza_BATCH1 (RNA-seq)","cell line: TF1 erythroleukemia cell line | clone id: A7 | tet2 genotype: TET2 +/+ | treatment: 200 nM 5-Aza daily x 3 days | time after first treatment: 72 | sequencing qc pass/fail: PASS | experimental batch: BATCH1",29921144,"200 nM 5-Aza daily x 3 days","TF1 erythroleukemia cell line",FALSE,"5-Aza daily x","high"
"GSM4452188",2.79577469644985,"GSE148010","NCBI-counts",6,6,"C4_WT_T72_Aza_BATCH1 (RNA-seq)","cell line: TF1 erythroleukemia cell line | clone id: C4 | tet2 genotype: TET2 +/+ | treatment: 200 nM 5-Aza daily x 3 days | time after first treatment: 72 | sequencing qc pass/fail: PASS | experimental batch: BATCH1",27666610,"200 nM 5-Aza daily x 3 days","TF1 erythroleukemia cell line",FALSE,"5-Aza daily x","high"
"GSM4452189",2.46350398116658,"GSE148010","NCBI-counts",6,6,"F4_KO_T72_DMSO_BATCH1 (RNA-seq)","cell line: TF1 erythroleukemia cell line | clone id: F4 | tet2 genotype: TET2 -/- | treatment: vehicle (DMSO) treated daily x 3 days | time after first treatment: 72 | sequencing qc pass/fail: FAIL | experimental batch: BATCH1",34120660,"vehicle (DMSO) treated daily x 3 days","TF1 erythroleukemia cell line",TRUE,"control","control"
"GSM4452190",2.76395252122739,"GSE148010","NCBI-counts",6,6,"A12_KO_T72_DMSO_BATCH1 (RNA-seq)","cell line: TF1 erythroleukemia cell line | clone id: A12 | tet2 genotype: TET2 -/- | treatment: vehicle (DMSO) treated daily x 3 days | time after first treatment: 72 | sequencing qc pass/fail: PASS | experimental batch: BATCH1",31892389,"vehicle (DMSO) treated daily x 3 days","TF1 erythroleukemia cell line",TRUE,"control","control"
"GSM4452191",2.74468901865268,"GSE148010","NCBI-counts",6,6,"A7_WT_T72_DMSO_BATCH1 (RNA-seq)","cell line: TF1 erythroleukemia cell line | clone id: A7 | tet2 genotype: TET2 +/+ | treatment: vehicle (DMSO) treated daily x 3 days | time after first treatment: 72 | sequencing qc pass/fail: PASS | experimental batch: BATCH1",29411018,"vehicle (DMSO) treated daily x 3 days","TF1 erythroleukemia cell line",TRUE,"control","control"
"GSM4452192",2.66370246152849,"GSE148010","NCBI-counts",6,6,"C4_WT_T72_DMSO_BATCH1 (RNA-seq)","cell line: TF1 erythroleukemia cell line | clone id: C4 | tet2 genotype: TET2 +/+ | treatment: vehicle (DMSO) treated daily x 3 days | time after first treatment: 72 | sequencing qc pass/fail: PASS | experimental batch: BATCH1",31000547,"vehicle (DMSO) treated daily x 3 days","TF1 erythroleukemia cell line",TRUE,"control","control"
"GSM4452193",2.69816731504424,"GSE148010","NCBI-counts",6,6,"F4_KO_T264_Aza_BATCH1 (RNA-seq)","cell line: TF1 erythroleukemia cell line | clone id: F4 | tet2 genotype: TET2 -/- | treatment: 200 nM 5-Aza daily x 3 days | time after first treatment: 264 | sequencing qc pass/fail: PASS | experimental batch: BATCH1",29467721,"200 nM 5-Aza daily x 3 days","TF1 erythroleukemia cell line",FALSE,"5-Aza daily x","high"
"GSM4452194",2.78602492860206,"GSE148010","NCBI-counts",6,6,"A12_KO_T264_Aza_BATCH1 (RNA-seq)","cell line: TF1 erythroleukemia cell line | clone id: A12 | tet2 genotype: TET2 -/- | treatment: 200 nM 5-Aza daily x 3 days | time after first treatment: 264 | sequencing qc pass/fail: PASS | experimental batch: BATCH1",28630784,"200 nM 5-Aza daily x 3 days","TF1 erythroleukemia cell line",FALSE,"5-Aza daily x","high"
"GSM4452195",2.70385670176191,"GSE148010","NCBI-counts",6,6,"A7_WT_T264_Aza_BATCH1 (RNA-seq)","cell line: TF1 erythroleukemia cell line | clone id: A7 | tet2 genotype: TET2 +/+ | treatment: 200 nM 5-Aza daily x 3 days | time after first treatment: 264 | sequencing qc pass/fail: PASS | experimental batch: BATCH1",30905355,"200 nM 5-Aza daily x 3 days","TF1 erythroleukemia cell line",FALSE,"5-Aza daily x","high"
"GSM4452196",2.68480341562784,"GSE148010","NCBI-counts",6,6,"C4_WT_T264_Aza_BATCH1 (RNA-seq)","cell line: TF1 erythroleukemia cell line | clone id: C4 | tet2 genotype: TET2 +/+ | treatment: 200 nM 5-Aza daily x 3 days | time after first treatment: 264 | sequencing qc pass/fail: PASS | experimental batch: BATCH1",28351912,"200 nM 5-Aza daily x 3 days","TF1 erythroleukemia cell line",FALSE,"5-Aza daily x","high"
"GSM4452197",2.73718814857983,"GSE148010","NCBI-counts",6,6,"F4_KO_T264_DMSO_BATCH1 (RNA-seq)","cell line: TF1 erythroleukemia cell line | clone id: F4 | tet2 genotype: TET2 -/- | treatment: vehicle (DMSO) treated daily x 3 days | time after first treatment: 264 | sequencing qc pass/fail: PASS | experimental batch: BATCH1",37814748,"vehicle (DMSO) treated daily x 3 days","TF1 erythroleukemia cell line",TRUE,"control","control"
"GSM4452198",2.7696883226685,"GSE148010","NCBI-counts",6,6,"A12_KO_T264_DMSO_BATCH1 (RNA-seq)","cell line: TF1 erythroleukemia cell line | clone id: A12 | tet2 genotype: TET2 -/- | treatment: vehicle (DMSO) treated daily x 3 days | time after first treatment: 264 | sequencing qc pass/fail: PASS | experimental batch: BATCH1",28691594,"vehicle (DMSO) treated daily x 3 days","TF1 erythroleukemia cell line",TRUE,"control","control"
"GSM4452199",2.744848842706,"GSE148010","NCBI-counts",6,6,"A7_WT_T264_DMSO_BATCH1 (RNA-seq)","cell line: TF1 erythroleukemia cell line | clone id: A7 | tet2 genotype: TET2 +/+ | treatment: vehicle (DMSO) treated daily x 3 days | time after first treatment: 264 | sequencing qc pass/fail: PASS | experimental batch: BATCH1",29971434,"vehicle (DMSO) treated daily x 3 days","TF1 erythroleukemia cell line",TRUE,"control","control"
"GSM4452200",2.69367052080879,"GSE148010","NCBI-counts",6,6,"C4_WT_T264_DMSO_BATCH1 (RNA-seq)","cell line: TF1 erythroleukemia cell line | clone id: C4 | tet2 genotype: TET2 +/+ | treatment: vehicle (DMSO) treated daily x 3 days | time after first treatment: 264 | sequencing qc pass/fail: PASS | experimental batch: BATCH1",29845411,"vehicle (DMSO) treated daily x 3 days","TF1 erythroleukemia cell line",TRUE,"control","control"
"GSM4452201",2.75254759291062,"GSE148010","NCBI-counts",6,6,"F4_KO_T0_DMSO_BATCH2 (RNA-seq)","cell line: TF1 erythroleukemia cell line | clone id: F4 | tet2 genotype: TET2 -/- | treatment: vehicle (DMSO) treated daily x 3 days | time after first treatment: pre-treatment | sequencing qc pass/fail: PASS | experimental batch: BATCH2",43762044,"vehicle (DMSO) treated daily x 3 days","TF1 erythroleukemia cell line",TRUE,"control","control"
"GSM4452202",2.81498651261387,"GSE148010","NCBI-counts",6,6,"A12_KO_T0_DMSO_BATCH2 (RNA-seq)","cell line: TF1 erythroleukemia cell line | clone id: A12 | tet2 genotype: TET2 -/- | treatment: vehicle (DMSO) treated daily x 3 days | time after first treatment: pre-treatment | sequencing qc pass/fail: PASS | experimental batch: BATCH2",30129899,"vehicle (DMSO) treated daily x 3 days","TF1 erythroleukemia cell line",TRUE,"control","control"
"GSM4452203",2.69118167182467,"GSE148010","NCBI-counts",6,6,"F4_KO_T72_DMSO_BATCH2 (RNA-seq)","cell line: TF1 erythroleukemia cell line | clone id: F4 | tet2 genotype: TET2 -/- | treatment: vehicle (DMSO) treated daily x 3 days | time after first treatment: 72 | sequencing qc pass/fail: PASS | experimental batch: BATCH2",34758314,"vehicle (DMSO) treated daily x 3 days","TF1 erythroleukemia cell line",TRUE,"control","control"
"GSM4452204",2.75121826708832,"GSE148010","NCBI-counts",6,6,"A12_KO_T72_DMSO_BATCH2 (RNA-seq)","cell line: TF1 erythroleukemia cell line | clone id: A12 | tet2 genotype: TET2 -/- | treatment: vehicle (DMSO) treated daily x 3 days | time after first treatment: 72 | sequencing qc pass/fail: PASS | experimental batch: BATCH2",27431254,"vehicle (DMSO) treated daily x 3 days","TF1 erythroleukemia cell line",TRUE,"control","control"
"GSM4452205",2.71803966578423,"GSE148010","NCBI-counts",6,6,"F4_KO_T264_DMSO_BATCH2 (RNA-seq)","cell line: TF1 erythroleukemia cell line | clone id: F4 | tet2 genotype: TET2 -/- | treatment: vehicle (DMSO) treated daily x 3 days | time after first treatment: 264 | sequencing qc pass/fail: PASS | experimental batch: BATCH2",39985329,"vehicle (DMSO) treated daily x 3 days","TF1 erythroleukemia cell line",TRUE,"control","control"
"GSM4452206",2.75325050553513,"GSE148010","NCBI-counts",6,6,"A12_KO_T264_DMSO_BATCH2 (RNA-seq)","cell line: TF1 erythroleukemia cell line | clone id: A12 | tet2 genotype: TET2 -/- | treatment: vehicle (DMSO) treated daily x 3 days | time after first treatment: 264 | sequencing qc pass/fail: PASS | experimental batch: BATCH2",40531802,"vehicle (DMSO) treated daily x 3 days","TF1 erythroleukemia cell line",TRUE,"control","control"
"GSM4706175",1.54808948999879,"GSE155559","NCBI-counts",6,6,"P401_DMSO_1","cell type: Human primary leukopheresis sample | treatment: DMSO",47878296,"DMSO","Human primary leukopheresis sample",TRUE,"control","control"
"GSM4706176",1.55121550489495,"GSE155559","NCBI-counts",6,6,"P401_DMSO_2","cell type: Human primary leukopheresis sample | treatment: DMSO",65876427,"DMSO","Human primary leukopheresis sample",TRUE,"control","control"
"GSM4706177",1.56335873297073,"GSE155559","NCBI-counts",6,6,"P401_DMSO_3","cell type: Human primary leukopheresis sample | treatment: DMSO",69758280,"DMSO","Human primary leukopheresis sample",TRUE,"control","control"
"GSM4706178",1.5345524189307,"GSE155559","NCBI-counts",6,6,"P401_DMSO_4","cell type: Human primary leukopheresis sample | treatment: DMSO",56939232,"DMSO","Human primary leukopheresis sample",TRUE,"control","control"
"GSM4706179",1.61119917779254,"GSE155559","NCBI-counts",6,6,"P401_Tami_1","cell type: Human primary leukopheresis sample | treatment: Tamibarotene",72364785,"Tamibarotene","Human primary leukopheresis sample",FALSE,"Tamibarotene","high"
"GSM4706180",1.58312605051659,"GSE155559","NCBI-counts",6,6,"P401_Tami_2","cell type: Human primary leukopheresis sample | treatment: Tamibarotene",33086004,"Tamibarotene","Human primary leukopheresis sample",FALSE,"Tamibarotene","high"
"GSM4706181",1.57062570399426,"GSE155559","NCBI-counts",6,6,"P401_Tami_3","cell type: Human primary leukopheresis sample | treatment: Tamibarotene",14690116,"Tamibarotene","Human primary leukopheresis sample",FALSE,"Tamibarotene","high"
"GSM4706182",1.53986308818652,"GSE155559","NCBI-counts",6,6,"P401_Tami_4","cell type: Human primary leukopheresis sample | treatment: Tamibarotene",32749911,"Tamibarotene","Human primary leukopheresis sample",FALSE,"Tamibarotene","high"
"GSM5415402",1.47617121392308,"GSE179333","NCBI-counts",6,6,"REH DMSO 6 hours_1","cell line: REH | treatment: DMSO",18876319,"DMSO","REH",TRUE,"control","control"
"GSM5415403",1.64489205308679,"GSE179333","NCBI-counts",6,6,"REH DMSO 6 hours_2","cell line: REH | treatment: DMSO",16344168,"DMSO","REH",TRUE,"control","control"
"GSM5415404",1.58021685492842,"GSE179333","NCBI-counts",6,6,"REH DMSO 6 hours_3","cell line: REH | treatment: DMSO",13416232,"DMSO","REH",TRUE,"control","control"
"GSM5415405",1.44515874086348,"GSE179333","NCBI-counts",6,6,"REH S3I-201 50uM 6 hours_1","cell line: REH | treatment: S3I-201 50uM",17580491,"S3I-201 50uM","REH",FALSE,"S3I-201","high"
"GSM5415406",1.46236521515617,"GSE179333","NCBI-counts",6,6,"REH S3I-201 50uM 6 hours_2","cell line: REH | treatment: S3I-201 50uM",17967606,"S3I-201 50uM","REH",FALSE,"S3I-201","high"
"GSM5415407",1.38361321369906,"GSE179333","NCBI-counts",6,6,"REH S3I-201 50uM 6 hours_3","cell line: REH | treatment: S3I-201 50uM",8895526,"S3I-201 50uM","REH",FALSE,"S3I-201","high"
"GSM5534620",1.59134444093491,"GSE182680","NCBI-counts",6,6,"RNA-seq CUTLL1 Control 24hr replicate 1","cell type: human T cell leukemia cells | cell line: CUTLL1 | treatment: control",23107453,"control","human T cell leukemia cells",TRUE,"control","control"
"GSM5534621",1.60313610080243,"GSE182680","NCBI-counts",6,6,"RNA-seq CUTLL1 Control 24hr replicate 2","cell type: human T cell leukemia cells | cell line: CUTLL1 | treatment: control",17722657,"control","human T cell leukemia cells",TRUE,"control","control"
"GSM5534622",1.59366142497374,"GSE182680","NCBI-counts",6,6,"RNA-seq CUTLL1 Control 24hr replicate 3","cell type: human T cell leukemia cells | cell line: CUTLL1 | treatment: control",15306282,"control","human T cell leukemia cells",TRUE,"control","control"
"GSM5534623",1.88618044062449,"GSE182680","NCBI-counts",6,6,"RNA-seq CUTLL1 Dasatinib 24hr replicate 1","cell type: human T cell leukemia cells | cell line: CUTLL1 | treatment: dasatininb",22795310,"dasatininb","human T cell leukemia cells",FALSE,"dasatininb","high"
"GSM5534624",1.86045961643249,"GSE182680","NCBI-counts",6,6,"RNA-seq CUTLL1 Dasatinib 24hr replicate 2","cell type: human T cell leukemia cells | cell line: CUTLL1 | treatment: dasatininb",20631740,"dasatininb","human T cell leukemia cells",FALSE,"dasatininb","high"
"GSM5534625",1.81062543140616,"GSE182680","NCBI-counts",6,6,"RNA-seq CUTLL1 Dasatinib 24hr replicate 3","cell type: human T cell leukemia cells | cell line: CUTLL1 | treatment: dasatininb",21335148,"dasatininb","human T cell leukemia cells",FALSE,"dasatininb","high"
"GSM5534626",1.50021521420447,"GSE182680","NCBI-counts",6,6,"RNA-seq CUTLL1 Control replicate 1","cell type: human T cell leukemia cells | cell line: CUTLL1 | treatment: control",21942149,"control","human T cell leukemia cells",TRUE,"control","control"
"GSM5534627",1.49072617453821,"GSE182680","NCBI-counts",6,6,"RNA-seq CUTLL1 Control replicate 2","cell type: human T cell leukemia cells | cell line: CUTLL1 | treatment: control",35936293,"control","human T cell leukemia cells",TRUE,"control","control"
"GSM5534628",1.45982892886219,"GSE182680","NCBI-counts",6,6,"RNA-seq CUTLL1 Control replicate 3","cell type: human T cell leukemia cells | cell line: CUTLL1 | treatment: control",29923846,"control","human T cell leukemia cells",TRUE,"control","control"
"GSM5534629",1.70565226206531,"GSE182680","NCBI-counts",6,6,"RNA-seq CUTLL1 shUSP11 replicate 1","cell type: human T cell leukemia cells | cell line: CUTLL1 | treatment: shUSP11",33433146,"shUSP11","human T cell leukemia cells",FALSE,"shUSP11","high"
"GSM5534630",1.61986360407184,"GSE182680","NCBI-counts",6,6,"RNA-seq CUTLL1 shUSP11 replicate 2","cell type: human T cell leukemia cells | cell line: CUTLL1 | treatment: shUSP12",16805381,"shUSP12","human T cell leukemia cells",FALSE,"shUSP12","high"
"GSM5534631",1.66383499130824,"GSE182680","NCBI-counts",6,6,"RNA-seq CUTLL1 shUSP11 replicate 3","cell type: human T cell leukemia cells | cell line: CUTLL1 | treatment: shUSP13",31562379,"shUSP13","human T cell leukemia cells",FALSE,"shUSP13","high"
"GSM5534632",2.51573325594735,"GSE182680","NCBI-counts",6,6,"RNA-seq DND41 DMSO 48hr replicate 1","cell type: human T cell leukemia cells | cell line: DND41 | treatment: DMSO",32966225,"DMSO","human T cell leukemia cells",TRUE,"control","control"
"GSM5534633",2.48576232032459,"GSE182680","NCBI-counts",6,6,"RNA-seq DND41 DMSO 48hr replicate 2","cell type: human T cell leukemia cells | cell line: DND41 | treatment: DMSO",29105135,"DMSO","human T cell leukemia cells",TRUE,"control","control"
"GSM5534634",2.48937117572743,"GSE182680","NCBI-counts",6,6,"RNA-seq DND41 DMSO 48hr replicate 3","cell type: human T cell leukemia cells | cell line: DND41 | treatment: DMSO",34384613,"DMSO","human T cell leukemia cells",TRUE,"control","control"
"GSM5534635",2.59614357705614,"GSE182680","NCBI-counts",6,6,"RNA-seq DND41 Dex 48hr replicate 1","cell type: human T cell leukemia cells | cell line: DND41 | treatment: Dex",34404789,"Dex","human T cell leukemia cells",FALSE,"Dex","high"
"GSM5534636",2.58341840451463,"GSE182680","NCBI-counts",6,6,"RNA-seq DND41 Dex 48hr replicate 2","cell type: human T cell leukemia cells | cell line: DND41 | treatment: Dex",38366497,"Dex","human T cell leukemia cells",FALSE,"Dex","high"
"GSM5534637",2.58686647055965,"GSE182680","NCBI-counts",6,6,"RNA-seq DND41 Dex 48hr replicate 3","cell type: human T cell leukemia cells | cell line: DND41 | treatment: Dex",30245679,"Dex","human T cell leukemia cells",FALSE,"Dex","high"
"GSM5534638",2.55806251017217,"GSE182680","NCBI-counts",6,6,"RNA-seq DND41 USP7i 48hr replicate 1","cell type: human T cell leukemia cells | cell line: DND41 | treatment: USP7i",26159015,"USP7i","human T cell leukemia cells",FALSE,"USP7i","high"
"GSM5534639",2.51732670537419,"GSE182680","NCBI-counts",6,6,"RNA-seq DND41 USP7i 48hr replicate 2","cell type: human T cell leukemia cells | cell line: DND41 | treatment: USP7i",31691145,"USP7i","human T cell leukemia cells",FALSE,"USP7i","high"
"GSM5534640",2.53933322210539,"GSE182680","NCBI-counts",6,6,"RNA-seq DND41 USP7i 48hr replicate 3","cell type: human T cell leukemia cells | cell line: DND41 | treatment: USP7i",27348310,"USP7i","human T cell leukemia cells",FALSE,"USP7i","high"
"GSM5534641",2.55774280104252,"GSE182680","NCBI-counts",6,6,"RNA-seq DND41 Dex USP7i 48hr replicate 1","cell type: human T cell leukemia cells | cell line: DND41 | treatment: Dex and USP7i",16332754,"Dex and USP7i","human T cell leukemia cells",FALSE,"Dex and USP7i","high"
"GSM5534642",2.57237959942603,"GSE182680","NCBI-counts",6,6,"RNA-seq DND41 Dex USP7i 48hr replicate 2","cell type: human T cell leukemia cells | cell line: DND41 | treatment: Dex and USP7i",15523663,"Dex and USP7i","human T cell leukemia cells",FALSE,"Dex and USP7i","high"
"GSM5534643",2.57370825332736,"GSE182680","NCBI-counts",6,6,"RNA-seq DND41 Dex USP7i 48hr replicate 3","cell type: human T cell leukemia cells | cell line: DND41 | treatment: Dex and USP7i",25774720,"Dex and USP7i","human T cell leukemia cells",FALSE,"Dex and USP7i","high"
"GSM5534644",2.15559502830473,"GSE182680","NCBI-counts",6,6,"RNA-seq DND41 DMSO 72hr replicate 1","cell type: human T cell leukemia cells | cell line: DND41 | treatment: DMSO",14953508,"DMSO","human T cell leukemia cells",TRUE,"control","control"
"GSM5534645",2.12128377613818,"GSE182680","NCBI-counts",6,6,"RNA-seq DND41 DMSO 72hr replicate 2","cell type: human T cell leukemia cells | cell line: DND41 | treatment: DMSO",20014854,"DMSO","human T cell leukemia cells",TRUE,"control","control"
"GSM5534646",2.17688879562051,"GSE182680","NCBI-counts",6,6,"RNA-seq DND41 DMSO 72hr replicate 3","cell type: human T cell leukemia cells | cell line: DND41 | treatment: DMSO",16786315,"DMSO","human T cell leukemia cells",TRUE,"control","control"
"GSM5534647",2.2645408085539,"GSE182680","NCBI-counts",6,6,"RNA-seq DND41 Dex 72hr replicate 1","cell type: human T cell leukemia cells | cell line: DND41 | treatment: Dex",13934649,"Dex","human T cell leukemia cells",FALSE,"Dex","high"
"GSM5534648",2.30916571751048,"GSE182680","NCBI-counts",6,6,"RNA-seq DND41 Dex 72hr replicate 2","cell type: human T cell leukemia cells | cell line: DND41 | treatment: Dex",10891600,"Dex","human T cell leukemia cells",FALSE,"Dex","high"
"GSM5534649",2.20803464748795,"GSE182680","NCBI-counts",6,6,"RNA-seq DND41 Dex 72hr replicate 3","cell type: human T cell leukemia cells | cell line: DND41 | treatment: Dex",16568306,"Dex","human T cell leukemia cells",FALSE,"Dex","high"
"GSM5534650",2.14436987415612,"GSE182680","NCBI-counts",6,6,"RNA-seq DND41 USP7i 72hr replicate 1","cell type: human T cell leukemia cells | cell line: DND41 | treatment: USP7i",14434574,"USP7i","human T cell leukemia cells",FALSE,"USP7i","high"
"GSM5534651",2.139164314329,"GSE182680","NCBI-counts",6,6,"RNA-seq DND41 USP7i 72hr replicate 2","cell type: human T cell leukemia cells | cell line: DND41 | treatment: USP7i",15742220,"USP7i","human T cell leukemia cells",FALSE,"USP7i","high"
"GSM5534652",2.15275459803822,"GSE182680","NCBI-counts",6,6,"RNA-seq DND41 USP7i 72hr replicate 3","cell type: human T cell leukemia cells | cell line: DND41 | treatment: USP7i",12774765,"USP7i","human T cell leukemia cells",FALSE,"USP7i","high"
"GSM5534653",1.98677588771883,"GSE182680","NCBI-counts",6,6,"RNA-seq DND41 Dex USP7i 72hr replicate 1","cell type: human T cell leukemia cells | cell line: DND41 | treatment: Dex and USP7i",16262116,"Dex and USP7i","human T cell leukemia cells",FALSE,"Dex and USP7i","high"
"GSM5534654",2.03398543760795,"GSE182680","NCBI-counts",6,6,"RNA-seq DND41 Dex USP7i 72hr replicate 2","cell type: human T cell leukemia cells | cell line: DND41 | treatment: Dex and USP7i",18038616,"Dex and USP7i","human T cell leukemia cells",FALSE,"Dex and USP7i","high"
"GSM5534655",2.09784966581227,"GSE182680","NCBI-counts",6,6,"RNA-seq DND41 Dex USP7i 72hr replicate 3","cell type: human T cell leukemia cells | cell line: DND41 | treatment: Dex and USP7i",18997069,"Dex and USP7i","human T cell leukemia cells",FALSE,"Dex and USP7i","high"
"GSM5534656",1.61006941720387,"GSE182680","NCBI-counts",6,6,"RNA-seq CUTLL1 Dex 24hr replicate 1","cell type: human T cell leukemia cells | cell line: CUTLL1 | treatment: Dex",15381292,"Dex","human T cell leukemia cells",FALSE,"Dex","high"
"GSM5534657",1.68257860466904,"GSE182680","NCBI-counts",6,6,"RNA-seq CUTLL1 Dex 24hr replicate 2","cell type: human T cell leukemia cells | cell line: CUTLL1 | treatment: Dex",26689903,"Dex","human T cell leukemia cells",FALSE,"Dex","high"
"GSM5534658",1.59499111273362,"GSE182680","NCBI-counts",6,6,"RNA-seq CUTLL1 Dex 24hr replicate 3","cell type: human T cell leukemia cells | cell line: CUTLL1 | treatment: Dex",26226297,"Dex","human T cell leukemia cells",FALSE,"Dex","high"
"GSM5534659",1.6942601716692,"GSE182680","NCBI-counts",6,6,"RNA-seq CUTLL1 shUSP11 Dex 24hr replicate 1","cell type: human T cell leukemia cells | cell line: CUTLL1 | treatment: shUSP14",19850155,"shUSP14","human T cell leukemia cells",FALSE,"shUSP14","high"
"GSM5534660",1.6412005051697,"GSE182680","NCBI-counts",6,6,"RNA-seq CUTLL1 shUSP11 Dex 24hr replicate 2","cell type: human T cell leukemia cells | cell line: CUTLL1 | treatment: shUSP15",19419001,"shUSP15","human T cell leukemia cells",FALSE,"shUSP15","high"
"GSM5534661",1.66170849459848,"GSE182680","NCBI-counts",6,6,"RNA-seq CUTLL1 shUSP11 Dex 24hr replicate 3","cell type: human T cell leukemia cells | cell line: CUTLL1 | treatment: shUSP16",20313597,"shUSP16","human T cell leukemia cells",FALSE,"shUSP16","high"
"GSM5712991",0.673251341904164,"GSE190087","NCBI-counts",6,6,"MEC1 SF3B1 WT rep 1","cell line: MEC 1 ACC497 (DMSZ) | genotype: SF3B1 WT | treatment: Control (DMSO)",112790183,"Control (DMSO)","MEC 1 ACC497 (DMSZ)",TRUE,"control","control"
"GSM5712992",0.663442199555291,"GSE190087","NCBI-counts",6,6,"MEC1 SF3B1 WT rep 2","cell line: MEC 1 ACC497 (DMSZ) | genotype: SF3B1 WT | treatment: Control (DMSO)",103962033,"Control (DMSO)","MEC 1 ACC497 (DMSZ)",TRUE,"control","control"
"GSM5712993",0.594002561818189,"GSE190087","NCBI-counts",6,6,"MEC1 SF3B1 WT rep 3","cell line: MEC 1 ACC497 (DMSZ) | genotype: SF3B1 WT c.2106G>A | treatment: Control (DMSO)",113478934,"Control (DMSO)","MEC 1 ACC497 (DMSZ)",TRUE,"control","control"
"GSM5712994",0.777149961011919,"GSE190087","NCBI-counts",6,6,"MEC1 SF3B1 K700E rep1","cell line: MEC 1 ACC497 (DMSZ) | genotype: SF3B1 MUT c.2098A>G and c.2106G>A | treatment: Control (DMSO)",117296442,"Control (DMSO)","MEC 1 ACC497 (DMSZ)",TRUE,"control","control"
"GSM5712995",0.842224327538697,"GSE190087","NCBI-counts",6,6,"MEC1 SF3B1 K700E rep2","cell line: MEC 1 ACC497 (DMSZ) | genotype: SF3B1 MUT c.2098A>G and c.2106G>A | treatment: Control (DMSO)",108307891,"Control (DMSO)","MEC 1 ACC497 (DMSZ)",TRUE,"control","control"
"GSM5712996",0.680652226161718,"GSE190087","NCBI-counts",6,6,"MEC1 SF3B1 K700E rep3","cell line: MEC 1 ACC497 (DMSZ) | genotype: SF3B1 MUT c.2098A>G and c.2106G>A | treatment: Control (DMSO)",110989448,"Control (DMSO)","MEC 1 ACC497 (DMSZ)",TRUE,"control","control"
"GSM5712997",0.370266975933966,"GSE190087","NCBI-counts",6,6,"MEC1 SF3B1 WT rep 1 H3B-8800","cell line: MEC 1 ACC497 (DMSZ) | genotype: SF3B1 WT | treatment: H3B-8800 75nM 6h",105177780,"H3B-8800 75nM 6h","MEC 1 ACC497 (DMSZ)",FALSE,"H3B-8800","high"
"GSM5712998",0.388026020736358,"GSE190087","NCBI-counts",6,6,"MEC1 SF3B1 WT rep 2 H3B-8800","cell line: MEC 1 ACC497 (DMSZ) | genotype: SF3B1 WT | treatment: H3B-8800 75nM 6h",109199854,"H3B-8800 75nM 6h","MEC 1 ACC497 (DMSZ)",FALSE,"H3B-8800","high"
"GSM5712999",0.29084922869508,"GSE190087","NCBI-counts",6,6,"MEC1 SF3B1 WT rep 3 H3B-8800","cell line: MEC 1 ACC497 (DMSZ) | genotype: SF3B1 WT c.2106G>A | treatment: H3B-8800 75nM 6h",105473766,"H3B-8800 75nM 6h","MEC 1 ACC497 (DMSZ)",FALSE,"H3B-8800","high"
"GSM5713000",0.555223276466021,"GSE190087","NCBI-counts",6,6,"MEC1 SF3B1 K700E rep 1 H3B-8800","cell line: MEC 1 ACC497 (DMSZ) | genotype: SF3B1 MUT c.2098A>G and c.2106G>A | treatment: H3B-8800 75nM 6h",106477545,"H3B-8800 75nM 6h","MEC 1 ACC497 (DMSZ)",FALSE,"H3B-8800","high"
"GSM5713001",0.59451186749702,"GSE190087","NCBI-counts",6,6,"MEC1 SF3B1 K700E rep 2 H3B-8800","cell line: MEC 1 ACC497 (DMSZ) | genotype: SF3B1 MUT c.2098A>G and c.2106G>A | treatment: H3B-8800 75nM 6h",105675306,"H3B-8800 75nM 6h","MEC 1 ACC497 (DMSZ)",FALSE,"H3B-8800","high"
"GSM5713002",0.517491674832529,"GSE190087","NCBI-counts",6,6,"MEC1 SF3B1 K700E rep 3 H3B-8800","cell line: MEC 1 ACC497 (DMSZ) | genotype: SF3B1 MUT c.2098A>G and c.2106G>A | treatment: H3B-8800 75nM 6h",109202692,"H3B-8800 75nM 6h","MEC 1 ACC497 (DMSZ)",FALSE,"H3B-8800","high"
"GSM6423642",1.16161031724306,"GSE210212","NCBI-counts",6,6,"Ctrl rep1","cell line: CCRF-CEM | cell type: T cell leukemia | genotype: CCRF-CEM/HA-AMPKa2 | treatment: No treatment",112128782,"No treatment","CCRF-CEM",FALSE,"No","high"
"GSM6423643",1.15007224096078,"GSE210212","NCBI-counts",6,6,"Ctrl rep2","cell line: CCRF-CEM | cell type: T cell leukemia | genotype: CCRF-CEM/HA-AMPKa2 | treatment: No treatment",28428122,"No treatment","CCRF-CEM",FALSE,"No","high"
"GSM6423645",0.916886943544129,"GSE210212","NCBI-counts",6,6,"No glucose rep2","cell line: CCRF-CEM | cell type: T cell leukemia | genotype: CCRF-CEM/HA-AMPKa2 | treatment: Glucose deprivation for 24h",24717215,"Glucose deprivation for 24h","CCRF-CEM",FALSE,"Glucose deprivation","high"
"GSM6634716",1.73580526012335,"GSE215385","NCBI-counts",6,6,"NALM-6 cells, vehicle, Rep 1","cell line: NALM-6 | cell type: B cell acute lymphoblastic leukemia | genotype: t(5;12) ETV6/PDGFRB | treatment: 0.1percent DMSO",16767801,"0.1percent DMSO","NALM-6",TRUE,"control","control"
"GSM6634717",1.726148822668,"GSE215385","NCBI-counts",6,6,"NALM-6 cells, vehicle, Rep 2","cell line: NALM-6 | cell type: B cell acute lymphoblastic leukemia | genotype: t(5;12) ETV6/PDGFRB | treatment: 0.1percent DMSO",21385032,"0.1percent DMSO","NALM-6",TRUE,"control","control"
"GSM6634718",1.78445331309946,"GSE215385","NCBI-counts",6,6,"NALM-6 cells, vehicle, Rep 3","cell line: NALM-6 | cell type: B cell acute lymphoblastic leukemia | genotype: t(5;12) ETV6/PDGFRB | treatment: 0.1percent DMSO",20019870,"0.1percent DMSO","NALM-6",TRUE,"control","control"
"GSM6634719",2.23620140845021,"GSE215385","NCBI-counts",6,6,"NALM-6 cells, low dex (5 nM), idelalisib (250 nM), Rep 1","cell line: NALM-6 | cell type: B cell acute lymphoblastic leukemia | genotype: t(5;12) ETV6/PDGFRB | treatment: 5 nM Dexamethasone, 250 nM Idelalisib",22638362,"5 nM Dexamethasone, 250 nM Idelalisib","NALM-6",FALSE,"Dexamethasone, Idelalisib","low"
"GSM6634720",2.21035339809241,"GSE215385","NCBI-counts",6,6,"NALM-6 cells, low dex (5 nM), idelalisib (250 nM), Rep 2","cell line: NALM-6 | cell type: B cell acute lymphoblastic leukemia | genotype: t(5;12) ETV6/PDGFRB | treatment: 5 nM Dexamethasone, 250 nM Idelalisib",18532715,"5 nM Dexamethasone, 250 nM Idelalisib","NALM-6",FALSE,"Dexamethasone, Idelalisib","low"
"GSM6634721",2.20251765201535,"GSE215385","NCBI-counts",6,6,"NALM-6 cells, low dex (5 nM), idelalisib (250 nM), Rep 3","cell line: NALM-6 | cell type: B cell acute lymphoblastic leukemia | genotype: t(5;12) ETV6/PDGFRB | treatment: 5 nM Dexamethasone, 250 nM Idelalisib",26145176,"5 nM Dexamethasone, 250 nM Idelalisib","NALM-6",FALSE,"Dexamethasone, Idelalisib","low"
"GSM6634722",2.42699967615135,"GSE215385","NCBI-counts",6,6,"NALM-6 cells, high dex (50 nM), idelalisib (250 nM), Rep 1","cell line: NALM-6 | cell type: B cell acute lymphoblastic leukemia | genotype: t(5;12) ETV6/PDGFRB | treatment: 50 nM Dexamethasone, 250 nM Idelalisib",18648039,"50 nM Dexamethasone, 250 nM Idelalisib","NALM-6",FALSE,"Dexamethasone, Idelalisib","low"
"GSM6634723",2.42481540423863,"GSE215385","NCBI-counts",6,6,"NALM-6 cells, high dex (50 nM), idelalisib (250 nM), Rep 2","cell line: NALM-6 | cell type: B cell acute lymphoblastic leukemia | genotype: t(5;12) ETV6/PDGFRB | treatment: 50 nM Dexamethasone, 250 nM Idelalisib",16371275,"50 nM Dexamethasone, 250 nM Idelalisib","NALM-6",FALSE,"Dexamethasone, Idelalisib","low"
"GSM6634724",2.42561098902479,"GSE215385","NCBI-counts",6,6,"NALM-6 cells, high dex (50 nM), idelalisib (250 nM), Rep 3","cell line: NALM-6 | cell type: B cell acute lymphoblastic leukemia | genotype: t(5;12) ETV6/PDGFRB | treatment: 50 nM Dexamethasone, 250 nM Idelalisib",25941944,"50 nM Dexamethasone, 250 nM Idelalisib","NALM-6",FALSE,"Dexamethasone, Idelalisib","low"
"GSM6634725",1.89709551476917,"GSE215385","NCBI-counts",6,6,"NALM-6 cells, idelalisib (250 nM), Rep 1","cell line: NALM-6 | cell type: B cell acute lymphoblastic leukemia | genotype: t(5;12) ETV6/PDGFRB | treatment: 250 nM Idelalisib",20536309,"250 nM Idelalisib","NALM-6",FALSE,"Idelalisib","high"
"GSM6634726",1.8819495324382,"GSE215385","NCBI-counts",6,6,"NALM-6 cells, idelalisib (250 nM), Rep 2","cell line: NALM-6 | cell type: B cell acute lymphoblastic leukemia | genotype: t(5;12) ETV6/PDGFRB | treatment: 250 nM Idelalisib",25484042,"250 nM Idelalisib","NALM-6",FALSE,"Idelalisib","high"
"GSM6634727",1.93478021068481,"GSE215385","NCBI-counts",6,6,"NALM-6 cells, ldelalisib (250 nM), Rep 3","cell line: NALM-6 | cell type: B cell acute lymphoblastic leukemia | genotype: t(5;12) ETV6/PDGFRB | treatment: 250 nM Idelalisib",21309352,"250 nM Idelalisib","NALM-6",FALSE,"Idelalisib","high"
"GSM6634728",1.99619854276326,"GSE215385","NCBI-counts",6,6,"NALM-6 cells, low dex (5 nM),  Rep 1","cell line: NALM-6 | cell type: B cell acute lymphoblastic leukemia | genotype: t(5;12) ETV6/PDGFRB | treatment: 5 nM Dexamethasone",19830769,"5 nM Dexamethasone","NALM-6",FALSE,"Dexamethasone","high"
"GSM6634729",1.99032859397508,"GSE215385","NCBI-counts",6,6,"NALM-6 cells, low dex (5 nM), Rep 2","cell line: NALM-6 | cell type: B cell acute lymphoblastic leukemia | genotype: t(5;12) ETV6/PDGFRB | treatment: 5 nM Dexamethasone",22830690,"5 nM Dexamethasone","NALM-6",FALSE,"Dexamethasone","high"
"GSM6634730",2.05876827436559,"GSE215385","NCBI-counts",6,6,"NALM-6 cells, low dex (5 nM), Rep 3","cell line: NALM-6 | cell type: B cell acute lymphoblastic leukemia | genotype: t(5;12) ETV6/PDGFRB | treatment: 5 nM Dexamethasone",23267320,"5 nM Dexamethasone","NALM-6",FALSE,"Dexamethasone","high"
"GSM6634731",2.26902179117362,"GSE215385","NCBI-counts",6,6,"NALM-6 cells, low dex (50 nM),  Rep 1","cell line: NALM-6 | cell type: B cell acute lymphoblastic leukemia | genotype: t(5;12) ETV6/PDGFRB | treatment: 50 nM Dexamethasone",17186120,"50 nM Dexamethasone","NALM-6",FALSE,"Dexamethasone","high"
"GSM6634732",2.26785403784962,"GSE215385","NCBI-counts",6,6,"NALM-6 cells, low dex (50 nM), Rep 2","cell line: NALM-6 | cell type: B cell acute lymphoblastic leukemia | genotype: t(5;12) ETV6/PDGFRB | treatment: 50 nM Dexamethasone",18582337,"50 nM Dexamethasone","NALM-6",FALSE,"Dexamethasone","high"
"GSM6634733",2.31306502508987,"GSE215385","NCBI-counts",6,6,"NALM-6 cells, low dex (50 nM), Rep 3","cell line: NALM-6 | cell type: B cell acute lymphoblastic leukemia | genotype: t(5;12) ETV6/PDGFRB | treatment: 50 nM Dexamethasone",23819709,"50 nM Dexamethasone","NALM-6",FALSE,"Dexamethasone","high"
"GSM6721363",1.58093204350796,"GSE217540","NCBI-counts",6,6,"697 DMSO, rep1","cell line: 697 | cell type: B-ALL cells | treatment: DMSO",18761759,"DMSO","697",TRUE,"control","control"
"GSM6721364",1.5965723464704,"GSE217540","NCBI-counts",6,6,"697 DMSO, rep2","cell line: 697 | cell type: B-ALL cells | treatment: DMSO",19388903,"DMSO","697",TRUE,"control","control"
"GSM6721365",1.4779509348365,"GSE217540","NCBI-counts",6,6,"697 MZ1, rep1","cell line: 697 | cell type: B-ALL cells | treatment: MZ1",17033663,"MZ1","697",FALSE,"MZ1","high"
"GSM6721366",1.51886536206331,"GSE217540","NCBI-counts",6,6,"697 MZ1, rep2","cell line: 697 | cell type: B-ALL cells | treatment: MZ1",16692647,"MZ1","697",FALSE,"MZ1","high"
"GSM6721893",1.8099392454518,"GSE217572","NCBI-counts",6,6,"1_MOLM13_AZA","tissue: cell line | cell line: MOLM-13 | cell type: acute myeloid leukemia | treatment: AZA",38055154,"AZA","MOLM-13",FALSE,"AZA","high"
"GSM6721894",1.89048416887574,"GSE217572","NCBI-counts",6,6,"1_MOLM13_CT","tissue: cell line | cell line: MOLM-13 | cell type: acute myeloid leukemia | treatment: Untreated",46519227,"Untreated","MOLM-13",TRUE,"control","control"
"GSM6721895",1.04648482814278,"GSE217572","NCBI-counts",6,6,"1_OCIAML3_AZA","tissue: cell line | cell line: OCI-AML-3 | cell type: acute myeloid leukemia | treatment: AZA",48404005,"AZA","OCI-AML-3",FALSE,"AZA","high"
"GSM6721896",1.0907187661041,"GSE217572","NCBI-counts",6,6,"1_OCIAML3_CT","tissue: cell line | cell line: OCI-AML-3 | cell type: acute myeloid leukemia | treatment: Untreated",37359612,"Untreated","OCI-AML-3",TRUE,"control","control"
"GSM6721897",1.34074779569777,"GSE217572","NCBI-counts",6,6,"1_SKM1_AZA","tissue: cell line | cell line: SKM-1 | cell type: acute myeloid leukemia | treatment: AZA",47061805,"AZA","SKM-1",FALSE,"AZA","high"
"GSM6721898",1.19138060579462,"GSE217572","NCBI-counts",6,6,"1_SKM1_CT","tissue: cell line | cell line: SKM-1 | cell type: acute myeloid leukemia | treatment: Untreated",48891447,"Untreated","SKM-1",TRUE,"control","control"
"GSM6721899",1.7001152970701,"GSE217572","NCBI-counts",6,6,"1_THP1_AZA","tissue: cell line | cell line: THP-1 | cell type: acute myeloid leukemia | treatment: AZA",46886645,"AZA","THP-1",FALSE,"AZA","high"
"GSM6721900",1.6401870196176,"GSE217572","NCBI-counts",6,6,"1_THP1_CT","tissue: cell line | cell line: THP-1 | cell type: acute myeloid leukemia | treatment: Untreated",47147342,"Untreated","THP-1",TRUE,"control","control"
"GSM6721901",1.81986613831974,"GSE217572","NCBI-counts",6,6,"2_MOLM13_AZA","tissue: cell line | cell line: MOLM-13 | cell type: acute myeloid leukemia | treatment: AZA",47589515,"AZA","MOLM-13",FALSE,"AZA","high"
"GSM6721902",1.93700237356926,"GSE217572","NCBI-counts",6,6,"2_MOLM13_CT","tissue: cell line | cell line: MOLM-13 | cell type: acute myeloid leukemia | treatment: Untreated",48118006,"Untreated","MOLM-13",TRUE,"control","control"
"GSM6721903",1.00119715772503,"GSE217572","NCBI-counts",6,6,"2_OCIAML3_AZA","tissue: cell line | cell line: OCI-AML-3 | cell type: acute myeloid leukemia | treatment: AZA",47449507,"AZA","OCI-AML-3",FALSE,"AZA","high"
"GSM6721904",1.08121075110437,"GSE217572","NCBI-counts",6,6,"2_OCIAML3_CT","tissue: cell line | cell line: OCI-AML-3 | cell type: acute myeloid leukemia | treatment: Untreated",47513633,"Untreated","OCI-AML-3",TRUE,"control","control"
"GSM6721905",1.28320030227247,"GSE217572","NCBI-counts",6,6,"2_SKM1_AZA","tissue: cell line | cell line: SKM-1 | cell type: acute myeloid leukemia | treatment: AZA",48733613,"AZA","SKM-1",FALSE,"AZA","high"
"GSM6721906",1.17859032857758,"GSE217572","NCBI-counts",6,6,"2_SKM1_CT","tissue: cell line | cell line: SKM-1 | cell type: acute myeloid leukemia | treatment: Untreated",49352203,"Untreated","SKM-1",TRUE,"control","control"
"GSM6721907",1.66448125003593,"GSE217572","NCBI-counts",6,6,"2_THP1_AZA","tissue: cell line | cell line: THP-1 | cell type: acute myeloid leukemia | treatment: AZA",49259862,"AZA","THP-1",FALSE,"AZA","high"
"GSM6721908",1.57047908277625,"GSE217572","NCBI-counts",6,6,"2_THP1_CT","tissue: cell line | cell line: THP-1 | cell type: acute myeloid leukemia | treatment: Untreated",47119270,"Untreated","THP-1",TRUE,"control","control"
"GSM6721909",1.75665024412631,"GSE217572","NCBI-counts",6,6,"3_MOLM13_AZA","tissue: cell line | cell line: MOLM-13 | cell type: acute myeloid leukemia | treatment: AZA",47867228,"AZA","MOLM-13",FALSE,"AZA","high"
"GSM6721910",1.85220820786505,"GSE217572","NCBI-counts",6,6,"3_MOLM13_CT","tissue: cell line | cell line: MOLM-13 | cell type: acute myeloid leukemia | treatment: Untreated",36698371,"Untreated","MOLM-13",TRUE,"control","control"
"GSM6721911",1.00824582519144,"GSE217572","NCBI-counts",6,6,"3_OCIAML3_AZA","tissue: cell line | cell line: OCI-AML-3 | cell type: acute myeloid leukemia | treatment: AZA",48650978,"AZA","OCI-AML-3",FALSE,"AZA","high"
"GSM6721912",1.1104805152923,"GSE217572","NCBI-counts",6,6,"3_OCIAML3_CT","tissue: cell line | cell line: OCI-AML-3 | cell type: acute myeloid leukemia | treatment: Untreated",38210676,"Untreated","OCI-AML-3",TRUE,"control","control"
"GSM6721913",1.30342697647781,"GSE217572","NCBI-counts",6,6,"3_SKM1_AZA","tissue: cell line | cell line: SKM-1 | cell type: acute myeloid leukemia | treatment: AZA",49523328,"AZA","SKM-1",FALSE,"AZA","high"
"GSM6721914",1.12254797299314,"GSE217572","NCBI-counts",6,6,"3_SKM1_CT","tissue: cell line | cell line: SKM-1 | cell type: acute myeloid leukemia | treatment: Untreated",41650860,"Untreated","SKM-1",TRUE,"control","control"
"GSM6721915",1.67933487242445,"GSE217572","NCBI-counts",6,6,"3_THP1_AZA","tissue: cell line | cell line: THP-1 | cell type: acute myeloid leukemia | treatment: AZA",49328683,"AZA","THP-1",FALSE,"AZA","high"
"GSM6721916",1.64063559903582,"GSE217572","NCBI-counts",6,6,"3_THP1_CT","tissue: cell line | cell line: THP-1 | cell type: acute myeloid leukemia | treatment: Untreated",49489930,"Untreated","THP-1",TRUE,"control","control"
"GSM6721917",1.85145116136165,"GSE217572","NCBI-counts",6,6,"A_S-1","tissue: cell line | cell line: THP-1 | cell type: acute myeloid leukemia | treatment: AZA+Spautin-1",30898974,"AZA+Spautin-1","THP-1",FALSE,"AZA+Spautin-1","high"
"GSM6721918",1.81368072142734,"GSE217572","NCBI-counts",6,6,"A_S-2","tissue: cell line | cell line: THP-1 | cell type: acute myeloid leukemia | treatment: AZA+Spautin-1",48831490,"AZA+Spautin-1","THP-1",FALSE,"AZA+Spautin-1","high"
"GSM6721919",1.7993793879456,"GSE217572","NCBI-counts",6,6,"A_S-3","tissue: cell line | cell line: THP-1 | cell type: acute myeloid leukemia | treatment: AZA+Spautin-1",19450492,"AZA+Spautin-1","THP-1",FALSE,"AZA+Spautin-1","high"
"GSM6721920",1.86372511909768,"GSE217572","NCBI-counts",6,6,"AZA-1","tissue: cell line | cell line: THP-1 | cell type: acute myeloid leukemia | treatment: AZA +0.1% DMSO",34006932,"AZA +0.1% DMSO","THP-1",TRUE,"control","control"
"GSM6721921",1.89496613374526,"GSE217572","NCBI-counts",6,6,"AZA-2","tissue: cell line | cell line: THP-1 | cell type: acute myeloid leukemia | treatment: AZA +0.1% DMSO",30924788,"AZA +0.1% DMSO","THP-1",TRUE,"control","control"
"GSM6721922",1.87902198314014,"GSE217572","NCBI-counts",6,6,"AZA-3","tissue: cell line | cell line: THP-1 | cell type: acute myeloid leukemia | treatment: AZA +0.1% DMSO",21080087,"AZA +0.1% DMSO","THP-1",TRUE,"control","control"
"GSM6721923",1.83696213678313,"GSE217572","NCBI-counts",6,6,"CT-1","tissue: cell line | cell line: THP-1 | cell type: acute myeloid leukemia | treatment: 0.1% DMSO",19579448,"0.1% DMSO","THP-1",TRUE,"control","control"
"GSM6721924",1.86593125547869,"GSE217572","NCBI-counts",6,6,"CT-2","tissue: cell line | cell line: THP-1 | cell type: acute myeloid leukemia | treatment: 0.1% DMSO",22383041,"0.1% DMSO","THP-1",TRUE,"control","control"
"GSM6721925",1.82995661303553,"GSE217572","NCBI-counts",6,6,"CT-3","tissue: cell line | cell line: THP-1 | cell type: acute myeloid leukemia | treatment: 0.1% DMSO",31483563,"0.1% DMSO","THP-1",TRUE,"control","control"
"GSM6721926",1.87442211679663,"GSE217572","NCBI-counts",6,6,"SPA-1","tissue: cell line | cell line: THP-1 | cell type: acute myeloid leukemia | treatment: Spautin-1",22284199,"Spautin-1","THP-1",FALSE,"Spautin-1","high"
"GSM6721927",2.0004764282596,"GSE217572","NCBI-counts",6,6,"SPA-2","tissue: cell line | cell line: THP-1 | cell type: acute myeloid leukemia | treatment: Spautin-1",18464839,"Spautin-1","THP-1",FALSE,"Spautin-1","high"
"GSM6721928",1.99140707771521,"GSE217572","NCBI-counts",6,6,"SPA-3","tissue: cell line | cell line: THP-1 | cell type: acute myeloid leukemia | treatment: Spautin-1",23750582,"Spautin-1","THP-1",FALSE,"Spautin-1","high"
"GSM6778341",1.45049343782158,"GSE219230","NCBI-counts",6,6,"HL60_CM124_12H_R1","tissue: Acute Myeloid Leukemia | cell line: HL-60 | cell type: myeloblast | treatment: Panobinostat",1528013,"Panobinostat","HL-60",FALSE,"Panobinostat","high"
"GSM6778342",1.24037352129101,"GSE219230","NCBI-counts",6,6,"HL60_CM124_12H_R2","tissue: Acute Myeloid Leukemia | cell line: HL-60 | cell type: myeloblast | treatment: Panobinostat",16065016,"Panobinostat","HL-60",FALSE,"Panobinostat","high"
"GSM6778343",1.21451093115674,"GSE219230","NCBI-counts",6,6,"HL60_CM124_12H_R3","tissue: Acute Myeloid Leukemia | cell line: HL-60 | cell type: myeloblast | treatment: Panobinostat",11487279,"Panobinostat","HL-60",FALSE,"Panobinostat","high"
"GSM6778344",1.61691394867457,"GSE219230","NCBI-counts",6,6,"HL60_CM1758_12H_R1","tissue: Acute Myeloid Leukemia | cell line: HL-60 | cell type: myeloblast | treatment: CM-1758",12738949,"CM-1758","HL-60",FALSE,"CM-1758","high"
"GSM6778345",1.70172968611264,"GSE219230","NCBI-counts",6,6,"HL60_CM1758_12H_R2","tissue: Acute Myeloid Leukemia | cell line: HL-60 | cell type: myeloblast | treatment: CM-1758",9007904,"CM-1758","HL-60",FALSE,"CM-1758","high"
"GSM6778346",1.65407428647124,"GSE219230","NCBI-counts",6,6,"HL60_CM1758_12H_R3","tissue: Acute Myeloid Leukemia | cell line: HL-60 | cell type: myeloblast | treatment: CM-1758",10939711,"CM-1758","HL-60",FALSE,"CM-1758","high"
"GSM6778347",1.44098191900557,"GSE219230","NCBI-counts",6,6,"HL60_CM24_12H_R1","tissue: Acute Myeloid Leukemia | cell line: HL-60 | cell type: myeloblast | treatment: Vorinostat",14786430,"Vorinostat","HL-60",FALSE,"Vorinostat","high"
"GSM6778348",1.31762972277732,"GSE219230","NCBI-counts",6,6,"HL60_CM24_12H_R2","tissue: Acute Myeloid Leukemia | cell line: HL-60 | cell type: myeloblast | treatment: Vorinostat",10577459,"Vorinostat","HL-60",FALSE,"Vorinostat","high"
"GSM6778349",1.35107182336207,"GSE219230","NCBI-counts",6,6,"HL60_CM24_12H_R3","tissue: Acute Myeloid Leukemia | cell line: HL-60 | cell type: myeloblast | treatment: Vorinostat",14119397,"Vorinostat","HL-60",FALSE,"Vorinostat","high"
"GSM6778350",1.50953821009969,"GSE219230","NCBI-counts",6,6,"HL60_CM444_12H_R1","tissue: Acute Myeloid Leukemia | cell line: HL-60 | cell type: myeloblast | treatment: CM-444",8313885,"CM-444","HL-60",FALSE,"CM-444","high"
"GSM6778352",1.28416787587099,"GSE219230","NCBI-counts",6,6,"HL60_CM444_12H_R3","tissue: Acute Myeloid Leukemia | cell line: HL-60 | cell type: myeloblast | treatment: CM-444",9536752,"CM-444","HL-60",FALSE,"CM-444","high"
"GSM6778353",1.17090328240907,"GSE219230","NCBI-counts",6,6,"HL60_CONTROL_R1","tissue: Acute Myeloid Leukemia | cell line: HL-60 | cell type: myeloblast | treatment: Untreated",10831696,"Untreated","HL-60",TRUE,"control","control"
"GSM6778354",1.09017602187909,"GSE219230","NCBI-counts",6,6,"HL60_CONTROL_R2","tissue: Acute Myeloid Leukemia | cell line: HL-60 | cell type: myeloblast | treatment: Untreated",12734622,"Untreated","HL-60",TRUE,"control","control"
"GSM6778355",1.11699591579469,"GSE219230","NCBI-counts",6,6,"HL60_CONTROL_R3","tissue: Acute Myeloid Leukemia | cell line: HL-60 | cell type: myeloblast | treatment: Untreated",11313690,"Untreated","HL-60",TRUE,"control","control"
"GSM6778356",1.16119709530477,"GSE219230","NCBI-counts",6,6,"ML2_CM24_12H_R2","tissue: Acute Myeloid Leukemia | cell line: ML-2 | cell type: myeloblast | treatment: Vorinostat",14177642,"Vorinostat","ML-2",FALSE,"Vorinostat","high"
"GSM6778357",1.45233637082352,"GSE219230","NCBI-counts",6,6,"ML2_CM24_12H_R1","tissue: Acute Myeloid Leukemia | cell line: ML-2 | cell type: myeloblast | treatment: Vorinostat",6206809,"Vorinostat","ML-2",FALSE,"Vorinostat","high"
"GSM6778358",1.20278939744562,"GSE219230","NCBI-counts",6,6,"ML2_CM24_12H_R3","tissue: Acute Myeloid Leukemia | cell line: ML-2 | cell type: myeloblast | treatment: Vorinostat",7727180,"Vorinostat","ML-2",FALSE,"Vorinostat","high"
"GSM6778359",0.877421581190818,"GSE219230","NCBI-counts",6,6,"ML2_CM124_12H_R1","tissue: Acute Myeloid Leukemia | cell line: ML-2 | cell type: myeloblast | treatment: Panobinostat",8722703,"Panobinostat","ML-2",FALSE,"Panobinostat","high"
"GSM6778360",1.32798304148587,"GSE219230","NCBI-counts",6,6,"ML2_CM124_12H_R2","tissue: Acute Myeloid Leukemia | cell line: ML-2 | cell type: myeloblast | treatment: Panobinostat",13578907,"Panobinostat","ML-2",FALSE,"Panobinostat","high"
"GSM6778362",1.59028594568832,"GSE219230","NCBI-counts",6,6,"ML2_CM1758_12H_R1","tissue: Acute Myeloid Leukemia | cell line: ML-2 | cell type: myeloblast | treatment: CM-1758",9110774,"CM-1758","ML-2",FALSE,"CM-1758","high"
"GSM6778363",1.65669665782097,"GSE219230","NCBI-counts",6,6,"ML2_CM1758_12H_R2","tissue: Acute Myeloid Leukemia | cell line: ML-2 | cell type: myeloblast | treatment: CM-1758",9064551,"CM-1758","ML-2",FALSE,"CM-1758","high"
"GSM6778364",1.63337230759454,"GSE219230","NCBI-counts",6,6,"ML2_CM1758_12H_R3","tissue: Acute Myeloid Leukemia | cell line: ML-2 | cell type: myeloblast | treatment: CM-1758",11547436,"CM-1758","ML-2",FALSE,"CM-1758","high"
"GSM6778365",0.643561464635317,"GSE219230","NCBI-counts",6,6,"ML2_CM444_12H_R1","tissue: Acute Myeloid Leukemia | cell line: ML-2 | cell type: myeloblast | treatment: CM-444",11514552,"CM-444","ML-2",FALSE,"CM-444","high"
"GSM6778366",1.36611872231202,"GSE219230","NCBI-counts",6,6,"ML2_CM444_12H_R2","tissue: Acute Myeloid Leukemia | cell line: ML-2 | cell type: myeloblast | treatment: CM-444",13184620,"CM-444","ML-2",FALSE,"CM-444","high"
"GSM6778368",1.26598893981403,"GSE219230","NCBI-counts",6,6,"ML2_CONTROL_R1","tissue: Acute Myeloid Leukemia | cell line: ML-2 | cell type: myeloblast | treatment: Untreated",6091208,"Untreated","ML-2",TRUE,"control","control"
"GSM6778370",0.814100118993143,"GSE219230","NCBI-counts",6,6,"ML2_CONTROL_R3","tissue: Acute Myeloid Leukemia | cell line: ML-2 | cell type: myeloblast | treatment: Untreated",10591509,"Untreated","ML-2",TRUE,"control","control"
"GSM6793059",3.19261516267166,"GSE220170","NCBI-counts",6,6,"N36_AML1_ENTI_2_16h_C","tissue: Bone marrow | cell line: AML1 | cell type: Bone marrow derived cell line | genotype: EVI1High | treatment: ENTI-2 | time point: 16h | replicate: C | concentration: 2microM",22328620,"ENTI-2","AML1",FALSE,"ENTI-2","high"
"GSM6793062",2.8154784461252,"GSE220170","NCBI-counts",6,6,"N33_AML1_AR42_05_16h_C","tissue: Bone marrow | cell line: AML1 | cell type: Bone marrow derived cell line | genotype: EVI1High | treatment: AR42-05 | time point: 16h | replicate: C | concentration: 0.5microM",23105233,"AR42-05","AML1",FALSE,"AR42-05","high"
"GSM6793063",2.79482223416578,"GSE220170","NCBI-counts",6,6,"N32_AML1_AR42_05_16h_B","tissue: Bone marrow | cell line: AML1 | cell type: Bone marrow derived cell line | genotype: EVI1High | treatment: AR42-05 | time point: 16h | replicate: B | concentration: 0.5microM",23266984,"AR42-05","AML1",FALSE,"AR42-05","high"
"GSM6793064",2.83138593198162,"GSE220170","NCBI-counts",6,6,"N31_AML1_AR42_05_16h_A","tissue: Bone marrow | cell line: AML1 | cell type: Bone marrow derived cell line | genotype: EVI1High | treatment: AR42-05 | time point: 16h | replicate: A | concentration: 0.5microM",24507008,"AR42-05","AML1",FALSE,"AR42-05","high"
"GSM6793065",3.04850410660334,"GSE220170","NCBI-counts",6,6,"N30_AML1_DMSO_16h_C","tissue: Bone marrow | cell line: AML1 | cell type: Bone marrow derived cell line | genotype: EVI1High | treatment: DMSO | time point: 16h | replicate: C | concentration: 1 microM",28561664,"DMSO","AML1",TRUE,"control","control"
"GSM6793066",3.2761970247539,"GSE220170","NCBI-counts",6,6,"N29_AML1_DMSO_16h_B","tissue: Bone marrow | cell line: AML1 | cell type: Bone marrow derived cell line | genotype: EVI1High | treatment: DMSO | time point: 16h | replicate: B | concentration: 1 microM",27477551,"DMSO","AML1",TRUE,"control","control"
"GSM6793067",3.25516996892258,"GSE220170","NCBI-counts",6,6,"N28_AML1_DMSO_16h_A","tissue: Bone marrow | cell line: AML1 | cell type: Bone marrow derived cell line | genotype: EVI1High | treatment: DMSO | time point: 16h | replicate: A | concentration: 1 microM",29848907,"DMSO","AML1",TRUE,"control","control"
"GSM6793068",3.43845084376481,"GSE220170","NCBI-counts",6,6,"N27_AML1_ENTI_2_4h_C","tissue: Bone marrow | cell line: AML1 | cell type: Bone marrow derived cell line | genotype: EVI1High | treatment: ENTI-2 | time point: 4h | replicate: C | concentration: 2microM",20520901,"ENTI-2","AML1",FALSE,"ENTI-2","high"
"GSM6793069",3.43596005440202,"GSE220170","NCBI-counts",6,6,"N26_AML1_ENTI_2_4h_B","tissue: Bone marrow | cell line: AML1 | cell type: Bone marrow derived cell line | genotype: EVI1High | treatment: ENTI-2 | time point: 4h | replicate: B | concentration: 2microM",23523790,"ENTI-2","AML1",FALSE,"ENTI-2","high"
"GSM6793070",3.46327549698232,"GSE220170","NCBI-counts",6,6,"N25_AML1_ENTI_2_4h_A","tissue: Bone marrow | cell line: AML1 | cell type: Bone marrow derived cell line | genotype: EVI1High | treatment: ENTI-2 | time point: 4h | replicate: A | concentration: 2microM",22702230,"ENTI-2","AML1",FALSE,"ENTI-2","high"
"GSM6793071",3.09754810110196,"GSE220170","NCBI-counts",6,6,"N24_AML1_AR42_05_4h_C","tissue: Bone marrow | cell line: AML1 | cell type: Bone marrow derived cell line | genotype: EVI1High | treatment: AR42-05 | time point: 4h | replicate: C | concentration: 0.5microM",23977327,"AR42-05","AML1",FALSE,"AR42-05","high"
"GSM6793074",3.39261422843546,"GSE220170","NCBI-counts",6,6,"N21_AML1_DMSO_4h_C","tissue: Bone marrow | cell line: AML1 | cell type: Bone marrow derived cell line | genotype: EVI1High | treatment: DMSO | time point: 4h | replicate: C | concentration: 1 microM",25279398,"DMSO","AML1",TRUE,"control","control"
"GSM6793077",2.95441994635956,"GSE220170","NCBI-counts",6,6,"N18_MOLM1_ENTI_4_16h_C","tissue: Bone marrow | cell line: MOLM1 | cell type: Bone marrow derived cell line | genotype: EVI1High | treatment: ENTI-4 | time point: 16h | replicate: C | concentration: 4microM",24570698,"ENTI-4","MOLM1",FALSE,"ENTI-4","high"
"GSM6793080",2.26505500851271,"GSE220170","NCBI-counts",6,6,"N15_MOLM1_AR42_08_16h_C","tissue: Bone marrow | cell line: MOLM1 | cell type: Bone marrow derived cell line | genotype: EVI1High | treatment: AR42-08 | time point: 16h | replicate: C | concentration: 0.8microM",22749739,"AR42-08","MOLM1",FALSE,"AR42-08","high"
"GSM6793081",2.11840452431514,"GSE220170","NCBI-counts",6,6,"N14_MOLM1_AR42_08_16h_B","tissue: Bone marrow | cell line: MOLM1 | cell type: Bone marrow derived cell line | genotype: EVI1High | treatment: AR42-08 | time point: 16h | replicate: B | concentration: 0.8microM",23984327,"AR42-08","MOLM1",FALSE,"AR42-08","high"
"GSM6793082",2.22183067781048,"GSE220170","NCBI-counts",6,6,"N13_MOLM1_AR42_08_16h_A","tissue: Bone marrow | cell line: MOLM1 | cell type: Bone marrow derived cell line | genotype: EVI1High | treatment: AR42-08 | time point: 16h | replicate: A | concentration: 0.8microM",25225395,"AR42-08","MOLM1",FALSE,"AR42-08","high"
"GSM6793084",1.88609146103238,"GSE220170","NCBI-counts",6,6,"N11_MOLM1_DMSO_16h_B","tissue: Bone marrow | cell line: MOLM1 | cell type: Bone marrow derived cell line | genotype: EVI1High | treatment: DMSO | time point: 16h | replicate: B | concentration: 1 microM",24668393,"DMSO","MOLM1",TRUE,"control","control"
"GSM6793085",1.89886176661596,"GSE220170","NCBI-counts",6,6,"N10_MOLM1_DMSO_16h_A","tissue: Bone marrow | cell line: MOLM1 | cell type: Bone marrow derived cell line | genotype: EVI1High | treatment: DMSO | time point: 16h | replicate: A | concentration: 1 microM",26445722,"DMSO","MOLM1",TRUE,"control","control"
"GSM6793086",2.08891906395021,"GSE220170","NCBI-counts",6,6,"N09_MOLM1_ENTI_4_4h_C","tissue: Bone marrow | cell line: MOLM1 | cell type: Bone marrow derived cell line | genotype: EVI1High | treatment: ENTI-4 | time point: 4h | replicate: C | concentration: 4microM",23821034,"ENTI-4","MOLM1",FALSE,"ENTI-4","high"
"GSM6793087",2.0713161375289,"GSE220170","NCBI-counts",6,6,"N08_MOLM1_ENTI_4_4h_B","tissue: Bone marrow | cell line: MOLM1 | cell type: Bone marrow derived cell line | genotype: EVI1High | treatment: ENTI-4 | time point: 4h | replicate: B | concentration: 4microM",25290726,"ENTI-4","MOLM1",FALSE,"ENTI-4","high"
"GSM6793088",2.04831107818182,"GSE220170","NCBI-counts",6,6,"N07_MOLM1_ENTI_4_4h_A","tissue: Bone marrow | cell line: MOLM1 | cell type: Bone marrow derived cell line | genotype: EVI1High | treatment: ENTI-4 | time point: 4h | replicate: A | concentration: 4microM",25564765,"ENTI-4","MOLM1",FALSE,"ENTI-4","high"
"GSM6793089",2.00770106233854,"GSE220170","NCBI-counts",6,6,"N06_MOLM1_AR42_08_4h_C","tissue: Bone marrow | cell line: MOLM1 | cell type: Bone marrow derived cell line | genotype: EVI1High | treatment: AR42-08 | time point: 4h | replicate: C | concentration: 0.8microM",24306716,"AR42-08","MOLM1",FALSE,"AR42-08","high"
"GSM6793090",2.09656337776804,"GSE220170","NCBI-counts",6,6,"N05_MOLM1_AR42_08_4h_B","tissue: Bone marrow | cell line: MOLM1 | cell type: Bone marrow derived cell line | genotype: EVI1High | treatment: AR42-08 | time point: 4h | replicate: B | concentration: 0.8microM",26210604,"AR42-08","MOLM1",FALSE,"AR42-08","high"
"GSM6793091",2.17559918305758,"GSE220170","NCBI-counts",6,6,"N04_MOLM1_AR42_08_4h_A","tissue: Bone marrow | cell line: MOLM1 | cell type: Bone marrow derived cell line | genotype: EVI1High | treatment: AR42-08 | time point: 4h | replicate: A | concentration: 0.8microM",30890103,"AR42-08","MOLM1",FALSE,"AR42-08","high"
"GSM6793092",1.86360231765655,"GSE220170","NCBI-counts",6,6,"N03_MOLM1_DMSO_4h_C","tissue: Bone marrow | cell line: MOLM1 | cell type: Bone marrow derived cell line | genotype: EVI1High | treatment: DMSO | time point: 4h | replicate: C | concentration: 1 microM",22893495,"DMSO","MOLM1",TRUE,"control","control"
"GSM6793093",1.81100007127176,"GSE220170","NCBI-counts",6,6,"N02_MOLM1_DMSO_4h_B","tissue: Bone marrow | cell line: MOLM1 | cell type: Bone marrow derived cell line | genotype: EVI1High | treatment: DMSO | time point: 4h | replicate: B | concentration: 1 microM",30801454,"DMSO","MOLM1",TRUE,"control","control"
"GSM6793094",1.82599994362082,"GSE220170","NCBI-counts",6,6,"N01_MOLM1_DMSO_4h_A","tissue: Bone marrow | cell line: MOLM1 | cell type: Bone marrow derived cell line | genotype: EVI1High | treatment: DMSO | time point: 4h | replicate: A | concentration: 1 microM",27066334,"DMSO","MOLM1",TRUE,"control","control"
"GSM7044116",1.94965973440663,"GSE225315","NCBI-counts",6,6,"MOLM-13, DMSO, rep 1","cell line: MOLM-13 | cell type: acute myeloid leukemia | treatment: DMSO control | time: 72h",18815340,"DMSO control","MOLM-13",TRUE,"control","control"
"GSM7044117",1.97224879179101,"GSE225315","NCBI-counts",6,6,"MOLM-13, DMSO, rep 2","cell line: MOLM-13 | cell type: acute myeloid leukemia | treatment: DMSO control | time: 72h",20577238,"DMSO control","MOLM-13",TRUE,"control","control"
"GSM7044118",1.90726145539038,"GSE225315","NCBI-counts",6,6,"MOLM-13, DMSO, rep 3","cell line: MOLM-13 | cell type: acute myeloid leukemia | treatment: DMSO control | time: 72h",19483312,"DMSO control","MOLM-13",TRUE,"control","control"
"GSM7044119",2.03262990678673,"GSE225315","NCBI-counts",6,6,"MOLM-13, DMSO, rep 4","cell line: MOLM-13 | cell type: acute myeloid leukemia | treatment: DMSO control | time: 72h",25989503,"DMSO control","MOLM-13",TRUE,"control","control"
"GSM7044120",1.86229502006108,"GSE225315","NCBI-counts",6,6,"MOLM-13, PR-957, rep 1","cell line: MOLM-13 | cell type: acute myeloid leukemia | treatment: PR-957 | time: 72h",20267076,"PR-957","MOLM-13",FALSE,"PR-957","high"
"GSM7044121",1.88982696472584,"GSE225315","NCBI-counts",6,6,"MOLM-13, PR-957, rep 2","cell line: MOLM-13 | cell type: acute myeloid leukemia | treatment: PR-957 | time: 72h",21190435,"PR-957","MOLM-13",FALSE,"PR-957","high"
"GSM7044122",1.79727353353706,"GSE225315","NCBI-counts",6,6,"MOLM-13, PR-957, rep 3","cell line: MOLM-13 | cell type: acute myeloid leukemia | treatment: PR-957 | time: 72h",23917349,"PR-957","MOLM-13",FALSE,"PR-957","high"
"GSM7044123",1.82538767582445,"GSE225315","NCBI-counts",6,6,"MOLM-13, PR-957, rep 4","cell line: MOLM-13 | cell type: acute myeloid leukemia | treatment: PR-957 | time: 72h",19225634,"PR-957","MOLM-13",FALSE,"PR-957","high"
"GSM7047223",1.99867181885985,"GSE225356","NCBI-counts",6,6,"MOLM-13, DMSO, rep 1","cell line: MOLM-13 | cell type: acute myeloid leukemia | treatment: DMSO control | time: 72h",38634799,"DMSO control","MOLM-13",TRUE,"control","control"
"GSM7047225",1.99384005862459,"GSE225356","NCBI-counts",6,6,"MOLM-13, DMSO, rep 3","cell line: MOLM-13 | cell type: acute myeloid leukemia | treatment: DMSO control | time: 72h",26751146,"DMSO control","MOLM-13",TRUE,"control","control"
"GSM7047226",1.99684499490555,"GSE225356","NCBI-counts",6,6,"MOLM-13, DMSO, rep 4","cell line: MOLM-13 | cell type: acute myeloid leukemia | treatment: DMSO control | time: 72h",26899931,"DMSO control","MOLM-13",TRUE,"control","control"
"GSM7047227",1.73449405337589,"GSE225356","NCBI-counts",6,6,"MOLM-13, MI-503, rep 1","cell line: MOLM-13 | cell type: acute myeloid leukemia | treatment: MI-503 | time: 72h",26748895,"MI-503","MOLM-13",FALSE,"MI-503","high"
"GSM7047228",1.75792485865129,"GSE225356","NCBI-counts",6,6,"MOLM-13, MI-503, rep 2","cell line: MOLM-13 | cell type: acute myeloid leukemia | treatment: MI-503 | time: 72h",42466584,"MI-503","MOLM-13",FALSE,"MI-503","high"
"GSM7047229",1.71429626746982,"GSE225356","NCBI-counts",6,6,"MOLM-13, MI-503, rep 3","cell line: MOLM-13 | cell type: acute myeloid leukemia | treatment: MI-503 | time: 72h",30755742,"MI-503","MOLM-13",FALSE,"MI-503","high"
"GSM7047230",1.73541681753938,"GSE225356","NCBI-counts",6,6,"MOLM-13, MI-503, rep 4","cell line: MOLM-13 | cell type: acute myeloid leukemia | treatment: MI-503 | time: 72h",30770382,"MI-503","MOLM-13",FALSE,"MI-503","high"
"GSM7047231",1.75006811827654,"GSE225356","NCBI-counts",6,6,"MOLM-13, MI-503 + PR-957, rep 1","cell line: MOLM-13 | cell type: acute myeloid leukemia | treatment: MI-503 + PR-957 | time: 72h",51851222,"MI-503 + PR-957","MOLM-13",FALSE,"MI-503 + PR-957","high"
"GSM7047232",1.66779137358418,"GSE225356","NCBI-counts",6,6,"MOLM-13, MI-503 + PR-957, rep 2","cell line: MOLM-13 | cell type: acute myeloid leukemia | treatment: MI-503 + PR-957 | time: 72h",23970937,"MI-503 + PR-957","MOLM-13",FALSE,"MI-503 + PR-957","high"
"GSM7047233",1.62874331987281,"GSE225356","NCBI-counts",6,6,"MOLM-13, MI-503 + PR-957, rep 4","cell line: MOLM-13 | cell type: acute myeloid leukemia | treatment: MI-503 + PR-957 | time: 72h",32849480,"MI-503 + PR-957","MOLM-13",FALSE,"MI-503 + PR-957","high"
"GSM7047797",0.958676236333438,"GSE225384","NCBI-counts",6,6,"KO1-1(KO1_rep1)","cell line: MV4-11 | cell type: cell line | genotype: WT | treatment: Vehicle | time: 72h",23070092,"Vehicle","MV4-11",TRUE,"control","control"
"GSM7047798",0.939867638035346,"GSE225384","NCBI-counts",6,6,"KO1-2(KO1_rep2)","cell line: MV4-11 | cell type: cell line | genotype: WT | treatment: Vehicle | time: 72h",20742165,"Vehicle","MV4-11",TRUE,"control","control"
"GSM7047799",0.946175288220715,"GSE225384","NCBI-counts",6,6,"KO1-3(KO1_rep3)","cell line: MV4-11 | cell type: cell line | genotype: WT | treatment: Vehicle | time: 72h",18454931,"Vehicle","MV4-11",TRUE,"control","control"
"GSM7047800",0.976805465450408,"GSE225384","NCBI-counts",6,6,"NC1-1(NC1_rep1)","cell line: MV4-11 | cell type: cell line | genotype: WT | treatment: decitabine | time: 72h",20130257,"decitabine","MV4-11",FALSE,"decitabine","high"
"GSM7047801",0.922366746550559,"GSE225384","NCBI-counts",6,6,"NC1-2(NC1_rep2)","cell line: MV4-11 | cell type: cell line | genotype: WT | treatment: decitabine | time: 72h",15341770,"decitabine","MV4-11",FALSE,"decitabine","high"
"GSM7047802",0.940376102796865,"GSE225384","NCBI-counts",6,6,"NC1-3(NC1_rep3)","cell line: MV4-11 | cell type: cell line | genotype: WT | treatment: decitabine | time: 72h",15336110,"decitabine","MV4-11",FALSE,"decitabine","high"
"GSM7047803",1.03523242646736,"GSE225384","NCBI-counts",6,6,"NCO-1(NCO_rep1)","cell line: MV4-11 | cell type: cell line | genotype: CD36 knockdown | treatment: decitabine | time: 72h",16858188,"decitabine","MV4-11",FALSE,"decitabine","high"
"GSM7047804",0.92822855255173,"GSE225384","NCBI-counts",6,6,"NCO-2(NCO_rep2)","cell line: MV4-11 | cell type: cell line | genotype: CD36 knockdown | treatment: decitabine | time: 72h",16395928,"decitabine","MV4-11",FALSE,"decitabine","high"
"GSM7047805",1.10733490978776,"GSE225384","NCBI-counts",6,6,"NCO-3(NCO_rep3)","cell line: MV4-11 | cell type: cell line | genotype: CD36 knockdown | treatment: decitabine | time: 72h",16060384,"decitabine","MV4-11",FALSE,"decitabine","high"
"GSM7060670",1.20606273927749,"GSE225938","NCBI-counts",6,6,"T5-DMSO_rep1","cell line: HPB-ALL | cell type: T-ALL | overexpress: TAL1 overexpression",35763868,NA,"HPB-ALL",FALSE,NA,"none"
"GSM7060671",1.22159520481947,"GSE225938","NCBI-counts",6,6,"T5-DOX_rep1","cell line: HPB-ALL | cell type: T-ALL | overexpress: TAL1 overexpression",35291517,NA,"HPB-ALL",FALSE,NA,"none"
"GSM7060672",1.32065227801127,"GSE225938","NCBI-counts",6,6,"L4-DMSO_rep1","cell line: HPB-ALL | cell type: T-ALL | overexpress: LMO1 overexpression",35200767,NA,"HPB-ALL",FALSE,NA,"none"
"GSM7060673",1.36134618875027,"GSE225938","NCBI-counts",6,6,"L4-DOX_rep1","cell line: HPB-ALL | cell type: T-ALL | overexpress: LMO1 overexpression",34940589,NA,"HPB-ALL",FALSE,NA,"none"
"GSM7060674",1.41294403194577,"GSE225938","NCBI-counts",6,6,"C25-DMSO_rep1","cell line: HPB-ALL | cell type: T-ALL | overexpress: TAL1/LMO1 overexpression",34745129,NA,"HPB-ALL",FALSE,NA,"none"
"GSM7060675",1.37346584409056,"GSE225938","NCBI-counts",6,6,"C25-DOX_rep1","cell line: HPB-ALL | cell type: T-ALL | overexpress: TAL1/LMO1 overexpression",32896887,NA,"HPB-ALL",FALSE,NA,"none"
"GSM7060676",1.22701752683616,"GSE225938","NCBI-counts",6,6,"T5-DMSO_rep2","cell line: HPB-ALL | cell type: T-ALL | overexpress: TAL1 overexpression",35545774,NA,"HPB-ALL",FALSE,NA,"none"
"GSM7060677",1.25190047641692,"GSE225938","NCBI-counts",6,6,"T5-DOX_rep2","cell line: HPB-ALL | cell type: T-ALL | overexpress: TAL1 overexpression",35413989,NA,"HPB-ALL",FALSE,NA,"none"
"GSM7060678",1.3649903475621,"GSE225938","NCBI-counts",6,6,"L4-DMSO_rep2","cell line: HPB-ALL | cell type: T-ALL | overexpress: LMO1 overexpression",35622628,NA,"HPB-ALL",FALSE,NA,"none"
"GSM7060679",1.35055595922241,"GSE225938","NCBI-counts",6,6,"L4-DOX_rep2","cell line: HPB-ALL | cell type: T-ALL | overexpress: LMO1 overexpression",35065657,NA,"HPB-ALL",FALSE,NA,"none"
"GSM7060680",1.44718027647395,"GSE225938","NCBI-counts",6,6,"C25-DMSO_rep2","cell line: HPB-ALL | cell type: T-ALL | overexpress: TAL1/LMO1 overexpression",34555451,NA,"HPB-ALL",FALSE,NA,"none"
"GSM7060681",1.45279224702279,"GSE225938","NCBI-counts",6,6,"C25-DOX_rep2","cell line: HPB-ALL | cell type: T-ALL | overexpress: TAL1/LMO1 overexpression",33536562,NA,"HPB-ALL",FALSE,NA,"none"
"GSM7123476",2.05721692517287,"GSE228528","NCBI-counts",6,6,"Jurkat GFP-luc biol rep 1","tissue: Peripheral blood | cell line: Jurkat | cell type: T lymphoblasts | karyotype: pseudodiploid | treatment: Untreated",74694006,"Untreated","Jurkat",TRUE,"control","control"
"GSM7123477",2.06506706411934,"GSE228528","NCBI-counts",6,6,"Jurkat GFP-luc biol rep 2","tissue: Peripheral blood | cell line: Jurkat | cell type: T lymphoblasts | karyotype: pseudodiploid | treatment: Untreated",52052849,"Untreated","Jurkat",TRUE,"control","control"
"GSM7123478",2.03617291692892,"GSE228528","NCBI-counts",6,6,"Jurkat GFP-luc Donor 51","tissue: Peripheral blood | cell line: Jurkat | cell type: T lymphoblasts | karyotype: pseudodiploid | treatment: Treated with NKG2D CAR T cells",60472631,"Treated with NKG2D CAR T cells","Jurkat",FALSE,"NKG2D CAR T cells","low"
"GSM7123479",1.98613694470637,"GSE228528","NCBI-counts",6,6,"Jurkat GFP-luc Donor 60","tissue: Peripheral blood | cell line: Jurkat | cell type: T lymphoblasts | karyotype: pseudodiploid | treatment: Treated with NKG2D CAR T cells",43579629,"Treated with NKG2D CAR T cells","Jurkat",FALSE,"NKG2D CAR T cells","low"
"GSM7123480",2.04293381447035,"GSE228528","NCBI-counts",6,6,"Jurkat GFP-luc Donor 63","tissue: Peripheral blood | cell line: Jurkat | cell type: T lymphoblasts | karyotype: pseudodiploid | treatment: Treated with NKG2D CAR T cells",60552462,"Treated with NKG2D CAR T cells","Jurkat",FALSE,"NKG2D CAR T cells","low"
"GSM7170136",2.61080540568544,"GSE229663","NCBI-counts",6,6,"RNA-seq in FKBP12 tagged UBTF-TD54 cbCD34+ cells treated with DMSO, C2","cell type: cord-blood CD34+ Cells expressing FKPB12-F36V::UBTF-TD | treatment: cbCD34+ cells treated with DMSO",32067731,"cbCD34+ cells treated with DMSO","cord-blood CD34+ Cells expressing FKPB12-F36V::UBTF-TD",TRUE,"control","control"
"GSM7170137",2.58144246460462,"GSE229663","NCBI-counts",6,6,"RNA-seq in FKBP12 tagged UBTF-TD54 cbCD34+ cells treated with DMSO, C3","cell type: cord-blood CD34+ Cells expressing FKPB12-F36V::UBTF-TD | treatment: cbCD34+ cells treated with DMSO",37270944,"cbCD34+ cells treated with DMSO","cord-blood CD34+ Cells expressing FKPB12-F36V::UBTF-TD",TRUE,"control","control"
"GSM7170139",2.07896181360046,"GSE229663","NCBI-counts",6,6,"RNA-seq in FKBP12 tagged UBTF-TD54 cbCD34+ cells treated with dTAG-13, C5","cell type: cord-blood CD34+ Cells expressing FKPB12-F36V::UBTF-TD | treatment: cbCD34+ cells treated with dTAG-13",22921215,"cbCD34+ cells treated with dTAG-13","cord-blood CD34+ Cells expressing FKPB12-F36V::UBTF-TD",FALSE,"cbCD34+ cells dTAG-13","high"
"GSM7170141",3.09301358849836,"GSE229663","NCBI-counts",6,6,"RNA-seq of bone marrow cells from UBTF-TD PDX model treated with Veh, R15","cell type: human blasts from UBTF-TD PDX Model | treatment: UBTF-TD PDX model treated with Veh",43405110,"UBTF-TD PDX model treated with Veh","human blasts from UBTF-TD PDX Model",FALSE,"UBTF-TD PDX model Veh","low"
"GSM7170142",3.04813764251248,"GSE229663","NCBI-counts",6,6,"RNA-seq of bone marrow cells from UBTF-TD PDX model treated with Veh, R16","cell type: human blasts from UBTF-TD PDX Model | treatment: UBTF-TD PDX model treated with Veh",65199434,"UBTF-TD PDX model treated with Veh","human blasts from UBTF-TD PDX Model",FALSE,"UBTF-TD PDX model Veh","low"
"GSM7170144",2.58405729885829,"GSE229663","NCBI-counts",6,6,"RNA-seq of bone marrow cells from UBTF-TD PDX model treated with SNDX, R18","cell type: human blasts from UBTF-TD PDX Model | treatment: UBTF-TD PDX model treated with SNDX",50022246,"UBTF-TD PDX model treated with SNDX","human blasts from UBTF-TD PDX Model",FALSE,"UBTF-TD PDX model SNDX","low"
"GSM7170145",2.93661830146396,"GSE229663","NCBI-counts",6,6,"RNA-seq of bone marrow cells from UBTF-TD PDX model treated with SNDX, R19","cell type: human blasts from UBTF-TD PDX Model | treatment: UBTF-TD PDX model treated with SNDX",76194649,"UBTF-TD PDX model treated with SNDX","human blasts from UBTF-TD PDX Model",FALSE,"UBTF-TD PDX model SNDX","low"
"GSM7170146",2.8962128044045,"GSE229663","NCBI-counts",6,6,"RNA-seq of bone marrow cells from UBTF-TD PDX model treated with SNDX, R20","cell type: human blasts from UBTF-TD PDX Model | treatment: UBTF-TD PDX model treated with SNDX",46721020,"UBTF-TD PDX model treated with SNDX","human blasts from UBTF-TD PDX Model",FALSE,"UBTF-TD PDX model SNDX","low"
"GSM7228735",1.98689509579464,"GSE230588","NCBI-counts",6,6,"DND_ACBI_3H_Rep1","cell line: T-ALL | treatment: ACBI-1 | time: 3Hour",21867214,"ACBI-1","T-ALL",FALSE,"ACBI-1","high"
"GSM7228736",1.98107466957273,"GSE230588","NCBI-counts",6,6,"DND_ACBI_3H_Rep2","cell line: T-ALL | treatment: ACBI-1 | time: 3Hour",21940482,"ACBI-1","T-ALL",FALSE,"ACBI-1","high"
"GSM7228737",2.13222103933628,"GSE230588","NCBI-counts",6,6,"DND_DMSO_3H_Rep1","cell line: T-ALL | treatment: DMSO | time: 3Hour",21836931,"DMSO","T-ALL",TRUE,"control","control"
"GSM7228738",2.13287524908548,"GSE230588","NCBI-counts",6,6,"DND_DMSO_3H_Rep2","cell line: T-ALL | treatment: DMSO | time: 3Hour",21990034,"DMSO","T-ALL",TRUE,"control","control"
"GSM7228739",1.79781613713833,"GSE230588","NCBI-counts",6,6,"MOLT4_ACBI_3H_Rep1","cell line: T-ALL | treatment: ACBI-1 | time: 3Hour",21697660,"ACBI-1","T-ALL",FALSE,"ACBI-1","high"
"GSM7228740",1.80696935551332,"GSE230588","NCBI-counts",6,6,"MOLT4_ACBI_3H_Rep2","cell line: T-ALL | treatment: ACBI-1 | time: 3Hour",21633699,"ACBI-1","T-ALL",FALSE,"ACBI-1","high"
"GSM7228741",1.87997057886812,"GSE230588","NCBI-counts",6,6,"MOLT4_DMSO_3H_Rep1","cell line: T-ALL | treatment: DMSO | time: 3Hour",21667663,"DMSO","T-ALL",TRUE,"control","control"
"GSM7228742",1.86173936575402,"GSE230588","NCBI-counts",6,6,"MOLT4_DMSO_3H_Rep2","cell line: T-ALL | treatment: DMSO | time: 3Hour",21605552,"DMSO","T-ALL",TRUE,"control","control"
"GSM7228804",1.75059264084113,"GSE230589","NCBI-counts",6,6,"DND_ACBI_8H_Rep1","cell line: T-ALL | treatment: ACBI-1 | time: 8Hour",21906487,"ACBI-1","T-ALL",FALSE,"ACBI-1","high"
"GSM7228805",1.77004493510938,"GSE230589","NCBI-counts",6,6,"DND_ACBI_8H_Rep2","cell line: T-ALL | treatment: ACBI-1 | time: 8Hour",21644682,"ACBI-1","T-ALL",FALSE,"ACBI-1","high"
"GSM7228806",2.06006990726083,"GSE230589","NCBI-counts",6,6,"DND_DMSO_8H_Rep1","cell line: T-ALL | treatment: DMSO | time: 8Hour",21929781,"DMSO","T-ALL",TRUE,"control","control"
"GSM7228807",2.06072851962883,"GSE230589","NCBI-counts",6,6,"DND_DMSO_8H_Rep2","cell line: T-ALL | treatment: DMSO | time: 8Hour",21897375,"DMSO","T-ALL",TRUE,"control","control"
"GSM7228808",1.48019360028154,"GSE230589","NCBI-counts",6,6,"MOLT4_ACBI_8H_Rep1","cell line: T-ALL | treatment: ACBI-1 | time: 8Hour",21988987,"ACBI-1","T-ALL",FALSE,"ACBI-1","high"
"GSM7228809",1.38714143796494,"GSE230589","NCBI-counts",6,6,"MOLT4_ACBI_8H_Rep2","cell line: T-ALL | treatment: ACBI-1 | time: 8Hour",22004005,"ACBI-1","T-ALL",FALSE,"ACBI-1","high"
"GSM7228811",1.70136111581824,"GSE230589","NCBI-counts",6,6,"MOLT4_DMSO_8H_Rep2","cell line: T-ALL | treatment: DMSO | time: 8Hour",22042725,"DMSO","T-ALL",TRUE,"control","control"
"GSM7228964",2.28091161052397,"GSE230590","NCBI-counts",6,6,"DND_ACBI_24H_Rep1","cell line: T-ALL | treatment: ACBI-1 | time: 24Hour",23188925,"ACBI-1","T-ALL",FALSE,"ACBI-1","high"
"GSM7228965",2.24731060195888,"GSE230590","NCBI-counts",6,6,"DND_ACBI_24H_Rep2","cell line: T-ALL | treatment: ACBI-1 | time: 24Hour",23347978,"ACBI-1","T-ALL",FALSE,"ACBI-1","high"
"GSM7228966",2.28240828317324,"GSE230590","NCBI-counts",6,6,"DND_DMSO_24H_Rep1","cell line: T-ALL | treatment: DMSO | time: 24Hour",23249047,"DMSO","T-ALL",TRUE,"control","control"
"GSM7228967",2.22672983197742,"GSE230590","NCBI-counts",6,6,"DND_DMSO_24H_Rep2","cell line: T-ALL | treatment: DMSO | time: 24Hour",23699818,"DMSO","T-ALL",TRUE,"control","control"
"GSM7228968",2.01443228291306,"GSE230590","NCBI-counts",6,6,"MOLT4_ACBI_24H_Rep1","cell line: T-ALL | treatment: ACBI-1 | time: 24Hour",23614487,"ACBI-1","T-ALL",FALSE,"ACBI-1","high"
"GSM7228969",2.01054226797362,"GSE230590","NCBI-counts",6,6,"MOLT4_ACBI_24H_Rep2","cell line: T-ALL | treatment: ACBI-1 | time: 24Hour",23496022,"ACBI-1","T-ALL",FALSE,"ACBI-1","high"
"GSM7228971",1.85267764286619,"GSE230590","NCBI-counts",6,6,"MOLT4_DMSO_24H_Rep2","cell line: T-ALL | treatment: DMSO | time: 24Hour",23872860,"DMSO","T-ALL",TRUE,"control","control"
"GSM7230438",1.6038084383296,"GSE230646","NCBI-counts",6,6,"shRNA control-1_Kasumi-1_RNA-seq","tissue: Peripheral blood | cell line: Kasumi-1 | cell type: myeloblast | genotype: leukemic cell line with an 8;21 chromosome translocation | treatment: scramble shRNA control",26300995,"scramble shRNA control","Kasumi-1",FALSE,"scramble shRNA control","high"
"GSM7230439",1.66318728750229,"GSE230646","NCBI-counts",6,6,"shRNA control-2_Kasumi-1_RNA-seq","tissue: Peripheral blood | cell line: Kasumi-1 | cell type: myeloblast | genotype: leukemic cell line with an 8;21 chromosome translocation | treatment: scramble shRNA control",30440124,"scramble shRNA control","Kasumi-1",FALSE,"scramble shRNA control","high"
"GSM7230440",1.68753188555563,"GSE230646","NCBI-counts",6,6,"shRNA control-3_Kasumi-1_RNA-seq","tissue: Peripheral blood | cell line: Kasumi-1 | cell type: myeloblast | genotype: leukemic cell line with an 8;21 chromosome translocation | treatment: scramble shRNA control",38301469,"scramble shRNA control","Kasumi-1",FALSE,"scramble shRNA control","high"
"GSM7230441",1.70405030966111,"GSE230646","NCBI-counts",6,6,"shRBPMS-1_Kasumi-1_RNA-seq","tissue: Peripheral blood | cell line: Kasumi-1 | cell type: myeloblast | genotype: leukemic cell line with an 8;21 chromosome translocation | treatment: RBPMS knockdown",27802297,"RBPMS knockdown","Kasumi-1",FALSE,"RBPMS knockdown","high"
"GSM7230442",1.6853585384025,"GSE230646","NCBI-counts",6,6,"shRBPMS-2_Kasumi-1_RNA-seq","tissue: Peripheral blood | cell line: Kasumi-1 | cell type: myeloblast | genotype: leukemic cell line with an 8;21 chromosome translocation | treatment: RBPMS knockdown",31381566,"RBPMS knockdown","Kasumi-1",FALSE,"RBPMS knockdown","high"
"GSM7230443",1.70413802013351,"GSE230646","NCBI-counts",6,6,"shRBPMS-3_Kasumi-1_RNA-seq","tissue: Peripheral blood | cell line: Kasumi-1 | cell type: myeloblast | genotype: leukemic cell line with an 8;21 chromosome translocation | treatment: RBPMS knockdown",30693643,"RBPMS knockdown","Kasumi-1",FALSE,"RBPMS knockdown","high"
"GSM7230444",1.83255309137533,"GSE230646","NCBI-counts",6,6,"Kasumi-1_DMSO-1","tissue: Peripheral blood | cell line: Kasumi-1 | cell type: myeloblast | genotype: leukemic cell line with an 8;21 chromosome translocation | treatment: DMSO",16850331,"DMSO","Kasumi-1",TRUE,"control","control"
"GSM7230445",1.86759123874394,"GSE230646","NCBI-counts",6,6,"Kasumi-1_DMSO-2","tissue: Peripheral blood | cell line: Kasumi-1 | cell type: myeloblast | genotype: leukemic cell line with an 8;21 chromosome translocation | treatment: DMSO",18244502,"DMSO","Kasumi-1",TRUE,"control","control"
"GSM7230446",1.68089118919781,"GSE230646","NCBI-counts",6,6,"Kasumi-1_RB98-1","tissue: Peripheral blood | cell line: Kasumi-1 | cell type: myeloblast | genotype: leukemic cell line with an 8;21 chromosome translocation | treatment: RB98#",18007516,"RB98#","Kasumi-1",FALSE,"RB98#","high"
"GSM7230447",1.76043703444501,"GSE230646","NCBI-counts",6,6,"Kasumi-1_RB98-2","tissue: Peripheral blood | cell line: Kasumi-1 | cell type: myeloblast | genotype: leukemic cell line with an 8;21 chromosome translocation | treatment: RB98#",16432767,"RB98#","Kasumi-1",FALSE,"RB98#","high"
"GSM7230448",1.78556344583315,"GSE230646","NCBI-counts",6,6,"Kasumi-1_RIP-IP","tissue: Peripheral blood | cell line: HA RBPMS Kasumi-1 | cell type: myeloblast | genotype: leukemic cell line with an 8;21 chromosome translocation | treatment: exogenous RIP-seq",51772794,"exogenous RIP-seq","HA RBPMS Kasumi-1",FALSE,"exogenous RIP-seq","high"
"GSM7230449",1.83574419848177,"GSE230646","NCBI-counts",6,6,"Kasumi-1_RIP-input","tissue: Peripheral blood | cell line: HA RBPMS Kasumi-1 | cell type: myeloblast | genotype: leukemic cell line with an 8;21 chromosome translocation | treatment: exogenous RIP-seq",58191852,"exogenous RIP-seq","HA RBPMS Kasumi-1",FALSE,"exogenous RIP-seq","high"
"GSM7230450",1.66647635750997,"GSE230646","NCBI-counts",6,6,"Kasumi-1_m6A-IP","tissue: Peripheral blood | cell line: Kasumi-1 | cell type: myeloblast | genotype: leukemic cell line with an 8;21 chromosome translocation | treatment: endogenous m6A",15074310,"endogenous m6A","Kasumi-1",FALSE,"endogenous m6A","high"
"GSM7230451",1.81628168906074,"GSE230646","NCBI-counts",6,6,"Kasumi-1_m6A-input","tissue: Peripheral blood | cell line: Kasumi-1 | cell type: myeloblast | genotype: leukemic cell line with an 8;21 chromosome translocation | treatment: endogenous m6A",15505527,"endogenous m6A","Kasumi-1",FALSE,"endogenous m6A","high"
"GSM7234348",1.0863265614883,"GSE230791","NCBI-counts",6,6,"SEM_biol rep 1 RNA","tissue: cell line | cell line: Acute Lymphoblastic Leukemia cell line SEM | cell type: Paediatric pro B-cell line derived from ALL with t(4;11)(q21;q23) translocation | genotype: t(4;11)(q21;q23) translocation | treatment: None",1544339,"None","Acute Lymphoblastic Leukemia cell line SEM",TRUE,"control","control"
"GSM7234349",1.12927099889764,"GSE230791","NCBI-counts",6,6,"SEM_biol rep 2 RNA","tissue: cell line | cell line: Acute Lymphoblastic Leukemia cell line SEM | cell type: Paediatric pro B-cell line derived from ALL with t(4;11)(q21;q23) translocation | genotype: t(4;11)(q21;q23) translocation | treatment: None",1744015,"None","Acute Lymphoblastic Leukemia cell line SEM",TRUE,"control","control"
"GSM7234350",1.24504652474197,"GSE230791","NCBI-counts",6,6,"SEM_biol rep 3 RNA","tissue: cell line | cell line: Acute Lymphoblastic Leukemia cell line SEM | cell type: Paediatric pro B-cell line derived from ALL with t(4;11)(q21;q23) translocation | genotype: t(4;11)(q21;q23) translocation | treatment: None",1982251,"None","Acute Lymphoblastic Leukemia cell line SEM",TRUE,"control","control"
"GSM7234351",1.26007163399988,"GSE230791","NCBI-counts",6,6,"SEM_biol rep 4 RNA","tissue: cell line | cell line: Acute Lymphoblastic Leukemia cell line SEM | cell type: Paediatric pro B-cell line derived from ALL with t(4;11)(q21;q23) translocation | genotype: t(4;11)(q21;q23) translocation | treatment: None",1725673,"None","Acute Lymphoblastic Leukemia cell line SEM",TRUE,"control","control"
"GSM7234352",1.22888682761732,"GSE230791","NCBI-counts",6,6,"SEM_DOT1Li_biol rep 1 RNA","tissue: cell line | cell line: Acute Lymphoblastic Leukemia cell line SEM | cell type: Paediatric pro B-cell line derived from ALL with t(4;11)(q21;q23) translocation | genotype: t(4;11)(q21;q23) translocation | treatment: 50uM pinometostat for 7 days",1554321,"50uM pinometostat for 7 days","Acute Lymphoblastic Leukemia cell line SEM",FALSE,"pinometostat","high"
"GSM7234353",1.14604376254458,"GSE230791","NCBI-counts",6,6,"SEM_DOT1Li_biol rep 2 RNA","tissue: cell line | cell line: Acute Lymphoblastic Leukemia cell line SEM | cell type: Paediatric pro B-cell line derived from ALL with t(4;11)(q21;q23) translocation | genotype: t(4;11)(q21;q23) translocation | treatment: 50uM pinometostat for 7 days",2243353,"50uM pinometostat for 7 days","Acute Lymphoblastic Leukemia cell line SEM",FALSE,"pinometostat","high"
"GSM7234354",1.42527481137792,"GSE230791","NCBI-counts",6,6,"SEM_DOT1Li_biol rep 3 RNA","tissue: cell line | cell line: Acute Lymphoblastic Leukemia cell line SEM | cell type: Paediatric pro B-cell line derived from ALL with t(4;11)(q21;q23) translocation | genotype: t(4;11)(q21;q23) translocation | treatment: 50uM pinometostat for 7 days",1475722,"50uM pinometostat for 7 days","Acute Lymphoblastic Leukemia cell line SEM",FALSE,"pinometostat","high"
"GSM7234355",1.31479997048851,"GSE230791","NCBI-counts",6,6,"SEM_DOT1Li_biol rep 4 RNA","tissue: cell line | cell line: Acute Lymphoblastic Leukemia cell line SEM | cell type: Paediatric pro B-cell line derived from ALL with t(4;11)(q21;q23) translocation | genotype: t(4;11)(q21;q23) translocation | treatment: 50uM pinometostat for 7 days",1822063,"50uM pinometostat for 7 days","Acute Lymphoblastic Leukemia cell line SEM",FALSE,"pinometostat","high"
"GSM7234356",1.36161015811201,"GSE230791","NCBI-counts",6,6,"SEM_PINO_RES_biol rep 1 RNA","tissue: cell line | cell line: Acute Lymphoblastic Leukemia cell line SEM | cell type: Paediatric pro B-cell line derived from ALL with t(4;11)(q21;q23) translocation | genotype: t(4;11)(q21;q23) translocation | treatment: None",1107722,"None","Acute Lymphoblastic Leukemia cell line SEM",TRUE,"control","control"
"GSM7234357",1.17501119432728,"GSE230791","NCBI-counts",6,6,"SEM_PINO_RES_biol rep 2 RNA","tissue: cell line | cell line: Acute Lymphoblastic Leukemia cell line SEM | cell type: Paediatric pro B-cell line derived from ALL with t(4;11)(q21;q23) translocation | genotype: t(4;11)(q21;q23) translocation | treatment: None",1276439,"None","Acute Lymphoblastic Leukemia cell line SEM",TRUE,"control","control"
"GSM7234358",1.30624991723364,"GSE230791","NCBI-counts",6,6,"SEM_PINO_RES_biol rep 3 RNA","tissue: cell line | cell line: Acute Lymphoblastic Leukemia cell line SEM | cell type: Paediatric pro B-cell line derived from ALL with t(4;11)(q21;q23) translocation | genotype: t(4;11)(q21;q23) translocation | treatment: None",1823856,"None","Acute Lymphoblastic Leukemia cell line SEM",TRUE,"control","control"
"GSM7234359",1.21197985973201,"GSE230791","NCBI-counts",6,6,"SEM_PINO_RES_biol rep 4 RNA","tissue: cell line | cell line: Acute Lymphoblastic Leukemia cell line SEM | cell type: Paediatric pro B-cell line derived from ALL with t(4;11)(q21;q23) translocation | genotype: t(4;11)(q21;q23) translocation | treatment: None",1662176,"None","Acute Lymphoblastic Leukemia cell line SEM",TRUE,"control","control"
"GSM7234360",1.30409572982047,"GSE230791","NCBI-counts",6,6,"SEM_PINO_RES_DOT1Li_biol rep 1 RNA","tissue: cell line | cell line: Acute Lymphoblastic Leukemia cell line SEM | cell type: Paediatric pro B-cell line derived from ALL with t(4;11)(q21;q23) translocation | genotype: t(4;11)(q21;q23) translocation | treatment: 50uM pinometostat for 7 days",1631475,"50uM pinometostat for 7 days","Acute Lymphoblastic Leukemia cell line SEM",FALSE,"pinometostat","high"
"GSM7234361",1.53895616523183,"GSE230791","NCBI-counts",6,6,"SEM_PINO_RES_DOT1Li_biol rep 2 RNA","tissue: cell line | cell line: Acute Lymphoblastic Leukemia cell line SEM | cell type: Paediatric pro B-cell line derived from ALL with t(4;11)(q21;q23) translocation | genotype: t(4;11)(q21;q23) translocation | treatment: 50uM pinometostat for 7 days",1639999,"50uM pinometostat for 7 days","Acute Lymphoblastic Leukemia cell line SEM",FALSE,"pinometostat","high"
"GSM7234362",1.24705200403308,"GSE230791","NCBI-counts",6,6,"SEM_PINO_RES_DOT1Li_biol rep 3 RNA","tissue: cell line | cell line: Acute Lymphoblastic Leukemia cell line SEM | cell type: Paediatric pro B-cell line derived from ALL with t(4;11)(q21;q23) translocation | genotype: t(4;11)(q21;q23) translocation | treatment: 50uM pinometostat for 7 days",1549630,"50uM pinometostat for 7 days","Acute Lymphoblastic Leukemia cell line SEM",FALSE,"pinometostat","high"
"GSM7234363",1.48381086116265,"GSE230791","NCBI-counts",6,6,"SEM_PINO_RES_DOT1Li_biol rep 4 RNA","tissue: cell line | cell line: Acute Lymphoblastic Leukemia cell line SEM | cell type: Paediatric pro B-cell line derived from ALL with t(4;11)(q21;q23) translocation | genotype: t(4;11)(q21;q23) translocation | treatment: 50uM pinometostat for 7 days",1443698,"50uM pinometostat for 7 days","Acute Lymphoblastic Leukemia cell line SEM",FALSE,"pinometostat","high"
"GSM7306490",3.19313242225328,"GSE231959","NCBI-counts",6,6,"RPMI_MYCN_KO_DOX_rep1","cell type: T-ALL | treatment: Doxycycline | genotype: MYCN_KO",34375590,"Doxycycline","T-ALL",FALSE,"Doxycycline","high"
"GSM7306491",2.81888007524149,"GSE231959","NCBI-counts",6,6,"RPMI_MYCN_KO_DMSO_rep1","cell type: T-ALL | treatment: DMSO | genotype: MYCN_KO",34799195,"DMSO","T-ALL",TRUE,"control","control"
"GSM7306492",3.16259672853192,"GSE231959","NCBI-counts",6,6,"RPMI_MYCN_KO_DOX_rep2","cell type: T-ALL | treatment: Doxycycline | genotype: MYCN_KO",35326438,"Doxycycline","T-ALL",FALSE,"Doxycycline","high"
"GSM7306493",2.98640617209335,"GSE231959","NCBI-counts",6,6,"RPMI_MYCN_KO_DMSO_rep2","cell type: T-ALL | treatment: DMSO | genotype: MYCN_KO",34708506,"DMSO","T-ALL",TRUE,"control","control"
"GSM7306494",3.21919812966853,"GSE231959","NCBI-counts",6,6,"RPMI_MYCN_KO_DOX_rep3","cell type: T-ALL | treatment: Doxycycline | genotype: MYCN_KO",34025578,"Doxycycline","T-ALL",FALSE,"Doxycycline","high"
"GSM7306495",2.99381549466392,"GSE231959","NCBI-counts",6,6,"RPMI_MYCN_KO_DMSO_rep3","cell type: T-ALL | treatment: DMSO | genotype: MYCN_KO",31263398,"DMSO","T-ALL",TRUE,"control","control"
"GSM7306496",3.0633956898425,"GSE231960","NCBI-counts",6,6,"RPMI_MYC_KO_DMSO_rep1","cell line: RPMI-8402 | cell type: T-ALL | treatment: DMSO | genotype: MYC_KO",33329182,"DMSO","RPMI-8402",TRUE,"control","control"
"GSM7306497",3.07010358458364,"GSE231960","NCBI-counts",6,6,"RPMI_MYC_KO_DMSO_rep2","cell line: RPMI-8402 | cell type: T-ALL | treatment: DMSO | genotype: MYC_KO",33639902,"DMSO","RPMI-8402",TRUE,"control","control"
"GSM7306498",2.96786856515603,"GSE231960","NCBI-counts",6,6,"RPMI_MYC_KO_DMSO_rep3","cell line: RPMI-8402 | cell type: T-ALL | treatment: DMSO | genotype: MYC_KO",33417262,"DMSO","RPMI-8402",TRUE,"control","control"
"GSM7306499",3.09496932331186,"GSE231960","NCBI-counts",6,6,"RPMI_MYC_KO_DOX_rep1","cell line: RPMI-8402 | cell type: T-ALL | treatment: Doxycycline | genotype: MYC_KO",33300354,"Doxycycline","RPMI-8402",FALSE,"Doxycycline","high"
"GSM7306500",3.10112686615479,"GSE231960","NCBI-counts",6,6,"RPMI_MYC_KO_DOX_rep2","cell line: RPMI-8402 | cell type: T-ALL | treatment: Doxycycline | genotype: MYC_KO",33109577,"Doxycycline","RPMI-8402",FALSE,"Doxycycline","high"
"GSM7306501",3.12658337675513,"GSE231960","NCBI-counts",6,6,"RPMI_MYC_KO_DOX_rep3","cell line: RPMI-8402 | cell type: T-ALL | treatment: Doxycycline | genotype: MYC_KO",33082755,"Doxycycline","RPMI-8402",FALSE,"Doxycycline","high"
"GSM7306512",3.2025325720824,"GSE231962","NCBI-counts",6,6,"DKO_DMSO_rep1","cell line: RPMI-8402 | cell type: T-ALL | treatment: DMSO | genotype: control",33157683,"DMSO","RPMI-8402",TRUE,"control","control"
"GSM7306513",3.06440685844106,"GSE231962","NCBI-counts",6,6,"DKO_DMSO_rep2","cell line: RPMI-8402 | cell type: T-ALL | treatment: DMSO | genotype: control",33189964,"DMSO","RPMI-8402",TRUE,"control","control"
"GSM7306514",3.11022417610305,"GSE231962","NCBI-counts",6,6,"DKO_DMSO_rep3","cell line: RPMI-8402 | cell type: T-ALL | treatment: DMSO | genotype: control",33101009,"DMSO","RPMI-8402",TRUE,"control","control"
"GSM7306515",3.18524546011769,"GSE231962","NCBI-counts",6,6,"DKO_DOX_rep1","cell line: RPMI-8402 | cell type: T-ALL | treatment: Doxycycline | genotype: MYCN_knockout",32516781,"Doxycycline","RPMI-8402",FALSE,"Doxycycline","high"
"GSM7306516",3.17560326327172,"GSE231962","NCBI-counts",6,6,"DKO_DOX_rep2","cell line: RPMI-8402 | cell type: T-ALL | treatment: Doxycycline | genotype: MYCN_knockout",32819857,"Doxycycline","RPMI-8402",FALSE,"Doxycycline","high"
"GSM7306517",3.17895261190357,"GSE231962","NCBI-counts",6,6,"DKO_DOX_rep3","cell line: RPMI-8402 | cell type: T-ALL | treatment: Doxycycline | genotype: MYCN_knockout",32746795,"Doxycycline","RPMI-8402",FALSE,"Doxycycline","high"
"GSM7310236",2.19891087147519,"GSE232007","NCBI-counts",6,6,"MOLM13_RNA_DMSO_72h_REP1_210421_GTGATC_S1","cell line: MOLM13 | cell type: acute myeloid leukemia | treatment: DMSO | time: 72 hours",37298861,"DMSO","MOLM13",TRUE,"control","control"
"GSM7310237",2.09789154998318,"GSE232007","NCBI-counts",6,6,"MOLM13_RNA_DMSO_72h_REP2_210421_GACGAC_S2","cell line: MOLM13 | cell type: acute myeloid leukemia | treatment: DMSO | time: 72 hours",36278020,"DMSO","MOLM13",TRUE,"control","control"
"GSM7310238",2.01805481601987,"GSE232007","NCBI-counts",6,6,"MOLM13_RNA_DMSO_72h_REP3_210421_TAATCG_S3","cell line: MOLM13 | cell type: acute myeloid leukemia | treatment: DMSO | time: 72 hours",36818528,"DMSO","MOLM13",TRUE,"control","control"
"GSM7310239",1.95245866084605,"GSE232007","NCBI-counts",6,6,"MOLM13_RNA_CC220_1uM_72h_REP1_210421_TACAGC_S4","cell line: MOLM13 | cell type: acute myeloid leukemia | treatment: CC-220 | time: 72 hours",34115610,"CC-220","MOLM13",FALSE,"CC-220","high"
"GSM7310240",1.94009322772085,"GSE232007","NCBI-counts",6,6,"MOLM13_RNA_CC220_1uM_72h_REP2_210421_TATAAT_S5","cell line: MOLM13 | cell type: acute myeloid leukemia | treatment: CC-220 | time: 72 hours",37327830,"CC-220","MOLM13",FALSE,"CC-220","high"
"GSM7310241",1.96252890661366,"GSE232007","NCBI-counts",6,6,"MOLM13_RNA_CC220_1uM_72h_REP3_210421_TCATTC_S6","cell line: MOLM13 | cell type: acute myeloid leukemia | treatment: CC-220 | time: 72 hours",33182104,"CC-220","MOLM13",FALSE,"CC-220","high"
"GSM7310242",1.9476144559316,"GSE232007","NCBI-counts",6,6,"MOLM13_RNA_CC92480_50nM_72h_REP1_210421_TCCCGA_S7","cell line: MOLM13 | cell type: acute myeloid leukemia | treatment: CC-92840 | time: 72 hours",37412795,"CC-92840","MOLM13",FALSE,"CC-92840","high"
"GSM7310243",1.96539412472167,"GSE232007","NCBI-counts",6,6,"MOLM13_RNA_CC92480_50nM_72h_REP2_210421_TCGAAG_S8","cell line: MOLM13 | cell type: acute myeloid leukemia | treatment: CC-92840 | time: 72 hours",37186326,"CC-92840","MOLM13",FALSE,"CC-92840","high"
"GSM7310244",1.93692190736799,"GSE232007","NCBI-counts",6,6,"MOLM13_RNA_CC92480_50nM_72h_REP3_210421_TCGGCA_S9","cell line: MOLM13 | cell type: acute myeloid leukemia | treatment: CC-92840 | time: 72 hours",35031148,"CC-92840","MOLM13",FALSE,"CC-92840","high"
"GSM7324988",1.73178203590801,"GSE232294","NCBI-counts",6,6,"NB4 cells, DMSO, 24h, replicate2","cell line: NB4 | cell type: Acute promyelocytic leukemia cells | treatment: DMSO",26475048,"DMSO","NB4",TRUE,"control","control"
"GSM7324989",1.50267092344903,"GSE232294","NCBI-counts",6,6,"NB4 cells, JQ1, 24h, replicate1","cell line: NB4 | cell type: Acute promyelocytic leukemia cells | treatment: JQ1",30061376,"JQ1","NB4",FALSE,"JQ1","high"
"GSM7324990",1.49874523430308,"GSE232294","NCBI-counts",6,6,"NB4 cells, JQ1, 24h, replicate2","cell line: NB4 | cell type: Acute promyelocytic leukemia cells | treatment: JQ1",26937366,"JQ1","NB4",FALSE,"JQ1","high"
"GSM7474965",1.52862157435539,"GSE234800","NCBI-counts",6,6,"shGSK3a, 0h","cell line: Jurkat | cell type: T-ALL cells | genotype: shGSK3a | timepoint: 0h | treatment: none",28862069,"none","Jurkat",TRUE,"control","control"
"GSM7474967",1.60269827448365,"GSE234800","NCBI-counts",6,6,"shGSK3a, 16h, vehicle","cell line: Jurkat | cell type: T-ALL cells | genotype: shGSK3a | timepoint: 16h | treatment: veh",34101940,"veh","Jurkat",FALSE,"veh","high"
"GSM7474968",1.63933662961146,"GSE234800","NCBI-counts",6,6,"shGSK3a, 32h, asparaginase","cell line: Jurkat | cell type: T-ALL cells | genotype: shGSK3a | timepoint: 32h | treatment: aps",30398142,"aps","Jurkat",FALSE,"aps","high"
"GSM7474969",1.62697343844901,"GSE234800","NCBI-counts",6,6,"shGSK3a, 32h, vehicle","cell line: Jurkat | cell type: T-ALL cells | genotype: shGSK3a | timepoint: 32h | treatment: veh",28653518,"veh","Jurkat",FALSE,"veh","high"
"GSM7474970",1.75410335634388,"GSE234800","NCBI-counts",6,6,"shGSK3a, 56h, asparaginase","cell line: Jurkat | cell type: T-ALL cells | genotype: shGSK3a | timepoint: 56h | treatment: aps",22377556,"aps","Jurkat",FALSE,"aps","high"
"GSM7474971",1.82479500819012,"GSE234800","NCBI-counts",6,6,"shGSK3a, 56h, vehicle","cell line: Jurkat | cell type: T-ALL cells | genotype: shGSK3a | timepoint: 56h | treatment: veh",22921642,"veh","Jurkat",FALSE,"veh","high"
"GSM7474972",1.59430118390538,"GSE234800","NCBI-counts",6,6,"shGSK3a, 8h, asparaginase","cell line: Jurkat | cell type: T-ALL cells | genotype: shGSK3a | timepoint: 8h | treatment: aps",27506698,"aps","Jurkat",FALSE,"aps","high"
"GSM7474973",1.56631168876006,"GSE234800","NCBI-counts",6,6,"shGSK3a, 8h, vehicle","cell line: Jurkat | cell type: T-ALL cells | genotype: shGSK3a | timepoint: 8h | treatment: veh",27728814,"veh","Jurkat",FALSE,"veh","high"
"GSM7474974",1.46407738494902,"GSE234800","NCBI-counts",6,6,"shLuc, 0h","cell line: Jurkat | cell type: T-ALL cells | genotype: shLuc | timepoint: 0h | treatment: none",36455223,"none","Jurkat",TRUE,"control","control"
"GSM7474975",1.47648132927706,"GSE234800","NCBI-counts",6,6,"shLuc, 16h, asparaginase","cell line: Jurkat | cell type: T-ALL cells | genotype: shLuc | timepoint: 16h | treatment: aps",33543860,"aps","Jurkat",FALSE,"aps","high"
"GSM7474976",1.48295130007754,"GSE234800","NCBI-counts",6,6,"shLuc, 16h, vehicle","cell line: Jurkat | cell type: T-ALL cells | genotype: shLuc | timepoint: 16h | treatment: veh",32228356,"veh","Jurkat",FALSE,"veh","high"
"GSM7474977",1.47522185890067,"GSE234800","NCBI-counts",6,6,"shLuc, 32h, asparaginase","cell line: Jurkat | cell type: T-ALL cells | genotype: shLuc | timepoint: 32h | treatment: aps",30437471,"aps","Jurkat",FALSE,"aps","high"
"GSM7474978",1.49872373311145,"GSE234800","NCBI-counts",6,6,"shLuc, 32h, vehicle","cell line: Jurkat | cell type: T-ALL cells | genotype: shLuc | timepoint: 32h | treatment: veh",37451525,"veh","Jurkat",FALSE,"veh","high"
"GSM7474979",1.5073344351588,"GSE234800","NCBI-counts",6,6,"shLuc, 56h, asparaginase","cell line: Jurkat | cell type: T-ALL cells | genotype: shLuc | timepoint: 56h | treatment: aps",31064807,"aps","Jurkat",FALSE,"aps","high"
"GSM7474980",1.57004340982875,"GSE234800","NCBI-counts",6,6,"shLuc, 56h, vehicle","cell line: Jurkat | cell type: T-ALL cells | genotype: shLuc | timepoint: 56h | treatment: veh",17611409,"veh","Jurkat",FALSE,"veh","high"
"GSM7474981",1.39786553939593,"GSE234800","NCBI-counts",6,6,"shLuc, 8h, asparaginase","cell line: Jurkat | cell type: T-ALL cells | genotype: shLuc | timepoint: 8h | treatment: aps",22126822,"aps","Jurkat",FALSE,"aps","high"
"GSM7474982",1.46601824135786,"GSE234800","NCBI-counts",6,6,"shLuc, 8h, vehicle","cell line: Jurkat | cell type: T-ALL cells | genotype: shLuc | timepoint: 8h | treatment: veh",22889052,"veh","Jurkat",FALSE,"veh","high"
"GSM7675665",0.363898698722406,"GSE239859","NCBI-counts",6,6,"differentiated HL-60, untreated control, 4 hour, rep-1","cell line: HL-60 | cell type: human promyelocytic leukemia cell | genotype: WT, differentiated | treatment: untreated | time: 4 hours",15290036,"untreated","HL-60",TRUE,"control","control"
"GSM7675666",0.474731315273965,"GSE239859","NCBI-counts",6,6,"differentiated HL-60, untreated control, 4 hour, rep-2","cell line: HL-60 | cell type: human promyelocytic leukemia cell | genotype: WT, differentiated | treatment: untreated | time: 4 hours",16150587,"untreated","HL-60",TRUE,"control","control"
"GSM7675667",0.376875215520263,"GSE239859","NCBI-counts",6,6,"differentiated HL-60, 1 µg/ml LTA, 4 hour, rep-1","cell line: HL-60 | cell type: human promyelocytic leukemia cell | genotype: WT, differentiated | treatment: 1 μg/ml Staphylococcus aureus lipoteichoic acids | time: 4 hours",14950629,"1 μg/ml Staphylococcus aureus lipoteichoic acids","HL-60",FALSE,"1 μg/ml Staphylococcus aureus lipoteichoic acids","low"
"GSM7675668",0.393993631427794,"GSE239859","NCBI-counts",6,6,"differentiated HL-60, 1 µg/ml LTA, 4 hour, rep-2","cell line: HL-60 | cell type: human promyelocytic leukemia cell | genotype: WT, differentiated | treatment: 1 μg/ml Staphylococcus aureus lipoteichoic acids | time: 4 hours",19827072,"1 μg/ml Staphylococcus aureus lipoteichoic acids","HL-60",FALSE,"1 μg/ml Staphylococcus aureus lipoteichoic acids","low"
"GSM7675669",0.388791517425036,"GSE239859","NCBI-counts",6,6,"differentiated HL-60, 10 µg/ml LTA, 4 hour, rep-1","cell line: HL-60 | cell type: human promyelocytic leukemia cell | genotype: WT, differentiated | treatment: 10 μg/ml Staphylococcus aureus lipoteichoic acids | time: 4 hours",17404532,"10 μg/ml Staphylococcus aureus lipoteichoic acids","HL-60",FALSE,"10 μg/ml Staphylococcus aureus lipoteichoic acids","low"
"GSM7675670",0.388705673386631,"GSE239859","NCBI-counts",6,6,"differentiated HL-60, 10 µg/ml LTA, 4 hour, rep-2","cell line: HL-60 | cell type: human promyelocytic leukemia cell | genotype: WT, differentiated | treatment: 10 μg/ml Staphylococcus aureus lipoteichoic acids | time: 4 hours",18600751,"10 μg/ml Staphylococcus aureus lipoteichoic acids","HL-60",FALSE,"10 μg/ml Staphylococcus aureus lipoteichoic acids","low"
"GSM7675671",0.447094489884105,"GSE239859","NCBI-counts",6,6,"differentiated HL-60, untreated control, 24 hour, rep-1","cell line: HL-60 | cell type: human promyelocytic leukemia cell | genotype: WT, differentiated | treatment: untreated | time: 24 hours",27058301,"untreated","HL-60",TRUE,"control","control"
"GSM7675672",0.442802812704372,"GSE239859","NCBI-counts",6,6,"differentiated HL-60, untreated control, 24 hour, rep-2","cell line: HL-60 | cell type: human promyelocytic leukemia cell | genotype: WT, differentiated | treatment: untreated | time: 24 hours",19251348,"untreated","HL-60",TRUE,"control","control"
"GSM7675673",0.557910609471012,"GSE239859","NCBI-counts",6,6,"differentiated HL-60, 1 µg/ml LTA, 24 hour, rep-1","cell line: HL-60 | cell type: human promyelocytic leukemia cell | genotype: WT, differentiated | treatment: 1 μg/ml Staphylococcus aureus lipoteichoic acids | time: 24 hours",18143485,"1 μg/ml Staphylococcus aureus lipoteichoic acids","HL-60",FALSE,"1 μg/ml Staphylococcus aureus lipoteichoic acids","low"
"GSM7675674",0.556954592439566,"GSE239859","NCBI-counts",6,6,"differentiated HL-60, 1 µg/ml LTA, 24 hour, rep-2","cell line: HL-60 | cell type: human promyelocytic leukemia cell | genotype: WT, differentiated | treatment: 1 μg/ml Staphylococcus aureus lipoteichoic acids | time: 24 hours",20625736,"1 μg/ml Staphylococcus aureus lipoteichoic acids","HL-60",FALSE,"1 μg/ml Staphylococcus aureus lipoteichoic acids","low"
"GSM7675675",0.478223677489457,"GSE239859","NCBI-counts",6,6,"differentiated HL-60, 10 µg/ml LTA, 24 hour, rep-1","cell line: HL-60 | cell type: human promyelocytic leukemia cell | genotype: WT, differentiated | treatment: 10 μg/ml Staphylococcus aureus lipoteichoic acids | time: 24 hours",17345410,"10 μg/ml Staphylococcus aureus lipoteichoic acids","HL-60",FALSE,"10 μg/ml Staphylococcus aureus lipoteichoic acids","low"
"GSM7675676",0.523121156225027,"GSE239859","NCBI-counts",6,6,"differentiated HL-60, 10 µg/ml LTA, 24 hour, rep-2","cell line: HL-60 | cell type: human promyelocytic leukemia cell | genotype: WT, differentiated | treatment: 10 μg/ml Staphylococcus aureus lipoteichoic acids | time: 24 hours",21128656,"10 μg/ml Staphylococcus aureus lipoteichoic acids","HL-60",FALSE,"10 μg/ml Staphylococcus aureus lipoteichoic acids","low"
"GSM7675677",0.680518150954837,"GSE239859","NCBI-counts",6,6,"undifferentiated HL-60, untreated control, 4 hour","cell line: HL-60 | cell type: human promyelocytic leukemia cell | genotype: WT, undifferentiated | treatment: untreated | time: 4 hours",23840453,"untreated","HL-60",TRUE,"control","control"
"GSM7675678",0.707632787377186,"GSE239859","NCBI-counts",6,6,"undifferentiated HL-60, 1 µg/ml LTA, 4 hour","cell line: HL-60 | cell type: human promyelocytic leukemia cell | genotype: WT, undifferentiated | treatment: 1 μg/ml Staphylococcus aureus lipoteichoic acids | time: 4 hours",19882681,"1 μg/ml Staphylococcus aureus lipoteichoic acids","HL-60",FALSE,"1 μg/ml Staphylococcus aureus lipoteichoic acids","low"
"GSM7675679",0.761107777475126,"GSE239859","NCBI-counts",6,6,"undifferentiated HL-60, untreated control, 24 hour","cell line: HL-60 | cell type: human promyelocytic leukemia cell | genotype: WT, undifferentiated | treatment: untreated | time: 24 hours",21037230,"untreated","HL-60",TRUE,"control","control"
"GSM7675680",0.771285022784568,"GSE239859","NCBI-counts",6,6,"undifferentiated HL-60, 1 µg/ml LTA, 24 hour","cell line: HL-60 | cell type: human promyelocytic leukemia cell | genotype: WT, undifferentiated | treatment: 1 μg/ml Staphylococcus aureus lipoteichoic acids | time: 24 hours",18195322,"1 μg/ml Staphylococcus aureus lipoteichoic acids","HL-60",FALSE,"1 μg/ml Staphylococcus aureus lipoteichoic acids","low"
"GSM7697996",1.03759858649192,"GSE240439","NCBI-counts",6,6,"HL60_DMSO_1","tissue: hematopoetic | cell line: HL-60 | cell type: non-adherent | treatment: DMSO",13175372,"DMSO","HL-60",TRUE,"control","control"
"GSM7697997",1.14748320012093,"GSE240439","NCBI-counts",6,6,"HL60_DMSO_2","tissue: hematopoetic | cell line: HL-60 | cell type: non-adherent | treatment: DMSO",13869480,"DMSO","HL-60",TRUE,"control","control"
"GSM7697998",1.13010619137243,"GSE240439","NCBI-counts",6,6,"HL60_DMSO_3","tissue: hematopoetic | cell line: HL-60 | cell type: non-adherent | treatment: DMSO",12346413,"DMSO","HL-60",TRUE,"control","control"
"GSM7697999",1.2423369006369,"GSE240439","NCBI-counts",6,6,"HL60_DAC_1","tissue: hematopoetic | cell line: HL-60 | cell type: non-adherent | treatment: Decitabine",14005471,"Decitabine","HL-60",FALSE,"Decitabine","high"
"GSM7698000",1.14976688950887,"GSE240439","NCBI-counts",6,6,"HL60_DAC_2","tissue: hematopoetic | cell line: HL-60 | cell type: non-adherent | treatment: Decitabine",13744822,"Decitabine","HL-60",FALSE,"Decitabine","high"
"GSM7698001",1.14499481694929,"GSE240439","NCBI-counts",6,6,"HL60_DAC_3","tissue: hematopoetic | cell line: HL-60 | cell type: non-adherent | treatment: Decitabine",13754081,"Decitabine","HL-60",FALSE,"Decitabine","high"
"GSM7698002",1.05058583174301,"GSE240439","NCBI-counts",6,6,"HL60_SIMVA_1","tissue: hematopoetic | cell line: HL-60 | cell type: non-adherent | treatment: Simvastatin",12166507,"Simvastatin","HL-60",FALSE,"Simvastatin","high"
"GSM7698003",1.11553225577826,"GSE240439","NCBI-counts",6,6,"HL60_SIMVA_2","tissue: hematopoetic | cell line: HL-60 | cell type: non-adherent | treatment: Simvastatin",13168351,"Simvastatin","HL-60",FALSE,"Simvastatin","high"
"GSM7698004",1.02754742749027,"GSE240439","NCBI-counts",6,6,"HL60_SIMVA_3","tissue: hematopoetic | cell line: HL-60 | cell type: non-adherent | treatment: Simvastatin",12864367,"Simvastatin","HL-60",FALSE,"Simvastatin","high"
"GSM7698005",1.15030118542905,"GSE240439","NCBI-counts",6,6,"HL60_COMBO_1","tissue: hematopoetic | cell line: HL-60 | cell type: non-adherent | treatment: Decitabine+Simvastatin",16101057,"Decitabine+Simvastatin","HL-60",FALSE,"Decitabine+Simvastatin","high"
"GSM7698006",1.17197569169521,"GSE240439","NCBI-counts",6,6,"HL60_COMBO_2","tissue: hematopoetic | cell line: HL-60 | cell type: non-adherent | treatment: Decitabine+Simvastatin",14975011,"Decitabine+Simvastatin","HL-60",FALSE,"Decitabine+Simvastatin","high"
"GSM7698007",1.15606308946116,"GSE240439","NCBI-counts",6,6,"HL60_COMBO_3","tissue: hematopoetic | cell line: HL-60 | cell type: non-adherent | treatment: Decitabine+Simvastatin",15613777,"Decitabine+Simvastatin","HL-60",FALSE,"Decitabine+Simvastatin","high"
"GSM7728778",2.36654836137216,"GSE241427","NCBI-counts",6,6,"TT-Seq Kasumi1, DMSO, 6h, TTseq_Rep1","tissue: cell line | cell line: Kasumi-1 | cell type: AML cell | time: 6 hours | treatment: DMSO",19072298,"DMSO","Kasumi-1",TRUE,"control","control"
"GSM7728779",2.06750494512632,"GSE241427","NCBI-counts",6,6,"TT-Seq Kasumi1, DMSO, 6h, TTseq_Rep2","tissue: cell line | cell line: Kasumi-1 | cell type: AML cell | time: 6 hours | treatment: DMSO",30958125,"DMSO","Kasumi-1",TRUE,"control","control"
"GSM7728780",2.30406080051617,"GSE241427","NCBI-counts",6,6,"TT-Seq Kasumi1, IBRD9, 6h, TTseq_Rep1","tissue: cell line | cell line: Kasumi-1 | cell type: AML cell | time: 6 hours | treatment: I-BRD9",31122594,"I-BRD9","Kasumi-1",FALSE,"I-BRD9","high"
"GSM7728782",2.5203714508574,"GSE241427","NCBI-counts",6,6,"TT-Seq KG1, DMSO, 6h, TTseq_Rep1","tissue: cell line | cell line: KG-1 | cell type: AML cell | time: 6 hours | treatment: DMSO",30476946,"DMSO","KG-1",TRUE,"control","control"
"GSM7728783",2.47975104294967,"GSE241427","NCBI-counts",6,6,"TT-Seq KG1, DMSO, 6h, TTseq_Rep2","tissue: cell line | cell line: KG-1 | cell type: AML cell | time: 6 hours | treatment: DMSO",14905697,"DMSO","KG-1",TRUE,"control","control"
"GSM7728784",2.29446907883016,"GSE241427","NCBI-counts",6,6,"TT-Seq KG1, IBRD9, 6h, TTseq_Rep1","tissue: cell line | cell line: KG-1 | cell type: AML cell | time: 6 hours | treatment: I-BRD9",24780445,"I-BRD9","KG-1",FALSE,"I-BRD9","high"
"GSM7728785",2.56084026636945,"GSE241427","NCBI-counts",6,6,"TT-Seq KG1, IBRD9, 6h, TTseq_Rep2","tissue: cell line | cell line: KG-1 | cell type: AML cell | time: 6 hours | treatment: I-BRD9",20029840,"I-BRD9","KG-1",FALSE,"I-BRD9","high"
"GSM7728786",2.01925305848546,"GSE241427","NCBI-counts",6,6,"TT-Seq ML1, DMSO, 6h, TTseq_Rep1","tissue: cell line | cell line: ML-1 | cell type: AML cell | time: 6 hours | treatment: DMSO",12803751,"DMSO","ML-1",TRUE,"control","control"
"GSM7728787",1.47524825700062,"GSE241427","NCBI-counts",6,6,"TT-Seq ML1, DMSO, 6h, TTseq_Rep2","tissue: cell line | cell line: ML-1 | cell type: AML cell | time: 6 hours | treatment: DMSO",19591731,"DMSO","ML-1",TRUE,"control","control"
"GSM7728788",2.44830419401621,"GSE241427","NCBI-counts",6,6,"TT-Seq ML1, IBRD9, 6h, TTseq_Rep1","tissue: cell line | cell line: ML-1 | cell type: AML cell | time: 6 hours | treatment: I-BRD9",11124295,"I-BRD9","ML-1",FALSE,"I-BRD9","high"
"GSM7728789",1.51613371840105,"GSE241427","NCBI-counts",6,6,"TT-Seq ML1, IBRD9, 6h, TTseq_Rep2","tissue: cell line | cell line: ML-1 | cell type: AML cell | time: 6 hours | treatment: I-BRD9",13038975,"I-BRD9","ML-1",FALSE,"I-BRD9","high"
"GSM7728790",1.47862311673491,"GSE241427","NCBI-counts",6,6,"TT-Seq MV411, DMSO, 6h, TTseq_Rep1","tissue: cell line | cell line: MV-4-11 | cell type: AML cell | time: 6 hours | treatment: DMSO",15928201,"DMSO","MV-4-11",TRUE,"control","control"
"GSM7728792",1.48114041106397,"GSE241427","NCBI-counts",6,6,"TT-Seq MV411, IBRD9, 6h, TTseq_Rep1","tissue: cell line | cell line: MV-4-11 | cell type: AML cell | time: 6 hours | treatment: I-BRD9",24336427,"I-BRD9","MV-4-11",FALSE,"I-BRD9","high"
"GSM7728793",1.61949965999119,"GSE241427","NCBI-counts",6,6,"TT-Seq MV411, IBRD9, 6h, TTseq_Rep2","tissue: cell line | cell line: MV-4-11 | cell type: AML cell | time: 6 hours | treatment: I-BRD9",3199886,"I-BRD9","MV-4-11",FALSE,"I-BRD9","high"
"GSM7728794",1.39790118383728,"GSE241427","NCBI-counts",6,6,"TT-Seq U937, DMSO, 6h, TTseq_Rep1","tissue: cell line | cell line: U937 | cell type: AML cell | time: 6 hours | treatment: DMSO",16520742,"DMSO","U937",TRUE,"control","control"
"GSM7728795",1.63565239072489,"GSE241427","NCBI-counts",6,6,"TT-Seq U937, DMSO, 6h, TTseq_Rep2","tissue: cell line | cell line: U937 | cell type: AML cell | time: 6 hours | treatment: DMSO",18320884,"DMSO","U937",TRUE,"control","control"
"GSM7728796",1.4779080709266,"GSE241427","NCBI-counts",6,6,"TT-Seq U937, IBRD9, 6h, TTseq_Rep1","tissue: cell line | cell line: U937 | cell type: AML cell | time: 6 hours | treatment: I-BRD9",18697020,"I-BRD9","U937",FALSE,"I-BRD9","high"
"GSM7728797",1.65388924748581,"GSE241427","NCBI-counts",6,6,"TT-Seq U937, IBRD9, 6h, TTseq_Rep2","tissue: cell line | cell line: U937 | cell type: AML cell | time: 6 hours | treatment: I-BRD9",43742846,"I-BRD9","U937",FALSE,"I-BRD9","high"
"GSM7732673",1.20881114274668,"GSE241649","NCBI-counts",6,6,"RNA-seq_D1063-10_MOLM14_RASi_Rep2","cell line: MOLM14 | genotype: FLT3-ITD+ | treatment: RASi",22270291,"RASi","MOLM14",FALSE,"RASi","high"
"GSM7732674",1.32995406510039,"GSE241649","NCBI-counts",6,6,"RNA-seq_D1063-11_MOLM14_RASi_IL3_Rep1","cell line: MOLM14 | genotype: FLT3-ITD+ | treatment: RASi + IL3",20990681,"RASi + IL3","MOLM14",FALSE,"RASi + IL3","high"
"GSM7732675",1.04563237473946,"GSE241649","NCBI-counts",6,6,"RNA-seq_D1063-12_MOLM14_RASi_IL3_Rep2","cell line: MOLM14 | genotype: FLT3-ITD+ | treatment: RASi + IL3",23363306,"RASi + IL3","MOLM14",FALSE,"RASi + IL3","high"
"GSM7732676",1.54424143234514,"GSE241649","NCBI-counts",6,6,"RNA-seq_D1063-1_MOLM14_Untreated_Rep1","cell line: MOLM14 | genotype: FLT3-ITD+ | treatment: Untreated",23813176,"Untreated","MOLM14",TRUE,"control","control"
"GSM7732677",1.58132180567078,"GSE241649","NCBI-counts",6,6,"RNA-seq_D1063-2_MOLM14_Untreated_Rep2","cell line: MOLM14 | genotype: FLT3-ITD+ | treatment: Untreated",24089122,"Untreated","MOLM14",TRUE,"control","control"
"GSM7732678",1.60062917503359,"GSE241649","NCBI-counts",6,6,"RNA-seq_D1063-3_MOLM14_IL3_Rep1","cell line: MOLM14 | genotype: FLT3-ITD+ | treatment: IL3",28487383,"IL3","MOLM14",FALSE,"IL3","high"
"GSM7732679",1.63942167597343,"GSE241649","NCBI-counts",6,6,"RNA-seq_D1063-4_MOLM14_IL3_Rep2","cell line: MOLM14 | genotype: FLT3-ITD+ | treatment: IL3",24358886,"IL3","MOLM14",FALSE,"IL3","high"
"GSM7732680",1.29150095852981,"GSE241649","NCBI-counts",6,6,"RNA-seq_D1063-5_MOLM14_FLT3i_Rep1","cell line: MOLM14 | genotype: FLT3-ITD+ | treatment: FLT3i",22092013,"FLT3i","MOLM14",FALSE,"FLT3i","high"
"GSM7732681",1.44110370817602,"GSE241649","NCBI-counts",6,6,"RNA-seq_D1063-6_MOLM14_FLT3i_Rep2","cell line: MOLM14 | genotype: FLT3-ITD+ | treatment: FLT3i",21635896,"FLT3i","MOLM14",FALSE,"FLT3i","high"
"GSM7732682",1.18425340275767,"GSE241649","NCBI-counts",6,6,"RNA-seq_D1063-7_MOLM14_FLT3i_IL3_Rep1","cell line: MOLM14 | genotype: FLT3-ITD+ | treatment: FLT3i + IL3",23201022,"FLT3i + IL3","MOLM14",FALSE,"FLT3i + IL3","high"
"GSM7732683",1.40738288849084,"GSE241649","NCBI-counts",6,6,"RNA-seq_D1063-8_MOLM14_FLT3i_IL3_Rep2","cell line: MOLM14 | genotype: FLT3-ITD+ | treatment: FLT3i + IL3",19581306,"FLT3i + IL3","MOLM14",FALSE,"FLT3i + IL3","high"
"GSM7732684",1.41662062798087,"GSE241649","NCBI-counts",6,6,"RNA-seq_D1063-9_MOLM14_RASi_Rep1","cell line: MOLM14 | genotype: FLT3-ITD+ | treatment: RASi",19285154,"RASi","MOLM14",FALSE,"RASi","high"
"GSM7732685",1.89243990021434,"GSE241649","NCBI-counts",6,6,"RNA-seq_D1091-10_ITD-18_FLT3i_IL3_Rep2","cell type: CD34+ primary AML cells | genotype: FLT3-ITD+ | treatment: FLT3i + IL3",33879068,"FLT3i + IL3","CD34+ primary AML cells",FALSE,"FLT3i + IL3","high"
"GSM7732688",1.8342207254262,"GSE241649","NCBI-counts",6,6,"RNA-seq_D1091-1_ITD-18_Untreated_Rep1","cell type: CD34+ primary AML cells | genotype: FLT3-ITD+ | treatment: Untreated",32459854,"Untreated","CD34+ primary AML cells",TRUE,"control","control"
"GSM7732689",1.87379352927228,"GSE241649","NCBI-counts",6,6,"RNA-seq_D1091-2_ITD-18_IL3_Rep1","cell type: CD34+ primary AML cells | genotype: FLT3-ITD+ | treatment: IL3",33582397,"IL3","CD34+ primary AML cells",FALSE,"IL3","high"
"GSM7732690",1.63348873157638,"GSE241649","NCBI-counts",6,6,"RNA-seq_D1091-3_ITD-18_FLT3i_Rep1","cell type: CD34+ primary AML cells | genotype: FLT3-ITD+ | treatment: FLT3i",34065549,"FLT3i","CD34+ primary AML cells",FALSE,"FLT3i","high"
"GSM7732691",1.88433595493708,"GSE241649","NCBI-counts",6,6,"RNA-seq_D1091-4_ITD-18_FLT3i_IL3_Rep1","cell type: CD34+ primary AML cells | genotype: FLT3-ITD+ | treatment: FLT3i + IL3",31133925,"FLT3i + IL3","CD34+ primary AML cells",FALSE,"FLT3i + IL3","high"
"GSM7732692",1.83704593645231,"GSE241649","NCBI-counts",6,6,"RNA-seq_D1091-5_ITD-18_RASi_Rep1","cell type: CD34+ primary AML cells | genotype: FLT3-ITD+ | treatment: RASi",39118364,"RASi","CD34+ primary AML cells",FALSE,"RASi","high"
"GSM7732693",1.89895528624505,"GSE241649","NCBI-counts",6,6,"RNA-seq_D1091-6_ITD-18_RASi_IL3_Rep1","cell type: CD34+ primary AML cells | genotype: FLT3-ITD+ | treatment: RASi + IL3",42657535,"RASi + IL3","CD34+ primary AML cells",FALSE,"RASi + IL3","high"
"GSM7732694",1.80314583980561,"GSE241649","NCBI-counts",6,6,"RNA-seq_D1091-7_ITD-18_Untreated_Rep2","cell type: CD34+ primary AML cells | genotype: FLT3-ITD+ | treatment: Untreated",46675800,"Untreated","CD34+ primary AML cells",TRUE,"control","control"
"GSM7732695",1.90259336310309,"GSE241649","NCBI-counts",6,6,"RNA-seq_D1091-8_ITD-18_IL3_Rep2","cell type: CD34+ primary AML cells | genotype: FLT3-ITD+ | treatment: IL3",47352654,"IL3","CD34+ primary AML cells",FALSE,"IL3","high"
"GSM7732696",1.60150482567641,"GSE241649","NCBI-counts",6,6,"RNA-seq_D1091-9_ITD-18_FLT3i_Rep2","cell type: CD34+ primary AML cells | genotype: FLT3-ITD+ | treatment: FLT3i",24089712,"FLT3i","CD34+ primary AML cells",FALSE,"FLT3i","high"
"GSM7732699",1.30197682994897,"GSE241649","NCBI-counts",6,6,"RNA-seq_D929-1_MV411_Untreated_Rep1","cell line: M411 | genotype: FLT3-ITD+ | treatment: Untreated",17559364,"Untreated","M411",TRUE,"control","control"
"GSM7732700",1.18116660893801,"GSE241649","NCBI-counts",6,6,"RNA-seq_D929-2_MV411_Untreated_Rep2","cell line: M411 | genotype: FLT3-ITD+ | treatment: Untreated",16729951,"Untreated","M411",TRUE,"control","control"
"GSM7732701",1.07741966812917,"GSE241649","NCBI-counts",6,6,"RNA-seq_D929-3_MV411_FLT3i_Rep1","cell line: M411 | genotype: FLT3-ITD+ | treatment: FLT3i",16657444,"FLT3i","M411",FALSE,"FLT3i","high"
"GSM7732703",2.30140422210831,"GSE241649","NCBI-counts",6,6,"RNA-seq_ER232-1_ITD-16","cell type: CD34+ primary AML cells | genotype: FLT3-ITD+ | treatment: Untreated",24045989,"Untreated","CD34+ primary AML cells",TRUE,"control","control"
"GSM7732704",3.09127827484716,"GSE241649","NCBI-counts",6,6,"RNA-seq_ER232-2_ITD-16_FLT3i","cell type: CD34+ primary AML cells | genotype: FLT3-ITD+ | treatment: FLT3i",100957477,"FLT3i","CD34+ primary AML cells",FALSE,"FLT3i","high"
"GSM7732705",3.85567645913639,"GSE241649","NCBI-counts",6,6,"RNA-seq_SP230-1_ITD-15","cell type: CD34+ primary AML cells | genotype: FLT3-ITD+ | treatment: Untreated",21325866,"Untreated","CD34+ primary AML cells",TRUE,"control","control"
"GSM7732706",3.404271689305,"GSE241649","NCBI-counts",6,6,"RNA-seq_SP230-2_ITD-15_FLT3i","cell type: CD34+ primary AML cells | genotype: FLT3-ITD+ | treatment: FLT3i",10241313,"FLT3i","CD34+ primary AML cells",FALSE,"FLT3i","high"
"GSM7830890",2.02628191935339,"GSE244855","NCBI-counts",6,6,"MOLM13-RES_RNA_DMSO_rep1","cell line: MOLM13-RES | cell type: acute myeloid leukemia | treatment: DMSO",24477619,"DMSO","MOLM13-RES",TRUE,"control","control"
"GSM7830891",2.0140296543224,"GSE244855","NCBI-counts",6,6,"MOLM13-RES_RNA_DMSO_rep2","cell line: MOLM13-RES | cell type: acute myeloid leukemia | treatment: DMSO",26216654,"DMSO","MOLM13-RES",TRUE,"control","control"
"GSM7830892",2.03115741279997,"GSE244855","NCBI-counts",6,6,"MOLM13-RES_RNA_DMSO_rep3","cell line: MOLM13-RES | cell type: acute myeloid leukemia | treatment: DMSO",29681155,"DMSO","MOLM13-RES",TRUE,"control","control"
"GSM7830893",1.79021400288666,"GSE244855","NCBI-counts",6,6,"MOLM13-RES_RNA_GIL_rep1","cell line: MOLM13-RES | cell type: acute myeloid leukemia | treatment: Gilteritinib",22747081,"Gilteritinib","MOLM13-RES",FALSE,"Gilteritinib","high"
"GSM7830894",1.89122953803571,"GSE244855","NCBI-counts",6,6,"MOLM13-RES_RNA_GIL_rep2","cell line: MOLM13-RES | cell type: acute myeloid leukemia | treatment: Gilteritinib",20044587,"Gilteritinib","MOLM13-RES",FALSE,"Gilteritinib","high"
"GSM7830896",2.06809483411946,"GSE244855","NCBI-counts",6,6,"MOLM13-RES_RNA_MET_rep1","cell line: MOLM13-RES | cell type: acute myeloid leukemia | treatment: Metformin",29186719,"Metformin","MOLM13-RES",FALSE,"Metformin","high"
"GSM7830897",1.90965376443583,"GSE244855","NCBI-counts",6,6,"MOLM13-RES_RNA_MET_rep2","cell line: MOLM13-RES | cell type: acute myeloid leukemia | treatment: Metformin",24507523,"Metformin","MOLM13-RES",FALSE,"Metformin","high"
"GSM7830898",2.0850240629396,"GSE244855","NCBI-counts",6,6,"MOLM13-RES_RNA_MET_rep3","cell line: MOLM13-RES | cell type: acute myeloid leukemia | treatment: Metformin",29546483,"Metformin","MOLM13-RES",FALSE,"Metformin","high"
"GSM7830899",2.03035350500787,"GSE244855","NCBI-counts",6,6,"MOLM13-RES_RNA_GIL+MET_rep1","cell line: MOLM13-RES | cell type: acute myeloid leukemia | treatment: Gilteritinib+Metformin",24929234,"Gilteritinib+Metformin","MOLM13-RES",FALSE,"Gilteritinib+Metformin","high"
"GSM7830900",2.0321284556538,"GSE244855","NCBI-counts",6,6,"MOLM13-RES_RNA_GIL+MET_rep2","cell line: MOLM13-RES | cell type: acute myeloid leukemia | treatment: Gilteritinib+Metformin",26149093,"Gilteritinib+Metformin","MOLM13-RES",FALSE,"Gilteritinib+Metformin","high"
"GSM7830901",2.04773932712278,"GSE244855","NCBI-counts",6,6,"MOLM13-RES_RNA_GIL+MET_rep3","cell line: MOLM13-RES | cell type: acute myeloid leukemia | treatment: Gilteritinib+Metformin",23520468,"Gilteritinib+Metformin","MOLM13-RES",FALSE,"Gilteritinib+Metformin","high"
"GSM7840225",1.55475362212312,"GSE245284","NCBI-counts",6,6,"RS4;11 VEN sens 1","cell line: RS4;11 | cell type: acute lymphoblastic leukemia | treatment: DMSO treated",38507554,"DMSO treated","RS4;11",TRUE,"control","control"
"GSM7840226",1.56810736158667,"GSE245284","NCBI-counts",6,6,"RS4;11 VEN sens 2","cell line: RS4;11 | cell type: acute lymphoblastic leukemia | treatment: DMSO treated",32891495,"DMSO treated","RS4;11",TRUE,"control","control"
"GSM7840227",1.66585953285612,"GSE245284","NCBI-counts",6,6,"RS4;11 VEN sens 3","cell line: RS4;11 | cell type: acute lymphoblastic leukemia | treatment: DMSO treated",45261083,"DMSO treated","RS4;11",TRUE,"control","control"
"GSM7840228",1.62277610431664,"GSE245284","NCBI-counts",6,6,"RS4;11 VEN sens 4","cell line: RS4;11 | cell type: acute lymphoblastic leukemia | treatment: DMSO treated",37259767,"DMSO treated","RS4;11",TRUE,"control","control"
"GSM7840229",1.6221157292861,"GSE245284","NCBI-counts",6,6,"RS4;11 VEN sens 5","cell line: RS4;11 | cell type: acute lymphoblastic leukemia | treatment: DMSO treated",40128254,"DMSO treated","RS4;11",TRUE,"control","control"
"GSM7840230",1.41074935384193,"GSE245284","NCBI-counts",6,6,"RS4;11 VEN ins 1","cell line: RS4;11 | cell type: acute lymphoblastic leukemia | treatment: VEN treated",33656973,"VEN treated","RS4;11",FALSE,"VEN","high"
"GSM7840231",1.37370160619478,"GSE245284","NCBI-counts",6,6,"RS4;11 VEN ins 2","cell line: RS4;11 | cell type: acute lymphoblastic leukemia | treatment: VEN treated",39392690,"VEN treated","RS4;11",FALSE,"VEN","high"
"GSM7840232",1.63731752654965,"GSE245284","NCBI-counts",6,6,"RS4;11 VEN ins 3","cell line: RS4;11 | cell type: acute lymphoblastic leukemia | treatment: VEN treated",39614321,"VEN treated","RS4;11",FALSE,"VEN","high"
"GSM7840233",1.75003478752252,"GSE245284","NCBI-counts",6,6,"RS4;11 VEN ins 4","cell line: RS4;11 | cell type: acute lymphoblastic leukemia | treatment: VEN treated",40639612,"VEN treated","RS4;11",FALSE,"VEN","high"
"GSM7840234",1.49566741206559,"GSE245284","NCBI-counts",6,6,"RS4;11 VEN ins 5","cell line: RS4;11 | cell type: acute lymphoblastic leukemia | treatment: VEN treated",37875443,"VEN treated","RS4;11",FALSE,"VEN","high"
"GSM8062073",0.853006530082502,"GSE255002","NCBI-counts",6,6,"Donor.D932_Untransduced_CD4_1nM rapamycin_CD33+ MV4-11 AML target cells_24h","cell type: CD4+ T cells | transgene: Untransduced | donor: D932 | treatment: 1nM rapamycin | stimulation: CD33+ MV4-11 AML target cells | time: 24h",17354451,"1nM rapamycin","CD4+ T cells",FALSE,"rapamycin","high"
"GSM8062074",0.96675738826356,"GSE255002","NCBI-counts",6,6,"Donor.D932_Untransduced_CD4_media alone_CD33+ MV4-11 AML target cells_24h","cell type: CD4+ T cells | transgene: Untransduced | donor: D932 | treatment: media alone | stimulation: CD33+ MV4-11 AML target cells | time: 24h",10209473,"media alone","CD4+ T cells",FALSE,"media alone","high"
"GSM8062075",1.70377171230062,"GSE255002","NCBI-counts",6,6,"Donor.D2172_DARIC33_CD8_1nM rapamycin_CD33+ MV4-11 AML target cells_24h","cell type: CD8+ T cells | transgene: DARIC33 | donor: D2172 | treatment: 1nM rapamycin | stimulation: CD33+ MV4-11 AML target cells | time: 24h",9090153,"1nM rapamycin","CD8+ T cells",FALSE,"rapamycin","high"
"GSM8062076",1.2831478972465,"GSE255002","NCBI-counts",6,6,"Donor.D1173_Untransduced_CD8_media alone_Unstimulated_24h","cell type: CD8+ T cells | transgene: Untransduced | donor: D1173 | treatment: media alone | stimulation: Unstimulated | time: 24h",15567515,"media alone","CD8+ T cells",FALSE,"media alone","high"
"GSM8062077",1.00143278021456,"GSE255002","NCBI-counts",6,6,"Donor.D732_Untransduced_CD4_media alone_Unstimulated_24h","cell type: CD4+ T cells | transgene: Untransduced | donor: D732 | treatment: media alone | stimulation: Unstimulated | time: 24h",10256597,"media alone","CD4+ T cells",FALSE,"media alone","high"
"GSM8062079",1.08077219993566,"GSE255002","NCBI-counts",6,6,"Donor.D732_Untransduced_CD8_media alone_CD33+ MV4-11 AML target cells_24h","cell type: CD8+ T cells | transgene: Untransduced | donor: D732 | treatment: media alone | stimulation: CD33+ MV4-11 AML target cells | time: 24h",16631330,"media alone","CD8+ T cells",FALSE,"media alone","high"
"GSM8062080",1.21687480925971,"GSE255002","NCBI-counts",6,6,"Donor.D732_DARIC33_CD4_1nM rapamycin_Unstimulated_24h","cell type: CD4+ T cells | transgene: DARIC33 | donor: D732 | treatment: 1nM rapamycin | stimulation: Unstimulated | time: 24h",8733406,"1nM rapamycin","CD4+ T cells",FALSE,"rapamycin","high"
"GSM8062081",1.06196536564802,"GSE255002","NCBI-counts",6,6,"Donor.D2172_DARIC33_CD4_media alone_Unstimulated_24h","cell type: CD4+ T cells | transgene: DARIC33 | donor: D2172 | treatment: media alone | stimulation: Unstimulated | time: 24h",15878851,"media alone","CD4+ T cells",FALSE,"media alone","high"
"GSM8062082",1.17041677252637,"GSE255002","NCBI-counts",6,6,"Donor.D2172_Untransduced_CD4_media alone_Unstimulated_24h","cell type: CD4+ T cells | transgene: Untransduced | donor: D2172 | treatment: media alone | stimulation: Unstimulated | time: 24h",7724911,"media alone","CD4+ T cells",FALSE,"media alone","high"
"GSM8062083",1.29002927693766,"GSE255002","NCBI-counts",6,6,"Donor.D1173_DARIC33_CD8_media alone_Unstimulated_24h","cell type: CD8+ T cells | transgene: DARIC33 | donor: D1173 | treatment: media alone | stimulation: Unstimulated | time: 24h",17478553,"media alone","CD8+ T cells",FALSE,"media alone","high"
"GSM8062084",1.3297094417677,"GSE255002","NCBI-counts",6,6,"Donor.D2172_Untransduced_CD4_1nM rapamycin_Unstimulated_24h","cell type: CD4+ T cells | transgene: Untransduced | donor: D2172 | treatment: 1nM rapamycin | stimulation: Unstimulated | time: 24h",8635404,"1nM rapamycin","CD4+ T cells",FALSE,"rapamycin","high"
"GSM8062085",1.37966024430827,"GSE255002","NCBI-counts",6,6,"Donor.D2172_DARIC33_CD8_1nM rapamycin_Unstimulated_24h","cell type: CD8+ T cells | transgene: DARIC33 | donor: D2172 | treatment: 1nM rapamycin | stimulation: Unstimulated | time: 24h",9392485,"1nM rapamycin","CD8+ T cells",FALSE,"rapamycin","high"
"GSM8062086",1.1321943613357,"GSE255002","NCBI-counts",6,6,"Donor.D932_Untransduced_CD8_1nM rapamycin_Unstimulated_24h","cell type: CD8+ T cells | transgene: Untransduced | donor: D932 | treatment: 1nM rapamycin | stimulation: Unstimulated | time: 24h",16348452,"1nM rapamycin","CD8+ T cells",FALSE,"rapamycin","high"
"GSM8062087",1.35081398325975,"GSE255002","NCBI-counts",6,6,"Donor.D2172_Untransduced_CD8_media alone_Unstimulated_24h","cell type: CD8+ T cells | transgene: Untransduced | donor: D2172 | treatment: media alone | stimulation: Unstimulated | time: 24h",14716801,"media alone","CD8+ T cells",FALSE,"media alone","high"
"GSM8062088",1.19424453294528,"GSE255002","NCBI-counts",6,6,"Donor.D932_DARIC33_CD4_media alone_Unstimulated_24h","cell type: CD4+ T cells | transgene: DARIC33 | donor: D932 | treatment: media alone | stimulation: Unstimulated | time: 24h",18222620,"media alone","CD4+ T cells",FALSE,"media alone","high"
"GSM8062089",1.1378017942284,"GSE255002","NCBI-counts",6,6,"Donor.D732_Untransduced_CD4_1nM rapamycin_CD33+ MV4-11 AML target cells_24h","cell type: CD4+ T cells | transgene: Untransduced | donor: D732 | treatment: 1nM rapamycin | stimulation: CD33+ MV4-11 AML target cells | time: 24h",7787738,"1nM rapamycin","CD4+ T cells",FALSE,"rapamycin","high"
"GSM8062090",1.25856216212563,"GSE255002","NCBI-counts",6,6,"Donor.D1173_DARIC33_CD4_media alone_Unstimulated_24h","cell type: CD4+ T cells | transgene: DARIC33 | donor: D1173 | treatment: media alone | stimulation: Unstimulated | time: 24h",14625266,"media alone","CD4+ T cells",FALSE,"media alone","high"
"GSM8062091",1.31189296259286,"GSE255002","NCBI-counts",6,6,"Donor.D1173_Untransduced_CD8_1nM rapamycin_CD33+ MV4-11 AML target cells_24h","cell type: CD8+ T cells | transgene: Untransduced | donor: D1173 | treatment: 1nM rapamycin | stimulation: CD33+ MV4-11 AML target cells | time: 24h",18058086,"1nM rapamycin","CD8+ T cells",FALSE,"rapamycin","high"
"GSM8062092",0.691669988360305,"GSE255002","NCBI-counts",6,6,"Donor.D1173_DARIC33_CD4_1nM rapamycin_CD33+ MV4-11 AML target cells_168h","cell type: CD4+ T cells | transgene: DARIC33 | donor: D1173 | treatment: 1nM rapamycin | stimulation: CD33+ MV4-11 AML target cells | time: 168h",5569954,"1nM rapamycin","CD4+ T cells",FALSE,"rapamycin","high"
"GSM8062093",1.04708150206073,"GSE255002","NCBI-counts",6,6,"Donor.D932_Untransduced_CD8_1nM rapamycin_CD33+ MV4-11 AML target cells_24h","cell type: CD8+ T cells | transgene: Untransduced | donor: D932 | treatment: 1nM rapamycin | stimulation: CD33+ MV4-11 AML target cells | time: 24h",9055854,"1nM rapamycin","CD8+ T cells",FALSE,"rapamycin","high"
"GSM8062094",1.0173258567271,"GSE255002","NCBI-counts",6,6,"Donor.D2172_DARIC33_CD4_media alone_CD33+ MV4-11 AML target cells_24h","cell type: CD4+ T cells | transgene: DARIC33 | donor: D2172 | treatment: media alone | stimulation: CD33+ MV4-11 AML target cells | time: 24h",14641495,"media alone","CD4+ T cells",FALSE,"media alone","high"
"GSM8062095",1.03952436822338,"GSE255002","NCBI-counts",6,6,"Donor.D2172_DARIC33_CD8_media alone_Unstimulated_24h","cell type: CD8+ T cells | transgene: DARIC33 | donor: D2172 | treatment: media alone | stimulation: Unstimulated | time: 24h",14714578,"media alone","CD8+ T cells",FALSE,"media alone","high"
"GSM8062096",0.796613754672993,"GSE255002","NCBI-counts",6,6,"Donor.D1173_Untransduced_CD4_1nM rapamycin_Unstimulated_24h","cell type: CD4+ T cells | transgene: Untransduced | donor: D1173 | treatment: 1nM rapamycin | stimulation: Unstimulated | time: 24h",14589580,"1nM rapamycin","CD4+ T cells",FALSE,"rapamycin","high"
"GSM8062097",0.543069367087715,"GSE255002","NCBI-counts",6,6,"Donor.D932_DARIC33_CD8_1nM rapamycin_CD33+ MV4-11 AML target cells_168h","cell type: CD8+ T cells | transgene: DARIC33 | donor: D932 | treatment: 1nM rapamycin | stimulation: CD33+ MV4-11 AML target cells | time: 168h",14868852,"1nM rapamycin","CD8+ T cells",FALSE,"rapamycin","high"
"GSM8062098",1.19547481520548,"GSE255002","NCBI-counts",6,6,"Donor.D2172_DARIC33_CD4_1nM rapamycin_Unstimulated_24h","cell type: CD4+ T cells | transgene: DARIC33 | donor: D2172 | treatment: 1nM rapamycin | stimulation: Unstimulated | time: 24h",7947576,"1nM rapamycin","CD4+ T cells",FALSE,"rapamycin","high"
"GSM8062099",1.30764550884409,"GSE255002","NCBI-counts",6,6,"Donor.D732_DARIC33_CD8_1nM rapamycin_Unstimulated_24h","cell type: CD8+ T cells | transgene: DARIC33 | donor: D732 | treatment: 1nM rapamycin | stimulation: Unstimulated | time: 24h",17156125,"1nM rapamycin","CD8+ T cells",FALSE,"rapamycin","high"
"GSM8062100",1.10567041051387,"GSE255002","NCBI-counts",6,6,"Donor.D932_Untransduced_CD8_media alone_CD33+ MV4-11 AML target cells_24h","cell type: CD8+ T cells | transgene: Untransduced | donor: D932 | treatment: media alone | stimulation: CD33+ MV4-11 AML target cells | time: 24h",8751120,"media alone","CD8+ T cells",FALSE,"media alone","high"
"GSM8062101",1.18484776055905,"GSE255002","NCBI-counts",6,6,"Donor.D932_Untransduced_CD8_media alone_Unstimulated_24h","cell type: CD8+ T cells | transgene: Untransduced | donor: D932 | treatment: media alone | stimulation: Unstimulated | time: 24h",7998513,"media alone","CD8+ T cells",FALSE,"media alone","high"
"GSM8062102",1.11090540352867,"GSE255002","NCBI-counts",6,6,"Donor.D2172_DARIC33_CD4_1nM rapamycin_CD33+ MV4-11 AML target cells_168h","cell type: CD4+ T cells | transgene: DARIC33 | donor: D2172 | treatment: 1nM rapamycin | stimulation: CD33+ MV4-11 AML target cells | time: 168h",15813629,"1nM rapamycin","CD4+ T cells",FALSE,"rapamycin","high"
"GSM8062103",0.805395143186043,"GSE255002","NCBI-counts",6,6,"Donor.D1173_DARIC33_CD8_1nM rapamycin_CD33+ MV4-11 AML target cells_168h","cell type: CD8+ T cells | transgene: DARIC33 | donor: D1173 | treatment: 1nM rapamycin | stimulation: CD33+ MV4-11 AML target cells | time: 168h",6891783,"1nM rapamycin","CD8+ T cells",FALSE,"rapamycin","high"
"GSM8062104",0.935012423659811,"GSE255002","NCBI-counts",6,6,"Donor.D1173_Untransduced_CD4_1nM rapamycin_CD33+ MV4-11 AML target cells_24h","cell type: CD4+ T cells | transgene: Untransduced | donor: D1173 | treatment: 1nM rapamycin | stimulation: CD33+ MV4-11 AML target cells | time: 24h",16377629,"1nM rapamycin","CD4+ T cells",FALSE,"rapamycin","high"
"GSM8062107",1.21558711178554,"GSE255002","NCBI-counts",6,6,"Donor.D732_DARIC33_CD8_media alone_Unstimulated_24h","cell type: CD8+ T cells | transgene: DARIC33 | donor: D732 | treatment: media alone | stimulation: Unstimulated | time: 24h",13891904,"media alone","CD8+ T cells",FALSE,"media alone","high"
"GSM8062108",1.08163488260654,"GSE255002","NCBI-counts",6,6,"Donor.D2172_DARIC33_CD8_1nM rapamycin_CD33+ MV4-11 AML target cells_168h","cell type: CD8+ T cells | transgene: DARIC33 | donor: D2172 | treatment: 1nM rapamycin | stimulation: CD33+ MV4-11 AML target cells | time: 168h",12317423,"1nM rapamycin","CD8+ T cells",FALSE,"rapamycin","high"
"GSM8062109",0.84763339236903,"GSE255002","NCBI-counts",6,6,"Donor.D932_DARIC33_CD4_1nM rapamycin_CD33+ MV4-11 AML target cells_168h","cell type: CD4+ T cells | transgene: DARIC33 | donor: D932 | treatment: 1nM rapamycin | stimulation: CD33+ MV4-11 AML target cells | time: 168h",14153543,"1nM rapamycin","CD4+ T cells",FALSE,"rapamycin","high"
"GSM8062110",1.01895069759425,"GSE255002","NCBI-counts",6,6,"Donor.D732_DARIC33_CD4_media alone_Unstimulated_24h","cell type: CD4+ T cells | transgene: DARIC33 | donor: D732 | treatment: media alone | stimulation: Unstimulated | time: 24h",9580552,"media alone","CD4+ T cells",FALSE,"media alone","high"
"GSM8062112",0.91289739316047,"GSE255002","NCBI-counts",6,6,"Donor.D2172_DARIC33_CD8_media alone_CD33+ MV4-11 AML target cells_24h","cell type: CD8+ T cells | transgene: DARIC33 | donor: D2172 | treatment: media alone | stimulation: CD33+ MV4-11 AML target cells | time: 24h",9137416,"media alone","CD8+ T cells",FALSE,"media alone","high"
"GSM8062113",0.913701197123056,"GSE255002","NCBI-counts",6,6,"Donor.D932_Untransduced_CD4_1nM rapamycin_Unstimulated_24h","cell type: CD4+ T cells | transgene: Untransduced | donor: D932 | treatment: 1nM rapamycin | stimulation: Unstimulated | time: 24h",16116419,"1nM rapamycin","CD4+ T cells",FALSE,"rapamycin","high"
"GSM8062114",0.361622463069321,"GSE255002","NCBI-counts",6,6,"Donor.D932_Untransduced_CD4_media alone_Unstimulated_24h","cell type: CD4+ T cells | transgene: Untransduced | donor: D932 | treatment: media alone | stimulation: Unstimulated | time: 24h",11149777,"media alone","CD4+ T cells",FALSE,"media alone","high"
"GSM8062115",1.4946069144734,"GSE255002","NCBI-counts",6,6,"Donor.D2172_Untransduced_CD4_media alone_CD33+ MV4-11 AML target cells_24h","cell type: CD4+ T cells | transgene: Untransduced | donor: D2172 | treatment: media alone | stimulation: CD33+ MV4-11 AML target cells | time: 24h",15228227,"media alone","CD4+ T cells",FALSE,"media alone","high"
"GSM8062117",1.32210866850554,"GSE255002","NCBI-counts",6,6,"Donor.D732_DARIC33_CD8_media alone_CD33+ MV4-11 AML target cells_24h","cell type: CD8+ T cells | transgene: DARIC33 | donor: D732 | treatment: media alone | stimulation: CD33+ MV4-11 AML target cells | time: 24h",12035382,"media alone","CD8+ T cells",FALSE,"media alone","high"
"GSM8062119",1.1985081563266,"GSE255002","NCBI-counts",6,6,"Donor.D732_Untransduced_CD8_media alone_Unstimulated_24h","cell type: CD8+ T cells | transgene: Untransduced | donor: D732 | treatment: media alone | stimulation: Unstimulated | time: 24h",17298934,"media alone","CD8+ T cells",FALSE,"media alone","high"
"GSM8062120",1.06049063241614,"GSE255002","NCBI-counts",6,6,"Donor.D732_Untransduced_CD4_media alone_CD33+ MV4-11 AML target cells_24h","cell type: CD4+ T cells | transgene: Untransduced | donor: D732 | treatment: media alone | stimulation: CD33+ MV4-11 AML target cells | time: 24h",14999610,"media alone","CD4+ T cells",FALSE,"media alone","high"
"GSM8062121",1.49811901081207,"GSE255002","NCBI-counts",6,6,"Donor.D1173_DARIC33_CD8_1nM rapamycin_CD33+ MV4-11 AML target cells_24h","cell type: CD8+ T cells | transgene: DARIC33 | donor: D1173 | treatment: 1nM rapamycin | stimulation: CD33+ MV4-11 AML target cells | time: 24h",21361798,"1nM rapamycin","CD8+ T cells",FALSE,"rapamycin","high"
"GSM8062122",1.36005617673691,"GSE255002","NCBI-counts",6,6,"Donor.D2172_Untransduced_CD8_media alone_CD33+ MV4-11 AML target cells_24h","cell type: CD8+ T cells | transgene: Untransduced | donor: D2172 | treatment: media alone | stimulation: CD33+ MV4-11 AML target cells | time: 24h",9319688,"media alone","CD8+ T cells",FALSE,"media alone","high"
"GSM8062123",1.20991345307901,"GSE255002","NCBI-counts",6,6,"Donor.D1173_DARIC33_CD4_1nM rapamycin_Unstimulated_24h","cell type: CD4+ T cells | transgene: DARIC33 | donor: D1173 | treatment: 1nM rapamycin | stimulation: Unstimulated | time: 24h",7830706,"1nM rapamycin","CD4+ T cells",FALSE,"rapamycin","high"
"GSM8062124",1.06341311658888,"GSE255002","NCBI-counts",6,6,"Donor.D1173_Untransduced_CD4_media alone_CD33+ MV4-11 AML target cells_24h","cell type: CD4+ T cells | transgene: Untransduced | donor: D1173 | treatment: media alone | stimulation: CD33+ MV4-11 AML target cells | time: 24h",15470064,"media alone","CD4+ T cells",FALSE,"media alone","high"
"GSM8062125",1.28300812939644,"GSE255002","NCBI-counts",6,6,"Donor.D2172_Untransduced_CD4_1nM rapamycin_CD33+ MV4-11 AML target cells_24h","cell type: CD4+ T cells | transgene: Untransduced | donor: D2172 | treatment: 1nM rapamycin | stimulation: CD33+ MV4-11 AML target cells | time: 24h",14288768,"1nM rapamycin","CD4+ T cells",FALSE,"rapamycin","high"
"GSM8062126",1.28288345029359,"GSE255002","NCBI-counts",6,6,"Donor.D932_DARIC33_CD4_1nM rapamycin_CD33+ MV4-11 AML target cells_24h","cell type: CD4+ T cells | transgene: DARIC33 | donor: D932 | treatment: 1nM rapamycin | stimulation: CD33+ MV4-11 AML target cells | time: 24h",9005623,"1nM rapamycin","CD4+ T cells",FALSE,"rapamycin","high"
"GSM8062127",1.26673330555263,"GSE255002","NCBI-counts",6,6,"Donor.D1173_DARIC33_CD8_media alone_CD33+ MV4-11 AML target cells_24h","cell type: CD8+ T cells | transgene: DARIC33 | donor: D1173 | treatment: media alone | stimulation: CD33+ MV4-11 AML target cells | time: 24h",9005728,"media alone","CD8+ T cells",FALSE,"media alone","high"
"GSM8062128",1.34488773743345,"GSE255002","NCBI-counts",6,6,"Donor.D2172_Untransduced_CD8_1nM rapamycin_CD33+ MV4-11 AML target cells_24h","cell type: CD8+ T cells | transgene: Untransduced | donor: D2172 | treatment: 1nM rapamycin | stimulation: CD33+ MV4-11 AML target cells | time: 24h",18407723,"1nM rapamycin","CD8+ T cells",FALSE,"rapamycin","high"
"GSM8062129",1.2951875657342,"GSE255002","NCBI-counts",6,6,"Donor.D932_DARIC33_CD8_1nM rapamycin_CD33+ MV4-11 AML target cells_24h","cell type: CD8+ T cells | transgene: DARIC33 | donor: D932 | treatment: 1nM rapamycin | stimulation: CD33+ MV4-11 AML target cells | time: 24h",8727866,"1nM rapamycin","CD8+ T cells",FALSE,"rapamycin","high"
"GSM8062131",1.03222140503505,"GSE255002","NCBI-counts",6,6,"Donor.D1173_DARIC33_CD4_media alone_CD33+ MV4-11 AML target cells_24h","cell type: CD4+ T cells | transgene: DARIC33 | donor: D1173 | treatment: media alone | stimulation: CD33+ MV4-11 AML target cells | time: 24h",15792015,"media alone","CD4+ T cells",FALSE,"media alone","high"
"GSM8062132",1.31773027757871,"GSE255002","NCBI-counts",6,6,"Donor.D732_DARIC33_CD4_1nM rapamycin_CD33+ MV4-11 AML target cells_24h","cell type: CD4+ T cells | transgene: DARIC33 | donor: D732 | treatment: 1nM rapamycin | stimulation: CD33+ MV4-11 AML target cells | time: 24h",19703443,"1nM rapamycin","CD4+ T cells",FALSE,"rapamycin","high"
"GSM8062133",1.24778607885019,"GSE255002","NCBI-counts",6,6,"Donor.D932_DARIC33_CD8_media alone_CD33+ MV4-11 AML target cells_24h","cell type: CD8+ T cells | transgene: DARIC33 | donor: D932 | treatment: media alone | stimulation: CD33+ MV4-11 AML target cells | time: 24h",17071055,"media alone","CD8+ T cells",FALSE,"media alone","high"
"GSM8062134",1.35474520935975,"GSE255002","NCBI-counts",6,6,"Donor.D732_Untransduced_CD8_1nM rapamycin_Unstimulated_24h","cell type: CD8+ T cells | transgene: Untransduced | donor: D732 | treatment: 1nM rapamycin | stimulation: Unstimulated | time: 24h",7355743,"1nM rapamycin","CD8+ T cells",FALSE,"rapamycin","high"
"GSM8062135",1.27211613157456,"GSE255002","NCBI-counts",6,6,"Donor.D1173_Untransduced_CD8_1nM rapamycin_Unstimulated_24h","cell type: CD8+ T cells | transgene: Untransduced | donor: D1173 | treatment: 1nM rapamycin | stimulation: Unstimulated | time: 24h",18938969,"1nM rapamycin","CD8+ T cells",FALSE,"rapamycin","high"
"GSM8062136",1.31027077213416,"GSE255002","NCBI-counts",6,6,"Donor.D732_Untransduced_CD8_1nM rapamycin_CD33+ MV4-11 AML target cells_24h","cell type: CD8+ T cells | transgene: Untransduced | donor: D732 | treatment: 1nM rapamycin | stimulation: CD33+ MV4-11 AML target cells | time: 24h",15427183,"1nM rapamycin","CD8+ T cells",FALSE,"rapamycin","high"
"GSM8062137",1.15031014366492,"GSE255002","NCBI-counts",6,6,"Donor.D732_Untransduced_CD4_1nM rapamycin_Unstimulated_24h","cell type: CD4+ T cells | transgene: Untransduced | donor: D732 | treatment: 1nM rapamycin | stimulation: Unstimulated | time: 24h",7419869,"1nM rapamycin","CD4+ T cells",FALSE,"rapamycin","high"
"GSM8062138",0.94863083695027,"GSE255002","NCBI-counts",6,6,"Donor.D1173_Untransduced_CD4_media alone_Unstimulated_24h","cell type: CD4+ T cells | transgene: Untransduced | donor: D1173 | treatment: media alone | stimulation: Unstimulated | time: 24h",9362074,"media alone","CD4+ T cells",FALSE,"media alone","high"
"GSM8062139",1.02511348574191,"GSE255002","NCBI-counts",6,6,"Donor.D732_DARIC33_CD4_media alone_CD33+ MV4-11 AML target cells_24h","cell type: CD4+ T cells | transgene: DARIC33 | donor: D732 | treatment: media alone | stimulation: CD33+ MV4-11 AML target cells | time: 24h",7530001,"media alone","CD4+ T cells",FALSE,"media alone","high"
"GSM8062140",1.42884931331388,"GSE255002","NCBI-counts",6,6,"Donor.D1173_DARIC33_CD4_1nM rapamycin_CD33+ MV4-11 AML target cells_24h","cell type: CD4+ T cells | transgene: DARIC33 | donor: D1173 | treatment: 1nM rapamycin | stimulation: CD33+ MV4-11 AML target cells | time: 24h",16958426,"1nM rapamycin","CD4+ T cells",FALSE,"rapamycin","high"
"GSM8062141",1.39408115577942,"GSE255002","NCBI-counts",6,6,"Donor.D1173_Untransduced_CD8_media alone_CD33+ MV4-11 AML target cells_24h","cell type: CD8+ T cells | transgene: Untransduced | donor: D1173 | treatment: media alone | stimulation: CD33+ MV4-11 AML target cells | time: 24h",15205866,"media alone","CD8+ T cells",FALSE,"media alone","high"
"GSM8062142",1.52238476167305,"GSE255002","NCBI-counts",6,6,"Donor.D2172_DARIC33_CD4_1nM rapamycin_CD33+ MV4-11 AML target cells_24h","cell type: CD4+ T cells | transgene: DARIC33 | donor: D2172 | treatment: 1nM rapamycin | stimulation: CD33+ MV4-11 AML target cells | time: 24h",10465698,"1nM rapamycin","CD4+ T cells",FALSE,"rapamycin","high"
"GSM8123808",2.01928269734509,"GSE260759","NCBI-counts",6,6,"MOLM14_DMSO_1","tissue: hematopoietic | cell line: MOLM14 | cell type: AML | treatment: DMSO-treated",65272574,"DMSO-treated","MOLM14",TRUE,"control","control"
"GSM8123810",2.0319005875155,"GSE260759","NCBI-counts",6,6,"MOLM14_DMSO_3","tissue: hematopoietic | cell line: MOLM14 | cell type: AML | treatment: DMSO-treated",86970788,"DMSO-treated","MOLM14",TRUE,"control","control"
"GSM8123812",1.98065659496802,"GSE260759","NCBI-counts",6,6,"MOLM14_AZ2_1","tissue: hematopoietic | cell line: MOLM14 | cell type: AML | treatment: AZ2-treated",57888477,"AZ2-treated","MOLM14",FALSE,"AZ2-","high"
"GSM8123813",1.97579547071678,"GSE260759","NCBI-counts",6,6,"MOLM14_AZ2_2","tissue: hematopoietic | cell line: MOLM14 | cell type: AML | treatment: AZ2-treated",54201753,"AZ2-treated","MOLM14",FALSE,"AZ2-","high"
"GSM8123814",2.00124652569954,"GSE260759","NCBI-counts",6,6,"MOLM14_AZ2_3","tissue: hematopoietic | cell line: MOLM14 | cell type: AML | treatment: AZ2-treated",54474779,"AZ2-treated","MOLM14",FALSE,"AZ2-","high"
"GSM8123815",2.02495877996459,"GSE260759","NCBI-counts",6,6,"MOLM14_AZ2_4","tissue: hematopoietic | cell line: MOLM14 | cell type: AML | treatment: AZ2-treated",56784314,"AZ2-treated","MOLM14",FALSE,"AZ2-","high"
"GSM8123816",2.14435518232876,"GSE260759","NCBI-counts",6,6,"MOLM14_ARM_1","tissue: hematopoietic | cell line: MOLM14 | cell type: AML | treatment: ARM165-treated",65917387,"ARM165-treated","MOLM14",FALSE,"ARM165-","high"
"GSM8123818",2.14116963888517,"GSE260759","NCBI-counts",6,6,"MOLM14_ARM_3","tissue: hematopoietic | cell line: MOLM14 | cell type: AML | treatment: ARM165-treated",80787371,"ARM165-treated","MOLM14",FALSE,"ARM165-","high"
"GSM8123819",2.11676691494989,"GSE260759","NCBI-counts",6,6,"MOLM14_ARM_4","tissue: hematopoietic | cell line: MOLM14 | cell type: AML | treatment: ARM165-treated",61916408,"ARM165-treated","MOLM14",FALSE,"ARM165-","high"
"GSM8123822",1.66988629968405,"GSE260759","NCBI-counts",6,6,"OCIAML2_DMSO_3","tissue: hematopoietic | cell line: OCI-AML2 | cell type: AML | treatment: DMSO-treated",67032600,"DMSO-treated","OCI-AML2",TRUE,"control","control"
"GSM8123823",1.62876648684521,"GSE260759","NCBI-counts",6,6,"OCIAML2_DMSO_4","tissue: hematopoietic | cell line: OCI-AML2 | cell type: AML | treatment: DMSO-treated",53448830,"DMSO-treated","OCI-AML2",TRUE,"control","control"
"GSM8123830",1.65883007757554,"GSE260759","NCBI-counts",6,6,"OCIAML2_ARM_3","tissue: hematopoietic | cell line: OCI-AML2 | cell type: AML | treatment: ARM165-treated",61726218,"ARM165-treated","OCI-AML2",FALSE,"ARM165-","high"
"GSM8123831",1.6498621285963,"GSE260759","NCBI-counts",6,6,"OCIAML2_ARM_4","tissue: hematopoietic | cell line: OCI-AML2 | cell type: AML | treatment: ARM165-treated",61040554,"ARM165-treated","OCI-AML2",FALSE,"ARM165-","high"
"GSM8281089",3.31531426339795,"GSE267885","NCBI-counts",6,6,"KG1a_ctrl-1","cell line: KG1a | cell type: acute myeloid leukemia | treatment: vehicle control",29736762,"vehicle control","KG1a",TRUE,"control","control"
"GSM8281090",3.31533453876719,"GSE267885","NCBI-counts",6,6,"KG1a_ctrl-2","cell line: KG1a | cell type: acute myeloid leukemia | treatment: vehicle control",31593208,"vehicle control","KG1a",TRUE,"control","control"
"GSM8281091",3.32506945695902,"GSE267885","NCBI-counts",6,6,"KG1a_TAK-1","cell line: KG1a | cell type: acute myeloid leukemia | treatment: TAK-981",30384862,"TAK-981","KG1a",FALSE,"TAK-981","high"
"GSM8281092",3.38891502650158,"GSE267885","NCBI-counts",6,6,"KG1a_TAK-2","cell line: KG1a | cell type: acute myeloid leukemia | treatment: TAK-981",23265464,"TAK-981","KG1a",FALSE,"TAK-981","high"
"GSM8281093",2.99729598135062,"GSE267885","NCBI-counts",6,6,"KG1a_VEN-1","cell line: KG1a | cell type: acute myeloid leukemia | treatment: venetoclax",24967924,"venetoclax","KG1a",FALSE,"venetoclax","high"
"GSM8281094",3.23232380308971,"GSE267885","NCBI-counts",6,6,"KG1a_VEN-2","cell line: KG1a | cell type: acute myeloid leukemia | treatment: venetoclax",36568271,"venetoclax","KG1a",FALSE,"venetoclax","high"
"GSM8281095",3.20763633024243,"GSE267885","NCBI-counts",6,6,"KG1a_T-Plus-V-1","cell line: KG1a | cell type: acute myeloid leukemia | treatment: TAK-981 + venetoclax",31194669,"TAK-981 + venetoclax","KG1a",FALSE,"TAK-981 + venetoclax","high"
"GSM8281096",3.16201218350893,"GSE267885","NCBI-counts",6,6,"KG1a_T-Plus-V-2","cell line: KG1a | cell type: acute myeloid leukemia | treatment: TAK-981 + venetoclax",21171418,"TAK-981 + venetoclax","KG1a",FALSE,"TAK-981 + venetoclax","high"
"GSM8339821",0.826339706315207,"GSE270338","NCBI-counts",6,6,"Ctrl","cell line: THP-1 | cell type: THP-1 is a monocyte isolated from peripheral blood from an acute monocytic leukemia patient. | genotype: wild type | treatment: untreated",20331089,"untreated","THP-1",TRUE,"control","control"
"GSM8339822",0.925137925980923,"GSE270338","NCBI-counts",6,6,"Ara-C","cell line: THP-1 | cell type: THP-1 is a monocyte isolated from peripheral blood from an acute monocytic leukemia patient. | genotype: wild type | treatment: cytarabine (20 uM) for 4 days",19707206,"cytarabine (20 uM) for 4 days","THP-1",FALSE,"cytarabine","high"
"GSM8339824",0.636790293075086,"GSE270338","NCBI-counts",6,6,"FL-Fc","cell line: THP-1 | cell type: THP-1 is a monocyte isolated from peripheral blood from an acute monocytic leukemia patient. | genotype: wild type | treatment: treated by cytarabine (20 uM) for 3 days, and then treated with FL-Fc (5 nM) for 1 day in the absence of cytarabine",23967571,"treated by cytarabine (20 uM) for 3 days, and then treated with FL-Fc (5 nM) for 1 day in the absence of cytarabine","THP-1",FALSE,"by cytarabine , and then FL-Fc in absence cytarabine","low"
"GSM8369857",0.999016246305524,"GSE271106","NCBI-counts",6,6,"U937 cells, Lue, Rep 1","cell line: U937 | cell type: acute myeloid leukemia cells | genotype: WT | treatment: 50uM Luteoloside",21841773,"50uM Luteoloside","U937",FALSE,"Luteoloside","high"
"GSM8369858",1.07914722406812,"GSE271106","NCBI-counts",6,6,"U937 cells, Lue, Rep 2","cell line: U937 | cell type: acute myeloid leukemia cells | genotype: WT | treatment: 50uM Luteoloside",20812763,"50uM Luteoloside","U937",FALSE,"Luteoloside","high"
"GSM8369859",1.03132434427033,"GSE271106","NCBI-counts",6,6,"U937 cells, Lue, Rep 3","cell line: U937 | cell type: acute myeloid leukemia cells | genotype: WT | treatment: 50uM Luteoloside",20170912,"50uM Luteoloside","U937",FALSE,"Luteoloside","high"
"GSM8369860",1.26353877949139,"GSE271106","NCBI-counts",6,6,"U937 cells, Control, Rep 1","cell line: U937 | cell type: acute myeloid leukemia cells | genotype: WT | treatment: 0.1% DMSO",23530498,"0.1% DMSO","U937",TRUE,"control","control"
"GSM8369861",1.21248166864084,"GSE271106","NCBI-counts",6,6,"U937 cells, Control, Rep 2","cell line: U937 | cell type: acute myeloid leukemia cells | genotype: WT | treatment: 0.1% DMSO",23596167,"0.1% DMSO","U937",TRUE,"control","control"
"GSM8369862",1.24796585406647,"GSE271106","NCBI-counts",6,6,"U937 cells, Control, Rep 3","cell line: U937 | cell type: acute myeloid leukemia cells | genotype: WT | treatment: 0.1% DMSO",26330860,"0.1% DMSO","U937",TRUE,"control","control"
